model,actual,predicted,residual,absolute_error
Linear Regression,0.477000,0.719123,-0.242123,0.242123
Linear Regression,0.458000,1.764017,-1.306017,1.306017
Linear Regression,5.000010,2.709659,2.290351,2.290351
Linear Regression,2.186000,2.838926,-0.652926,0.652926
Linear Regression,2.780000,2.604657,0.175343,0.175343
Linear Regression,1.587000,2.011754,-0.424754,0.424754
Linear Regression,1.982000,2.645500,-0.663500,0.663500
Linear Regression,1.575000,2.168755,-0.593755,0.593755
Linear Regression,3.400000,2.740746,0.659254,0.659254
Linear Regression,4.466000,3.915615,0.550385,0.550385
Linear Regression,1.232000,0.938962,0.293038,0.293038
Linear Regression,2.539000,1.901222,0.637778,0.637778
Linear Regression,2.151000,1.758712,0.392288,0.392288
Linear Regression,2.205000,2.250160,-0.045160,0.045160
Linear Regression,2.198000,2.540870,-0.342870,0.342870
Linear Regression,1.362000,1.917405,-0.555405,0.555405
Linear Regression,1.784000,2.386483,-0.602483,0.602483
Linear Regression,1.875000,2.010930,-0.135930,0.135930
Linear Regression,1.398000,2.227409,-0.829409,0.829409
Linear Regression,1.375000,1.118532,0.256468,0.256468
Linear Regression,4.250000,2.933131,1.316869,1.316869
Linear Regression,4.056000,2.660936,1.395064,1.395064
Linear Regression,1.388000,1.877669,-0.489669,0.489669
Linear Regression,5.000010,3.351918,1.648092,1.648092
Linear Regression,1.621000,2.244642,-0.623642,0.623642
Linear Regression,0.514000,0.901437,-0.387437,0.387437
Linear Regression,1.513000,1.844996,-0.331996,0.331996
Linear Regression,0.948000,1.636950,-0.688950,0.688950
Linear Regression,2.041000,1.918892,0.122108,0.122108
Linear Regression,3.615000,3.254264,0.360736,0.360736
Linear Regression,0.851000,1.571691,-0.720691,0.720691
Linear Regression,1.384000,1.126822,0.257178,0.257178
Linear Regression,1.375000,2.057566,-0.682566,0.682566
Linear Regression,4.650000,3.688124,0.961876,0.961876
Linear Regression,2.718000,2.413548,0.304452,0.304452
Linear Regression,2.394000,2.553975,-0.159975,0.159975
Linear Regression,3.409000,2.797544,0.611456,0.611456
Linear Regression,1.504000,1.853905,-0.349905,0.349905
Linear Regression,1.281000,1.081587,0.199413,0.199413
Linear Regression,1.560000,1.852252,-0.292252,0.292252
Linear Regression,2.581000,3.098238,-0.517238,0.517238
Linear Regression,0.905000,1.424632,-0.519632,0.519632
Linear Regression,0.713000,1.044332,-0.331332,0.331332
Linear Regression,2.197000,2.060511,0.136489,0.136489
Linear Regression,1.510000,1.759745,-0.249745,0.249745
Linear Regression,2.901000,1.896265,1.004735,1.004735
Linear Regression,1.420000,2.016486,-0.596486,0.596486
Linear Regression,2.915000,1.844286,1.070714,1.070714
Linear Regression,2.554000,2.071148,0.482852,0.482852
Linear Regression,0.981000,1.442776,-0.461776,0.461776
Linear Regression,2.519000,2.403725,0.115275,0.115275
Linear Regression,1.621000,1.726610,-0.105610,0.105610
Linear Regression,1.294000,1.872512,-0.578512,0.578512
Linear Regression,0.894000,0.725636,0.168364,0.168364
Linear Regression,1.505000,1.878613,-0.373613,0.373613
Linear Regression,1.338000,2.088216,-0.750216,0.750216
Linear Regression,0.804000,0.846096,-0.042096,0.042096
Linear Regression,2.111000,2.462233,-0.351233,0.351233
Linear Regression,2.556000,2.494682,0.061318,0.061318
Linear Regression,2.145000,2.188954,-0.043954,0.043954
Linear Regression,5.000010,2.539225,2.460785,2.460785
Linear Regression,2.021000,1.876976,0.144024,0.144024
Linear Regression,0.815000,1.119012,-0.304012,0.304012
Linear Regression,0.988000,1.299781,-0.311781,0.311781
Linear Regression,2.819000,2.986375,-0.167375,0.167375
Linear Regression,1.846000,2.184579,-0.338579,0.338579
Linear Regression,2.547000,1.789093,0.757907,0.757907
Linear Regression,1.431000,1.942151,-0.511151,0.511151
Linear Regression,1.625000,1.566868,0.058132,0.058132
Linear Regression,1.426000,1.725607,-0.299607,0.299607
Linear Regression,0.859000,0.194664,0.664336,0.664336
Linear Regression,1.869000,2.693081,-0.824081,0.824081
Linear Regression,0.713000,1.240924,-0.527924,0.527924
Linear Regression,1.744000,1.953227,-0.209227,0.209227
Linear Regression,2.250000,2.193624,0.056376,0.056376
Linear Regression,1.465000,2.008220,-0.543220,0.543220
Linear Regression,4.050000,3.326979,0.723021,0.723021
Linear Regression,1.896000,2.080108,-0.184108,0.184108
Linear Regression,1.644000,2.408994,-0.764994,0.764994
Linear Regression,3.375000,1.838231,1.536769,1.536769
Linear Regression,0.725000,0.768445,-0.043445,0.043445
Linear Regression,1.438000,1.614095,-0.176095,0.176095
Linear Regression,1.600000,1.589964,0.010036,0.010036
Linear Regression,1.181000,1.372639,-0.191639,0.191639
Linear Regression,3.740000,3.449662,0.290338,0.290338
Linear Regression,2.027000,2.461817,-0.434817,0.434817
Linear Regression,0.966000,1.495431,-0.529431,0.529431
Linear Regression,0.658000,0.791358,-0.133358,0.133358
Linear Regression,1.674000,1.607784,0.066216,0.066216
Linear Regression,1.798000,1.936042,-0.138042,0.138042
Linear Regression,0.967000,1.884168,-0.917168,0.917168
Linear Regression,2.661000,2.412443,0.248557,0.248557
Linear Regression,0.911000,1.626190,-0.715190,0.715190
Linear Regression,0.498000,0.760651,-0.262651,0.262651
Linear Regression,0.907000,0.975041,-0.068041,0.068041
Linear Regression,1.158000,1.492405,-0.334405,0.334405
Linear Regression,2.786000,2.682587,0.103413,0.103413
Linear Regression,2.500000,1.662020,0.837980,0.837980
Linear Regression,0.850000,1.813387,-0.963387,0.963387
Linear Regression,1.770000,2.120443,-0.350443,0.350443
Linear Regression,0.997000,1.517770,-0.520770,0.520770
Linear Regression,3.576000,4.096001,-0.520001,0.520001
Linear Regression,4.750000,2.626518,2.123482,2.123482
Linear Regression,2.736000,3.030493,-0.294493,0.294493
Linear Regression,1.824000,2.213131,-0.389131,0.389131
Linear Regression,1.578000,1.859311,-0.281311,0.281311
Linear Regression,1.938000,1.642745,0.295255,0.295255
Linear Regression,3.336000,2.824612,0.511388,0.511388
Linear Regression,2.646000,2.361146,0.284854,0.284854
Linear Regression,0.584000,1.232034,-0.648034,0.648034
Linear Regression,1.734000,1.928992,-0.194992,0.194992
Linear Regression,2.148000,2.519147,-0.371147,0.371147
Linear Regression,2.000000,4.946137,-2.946137,2.946137
Linear Regression,4.228000,3.666852,0.561148,0.561148
Linear Regression,0.936000,1.463829,-0.527829,0.527829
Linear Regression,1.222000,2.059268,-0.837268,0.837268
Linear Regression,1.676000,2.115746,-0.439746,0.439746
Linear Regression,3.036000,2.314222,0.721778,0.721778
Linear Regression,2.693000,2.452446,0.240554,0.240554
Linear Regression,2.644000,2.307559,0.336441,0.336441
Linear Regression,1.910000,1.740761,0.169239,0.169239
Linear Regression,1.538000,2.210025,-0.672025,0.672025
Linear Regression,2.755000,2.980787,-0.225787,0.225787
Linear Regression,2.088000,1.588828,0.499172,0.499172
Linear Regression,1.423000,1.646761,-0.223761,0.223761
Linear Regression,0.635000,1.123468,-0.488468,0.488468
Linear Regression,0.958000,0.761671,0.196329,0.196329
Linear Regression,2.317000,1.937717,0.379283,0.379283
Linear Regression,2.215000,1.996891,0.218109,0.218109
Linear Regression,0.895000,1.472731,-0.577731,0.577731
Linear Regression,2.260000,2.712106,-0.452106,0.452106
Linear Regression,5.000010,6.801288,-1.801278,1.801278
Linear Regression,2.702000,2.864452,-0.162452,0.162452
Linear Regression,0.596000,1.183781,-0.587781,0.587781
Linear Regression,1.933000,2.031418,-0.098418,0.098418
Linear Regression,1.336000,1.291292,0.044708,0.044708
Linear Regression,1.619000,2.581582,-0.962582,0.962582
Linear Regression,3.575000,2.456254,1.118746,1.118746
Linear Regression,2.765000,2.266748,0.498252,0.498252
Linear Regression,4.107000,2.702791,1.404209,1.404209
Linear Regression,3.750000,1.654546,2.095454,2.095454
Linear Regression,1.352000,1.679927,-0.327927,0.327927
Linear Regression,1.672000,1.791749,-0.119749,0.119749
Linear Regression,2.520000,1.841414,0.678586,0.678586
Linear Regression,3.084000,3.829820,-0.745820,0.745820
Linear Regression,1.721000,1.598718,0.122282,0.122282
Linear Regression,5.000010,3.404946,1.595064,1.595064
Linear Regression,1.938000,1.724232,0.213768,0.213768
Linear Regression,1.052000,0.466085,0.585915,0.585915
Linear Regression,0.908000,1.181225,-0.273225,0.273225
Linear Regression,1.688000,1.509659,0.178341,0.178341
Linear Regression,1.621000,1.459984,0.161016,0.161016
Linear Regression,1.612000,2.260846,-0.648846,0.648846
Linear Regression,1.375000,1.649812,-0.274812,0.274812
Linear Regression,2.893000,2.506425,0.386575,0.386575
Linear Regression,2.787000,2.796986,-0.009986,0.009986
Linear Regression,1.617000,2.240745,-0.623745,0.623745
Linear Regression,2.310000,2.649066,-0.339066,0.339066
Linear Regression,0.875000,0.882085,-0.007085,0.007085
Linear Regression,0.957000,1.350843,-0.393843,0.393843
Linear Regression,2.406000,2.824917,-0.418917,0.418917
Linear Regression,2.141000,1.969088,0.171912,0.171912
Linear Regression,4.286000,3.676668,0.609332,0.609332
Linear Regression,1.250000,1.841567,-0.591567,0.591567
Linear Regression,0.764000,0.344467,0.419533,0.419533
Linear Regression,2.638000,3.217746,-0.579746,0.579746
Linear Regression,1.204000,2.035309,-0.831309,0.831309
Linear Regression,1.091000,1.130908,-0.039908,0.039908
Linear Regression,1.706000,1.839729,-0.133729,0.133729
Linear Regression,2.574000,2.880050,-0.306050,0.306050
Linear Regression,3.200000,2.911997,0.288003,0.288003
Linear Regression,2.896000,2.208643,0.687357,0.687357
Linear Regression,3.073000,2.735916,0.337084,0.337084
Linear Regression,3.255000,2.994953,0.260047,0.260047
Linear Regression,0.584000,0.380551,0.203449,0.203449
Linear Regression,0.485000,-0.591085,1.076085,1.076085
Linear Regression,2.167000,1.359769,0.807231,0.807231
Linear Regression,0.979000,1.407190,-0.428190,0.428190
Linear Regression,1.586000,1.457815,0.128185,0.128185
Linear Regression,0.690000,0.932125,-0.242125,0.242125
Linear Regression,3.223000,3.048582,0.174418,0.174418
Linear Regression,4.677000,3.416019,1.260981,1.260981
Linear Regression,1.630000,1.975349,-0.345349,0.345349
Linear Regression,2.871000,2.718639,0.152361,0.152361
Linear Regression,0.546000,0.579299,-0.033299,0.033299
Linear Regression,0.904000,1.176292,-0.272292,0.272292
Linear Regression,1.555000,1.783385,-0.228385,0.228385
Linear Regression,1.750000,1.712539,0.037461,0.037461
Linear Regression,4.112000,4.088092,0.023908,0.023908
Linear Regression,3.321000,2.095475,1.225525,1.225525
Linear Regression,1.412000,2.055090,-0.643090,0.643090
Linear Regression,2.471000,2.872825,-0.401825,0.401825
Linear Regression,1.530000,1.567281,-0.037281,0.037281
Linear Regression,1.550000,2.065398,-0.515398,0.515398
Linear Regression,3.908000,0.867806,3.040194,3.040194
Linear Regression,0.900000,1.013101,-0.113101,0.113101
Linear Regression,1.967000,2.296450,-0.329450,0.329450
Linear Regression,0.682000,0.982498,-0.300498,0.300498
Linear Regression,5.000010,5.096408,-0.096398,0.096398
Linear Regression,0.921000,1.726651,-0.805651,0.805651
Linear Regression,2.979000,2.393659,0.585341,0.585341
Linear Regression,5.000010,4.497723,0.502287,0.502287
Linear Regression,3.323000,2.818031,0.504969,0.504969
Linear Regression,1.711000,2.505267,-0.794267,0.794267
Linear Regression,1.521000,2.413947,-0.892947,0.892947
Linear Regression,2.320000,2.066801,0.253199,0.253199
Linear Regression,1.271000,0.493904,0.777096,0.777096
Linear Regression,0.875000,0.635275,0.239725,0.239725
Linear Regression,2.034000,2.393008,-0.359008,0.359008
Linear Regression,2.286000,2.022661,0.263339,0.263339
Linear Regression,1.167000,1.818391,-0.651391,0.651391
Linear Regression,4.167000,5.766562,-1.599562,1.599562
Linear Regression,2.276000,3.000338,-0.724338,0.724338
Linear Regression,2.679000,3.002910,-0.323910,0.323910
Linear Regression,0.972000,1.726480,-0.754480,0.754480
Linear Regression,1.375000,1.733656,-0.358656,0.358656
Linear Regression,1.988000,1.851771,0.136229,0.136229
Linear Regression,0.686000,0.786042,-0.100042,0.100042
Linear Regression,3.525000,2.451615,1.073385,1.073385
Linear Regression,1.038000,1.683780,-0.645780,0.645780
Linear Regression,1.078000,0.353582,0.724418,0.724418
Linear Regression,1.317000,1.499648,-0.182648,0.182648
Linear Regression,2.713000,2.792933,-0.079933,0.079933
Linear Regression,0.973000,1.829340,-0.856340,0.856340
Linear Regression,0.950000,1.689403,-0.739403,0.739403
Linear Regression,0.675000,1.233157,-0.558157,0.558157
Linear Regression,3.261000,2.604708,0.656292,0.656292
Linear Regression,0.656000,0.538977,0.117023,0.117023
Linear Regression,2.256000,2.396347,-0.140347,0.140347
Linear Regression,2.638000,2.399078,0.238922,0.238922
Linear Regression,3.483000,2.701812,0.781188,0.781188
Linear Regression,3.250000,2.204924,1.045076,1.045076
Linear Regression,1.088000,1.443144,-0.355144,0.355144
Linear Regression,4.000000,2.929137,1.070863,1.070863
Linear Regression,1.384000,0.737108,0.646892,0.646892
Linear Regression,0.610000,1.101861,-0.491861,0.491861
Linear Regression,4.531000,3.935193,0.595807,0.595807
Linear Regression,5.000010,4.514576,0.485434,0.485434
Linear Regression,1.202000,1.985835,-0.783835,0.783835
Linear Regression,3.292000,2.736364,0.555636,0.555636
Linear Regression,1.963000,2.149037,-0.186037,0.186037
Linear Regression,1.500000,1.433401,0.066599,0.066599
Linear Regression,1.520000,1.917052,-0.397052,0.397052
Linear Regression,1.699000,1.709571,-0.010571,0.010571
Linear Regression,1.375000,1.198131,0.176869,0.176869
Linear Regression,2.830000,2.463761,0.366239,0.366239
Linear Regression,4.045000,2.829250,1.215750,1.215750
Linear Regression,1.935000,2.483435,-0.548435,0.548435
Linear Regression,2.051000,2.663364,-0.612364,0.612364
Linear Regression,1.456000,1.555950,-0.099950,0.099950
Linear Regression,2.250000,1.050175,1.199825,1.199825
Linear Regression,2.159000,2.326858,-0.167858,0.167858
Linear Regression,1.585000,1.982802,-0.397802,0.397802
Linear Regression,1.247000,1.931182,-0.684182,0.684182
Linear Regression,0.654000,0.457099,0.196901,0.196901
Linear Regression,2.802000,2.668982,0.133018,0.133018
Linear Regression,1.805000,1.701230,0.103770,0.103770
Linear Regression,1.054000,1.608293,-0.554293,0.554293
Linear Regression,1.000000,1.175357,-0.175357,0.175357
Linear Regression,1.663000,1.591055,0.071945,0.071945
Linear Regression,1.580000,3.170831,-1.590831,1.590831
Linear Regression,2.438000,2.486682,-0.048682,0.048682
Linear Regression,3.629000,3.722184,-0.093184,0.093184
Linear Regression,2.019000,2.509635,-0.490635,0.490635
Linear Regression,0.526000,-0.688122,1.214122,1.214122
Linear Regression,5.000010,2.873334,2.126676,2.126676
Linear Regression,1.120000,1.687650,-0.567650,0.567650
Linear Regression,2.250000,2.181783,0.068217,0.068217
Linear Regression,4.399000,3.385570,1.013430,1.013430
Linear Regression,0.883000,1.226971,-0.343971,0.343971
Linear Regression,5.000010,7.016410,-2.016400,2.016400
Linear Regression,2.768000,2.186369,0.581631,0.581631
Linear Regression,1.792000,1.986984,-0.194984,0.194984
Linear Regression,1.997000,2.061254,-0.064254,0.064254
Linear Regression,1.320000,1.144571,0.175429,0.175429
Linear Regression,0.613000,1.427798,-0.814798,0.814798
Linear Regression,1.719000,2.518918,-0.799918,0.799918
Linear Regression,1.238000,1.154153,0.083847,0.083847
Linear Regression,1.353000,1.124874,0.228126,0.228126
Linear Regression,1.371000,2.112996,-0.741996,0.741996
Linear Regression,1.293000,1.914680,-0.621680,0.621680
Linear Regression,2.279000,2.354175,-0.075175,0.075175
Linear Regression,0.944000,1.176890,-0.232890,0.232890
Linear Regression,1.035000,1.949243,-0.914243,0.914243
Linear Regression,3.208000,2.129670,1.078330,1.078330
Linear Regression,1.250000,3.745454,-2.495454,2.495454
Linear Regression,3.324000,3.253020,0.070980,0.070980
Linear Regression,1.591000,1.931543,-0.340543,0.340543
Linear Regression,2.369000,3.303522,-0.934522,0.934522
Linear Regression,4.616000,4.097178,0.518822,0.518822
Linear Regression,1.569000,1.957304,-0.388304,0.388304
Linear Regression,1.482000,1.695533,-0.213533,0.213533
Linear Regression,1.665000,1.890244,-0.225244,0.225244
Linear Regression,1.969000,1.515871,0.453129,0.453129
Linear Regression,1.678000,1.922566,-0.244566,0.244566
Linear Regression,1.267000,0.964290,0.302710,0.302710
Linear Regression,5.000010,2.344460,2.655550,2.655550
Linear Regression,0.579000,0.488753,0.090247,0.090247
Linear Regression,2.380000,2.835234,-0.455234,0.455234
Linear Regression,1.420000,2.277866,-0.857866,0.857866
Linear Regression,0.869000,0.668658,0.200342,0.200342
Linear Regression,0.560000,0.713462,-0.153462,0.153462
Linear Regression,5.000010,3.699301,1.300709,1.300709
Linear Regression,1.124000,1.768115,-0.644115,0.644115
Linear Regression,0.636000,1.421088,-0.785088,0.785088
Linear Regression,4.313000,3.908543,0.404457,0.404457
Linear Regression,2.659000,1.723003,0.935997,0.935997
Linear Regression,0.580000,1.143254,-0.563254,0.563254
Linear Regression,1.941000,3.154155,-1.213155,1.213155
Linear Regression,1.428000,1.961895,-0.533895,0.533895
Linear Regression,1.787000,1.701599,0.085401,0.085401
Linear Regression,1.875000,1.289093,0.585907,0.585907
Linear Regression,2.250000,2.392650,-0.142650,0.142650
Linear Regression,3.130000,2.706847,0.423153,0.423153
Linear Regression,5.000010,6.523496,-1.523486,1.523486
Linear Regression,1.536000,2.048917,-0.512917,0.512917
Linear Regression,0.623000,1.034999,-0.411999,0.411999
Linear Regression,1.945000,1.479977,0.465023,0.465023
Linear Regression,1.639000,2.063963,-0.424963,0.424963
Linear Regression,3.988000,3.522229,0.465771,0.465771
Linear Regression,2.041000,2.801295,-0.760295,0.760295
Linear Regression,1.993000,2.836755,-0.843755,0.843755
Linear Regression,1.767000,1.622759,0.144241,0.144241
Linear Regression,5.000010,4.420789,0.579221,0.579221
Linear Regression,2.489000,2.517763,-0.028763,0.028763
Linear Regression,1.500000,1.831961,-0.331961,0.331961
Linear Regression,2.317000,2.036808,0.280192,0.280192
Linear Regression,0.580000,0.749149,-0.169149,0.169149
Linear Regression,1.260000,1.166155,0.093845,0.093845
Linear Regression,1.633000,1.867275,-0.234275,0.234275
Linear Regression,1.134000,1.373716,-0.239716,0.239716
Linear Regression,3.000000,2.638990,0.361010,0.361010
Linear Regression,3.109000,3.019795,0.089205,0.089205
Linear Regression,2.188000,2.160092,0.027908,0.027908
Linear Regression,0.704000,1.156601,-0.452601,0.452601
Linear Regression,2.377000,2.987598,-0.610598,0.610598
Linear Regression,1.188000,1.325030,-0.137030,0.137030
Linear Regression,0.731000,0.433494,0.297506,0.297506
Linear Regression,0.750000,0.930329,-0.180329,0.180329
Linear Regression,4.507000,3.974888,0.532112,0.532112
Linear Regression,2.402000,2.621862,-0.219862,0.219862
Linear Regression,0.658000,0.692194,-0.034194,0.034194
Linear Regression,0.647000,0.259470,0.387530,0.387530
Linear Regression,1.751000,2.472284,-0.721284,0.721284
Linear Regression,2.237000,2.121594,0.115406,0.115406
Linear Regression,0.963000,1.356960,-0.393960,0.393960
Linear Regression,4.051000,3.248031,0.802969,0.802969
Linear Regression,3.768000,3.093158,0.674842,0.674842
Linear Regression,5.000010,5.432127,-0.432117,0.432117
Linear Regression,3.500000,2.239412,1.260588,1.260588
Linear Regression,1.625000,1.416779,0.208221,0.208221
Linear Regression,1.773000,2.010515,-0.237515,0.237515
Linear Regression,0.984000,1.298747,-0.314747,0.314747
Linear Regression,1.388000,0.436208,0.951792,0.951792
Linear Regression,1.750000,2.530565,-0.780565,0.780565
Linear Regression,2.609000,2.205096,0.403904,0.403904
Linear Regression,1.047000,0.331433,0.715567,0.715567
Linear Regression,1.595000,2.320812,-0.725812,0.725812
Linear Regression,2.959000,2.819313,0.139687,0.139687
Linear Regression,1.375000,2.201793,-0.826793,0.826793
Linear Regression,5.000010,3.808952,1.191058,1.191058
Linear Regression,2.270000,2.568318,-0.298318,0.298318
Linear Regression,2.639000,2.016728,0.622272,0.622272
Linear Regression,1.604000,1.655584,-0.051584,0.051584
Linear Regression,1.420000,1.945903,-0.525903,0.525903
Linear Regression,1.625000,2.266759,-0.641759,0.641759
Linear Regression,2.304000,2.176778,0.127222,0.127222
Linear Regression,5.000010,3.863441,1.136569,1.136569
Linear Regression,2.177000,2.668588,-0.491588,0.491588
Linear Regression,1.830000,2.289963,-0.459963,0.459963
Linear Regression,2.458000,2.131143,0.326857,0.326857
Linear Regression,1.292000,1.365395,-0.073395,0.073395
Linear Regression,0.604000,0.510291,0.093709,0.093709
Linear Regression,0.675000,1.143826,-0.468826,0.468826
Linear Regression,2.952000,2.730460,0.221540,0.221540
Linear Regression,1.926000,2.653577,-0.727577,0.727577
Linear Regression,1.506000,2.141626,-0.635626,0.635626
Linear Regression,1.257000,1.876524,-0.619524,0.619524
Linear Regression,0.634000,0.897552,-0.263552,0.263552
Linear Regression,1.513000,1.400193,0.112807,0.112807
Linear Regression,2.456000,3.045128,-0.589128,0.589128
Linear Regression,5.000010,5.226940,-0.226930,0.226930
Linear Regression,1.655000,2.463393,-0.808393,0.808393
Linear Regression,1.135000,1.421955,-0.286955,0.286955
Linear Regression,3.222000,2.271233,0.950767,0.950767
Linear Regression,3.625000,2.273119,1.351881,1.351881
Linear Regression,0.696000,0.897429,-0.201429,0.201429
Linear Regression,1.561000,1.932604,-0.371604,0.371604
Linear Regression,0.875000,1.584137,-0.709137,0.709137
Linear Regression,1.931000,2.036113,-0.105113,0.105113
Linear Regression,2.180000,2.280490,-0.100490,0.100490
Linear Regression,1.018000,1.648784,-0.630784,0.630784
Linear Regression,1.291000,1.453219,-0.162219,0.162219
Linear Regression,1.563000,1.483825,0.079175,0.079175
Linear Regression,1.832000,2.325208,-0.493208,0.493208
Linear Regression,1.481000,1.813549,-0.332549,0.332549
Linear Regression,5.000010,6.913557,-1.913547,1.913547
Linear Regression,2.221000,2.895971,-0.674971,0.674971
Linear Regression,1.676000,2.244741,-0.568741,0.568741
Linear Regression,1.845000,1.681588,0.163412,0.163412
Linear Regression,3.700000,2.533557,1.166443,1.166443
Linear Regression,2.394000,2.461778,-0.067778,0.067778
Linear Regression,1.667000,2.155015,-0.488015,0.488015
Linear Regression,2.333000,1.546872,0.786128,0.786128
Linear Regression,2.400000,2.129390,0.270610,0.270610
Linear Regression,0.913000,0.419262,0.493738,0.493738
Linear Regression,4.835000,3.964712,0.870288,0.870288
Linear Regression,1.505000,2.254674,-0.749674,0.749674
Linear Regression,0.995000,1.013640,-0.018640,0.018640
Linear Regression,2.402000,1.841669,0.560331,0.560331
Linear Regression,0.955000,1.904403,-0.949403,0.949403
Linear Regression,5.000010,4.895849,0.104161,0.104161
Linear Regression,2.516000,2.332177,0.183823,0.183823
Linear Regression,1.208000,1.036580,0.171420,0.171420
Linear Regression,1.357000,1.485179,-0.128179,0.128179
Linear Regression,2.254000,2.755018,-0.501018,0.501018
Linear Regression,5.000010,2.330677,2.669333,2.669333
Linear Regression,0.851000,0.170598,0.680402,0.680402
Linear Regression,5.000010,2.838835,2.161175,2.161175
Linear Regression,1.648000,1.985122,-0.337122,0.337122
Linear Regression,1.116000,0.994069,0.121931,0.121931
Linear Regression,1.610000,1.391858,0.218142,0.218142
Linear Regression,2.137000,2.315601,-0.178601,0.178601
Linear Regression,1.165000,1.008566,0.156434,0.156434
Linear Regression,3.500000,5.277552,-1.777552,1.777552
Linear Regression,1.599000,2.497252,-0.898252,0.898252
Linear Regression,4.383000,1.980889,2.402111,2.402111
Linear Regression,1.711000,2.434503,-0.723503,0.723503
Linear Regression,2.711000,2.243638,0.467362,0.467362
Linear Regression,5.000010,1.910867,3.089143,3.089143
Linear Regression,0.680000,1.402060,-0.722060,0.722060
Linear Regression,1.917000,1.842419,0.074581,0.074581
Linear Regression,2.559000,2.786580,-0.227580,0.227580
Linear Regression,1.125000,1.687875,-0.562875,0.562875
Linear Regression,1.822000,1.886485,-0.064485,0.064485
Linear Regression,3.476000,2.848559,0.627441,0.627441
Linear Regression,3.320000,2.941049,0.378951,0.378951
Linear Regression,1.109000,1.184860,-0.075860,0.075860
Linear Regression,2.119000,2.079592,0.039408,0.039408
Linear Regression,2.625000,2.415019,0.209981,0.209981
Linear Regression,2.379000,2.382807,-0.003807,0.003807
Linear Regression,0.900000,1.856344,-0.956344,0.956344
Linear Regression,4.272000,2.693175,1.578825,1.578825
Linear Regression,3.705000,2.966161,0.738839,0.738839
Linear Regression,1.163000,0.769266,0.393734,0.393734
Linear Regression,1.708000,1.686327,0.021673,0.021673
Linear Regression,2.855000,3.287256,-0.432256,0.432256
Linear Regression,1.115000,1.645547,-0.530547,0.530547
Linear Regression,0.832000,1.572540,-0.740540,0.740540
Linear Regression,2.482000,2.647496,-0.165496,0.165496
Linear Regression,3.955000,2.863442,1.091558,1.091558
Linear Regression,2.183000,1.871077,0.311923,0.311923
Linear Regression,5.000010,3.894262,1.105748,1.105748
Linear Regression,0.889000,0.751452,0.137548,0.137548
Linear Regression,1.810000,1.998062,-0.188062,0.188062
Linear Regression,2.809000,3.207897,-0.398897,0.398897
Linear Regression,3.453000,1.982904,1.470096,1.470096
Linear Regression,1.810000,2.365280,-0.555280,0.555280
Linear Regression,1.922000,2.658117,-0.736117,0.736117
Linear Regression,0.781000,0.118796,0.662204,0.662204
Linear Regression,0.750000,0.856474,-0.106474,0.106474
Linear Regression,4.333000,3.812334,0.520666,0.520666
Linear Regression,1.601000,2.015719,-0.414719,0.414719
Linear Regression,1.092000,1.063475,0.028525,0.028525
Linear Regression,0.962000,1.398826,-0.436826,0.436826
Linear Regression,1.914000,1.468403,0.445597,0.445597
Linear Regression,3.600000,0.949128,2.650872,2.650872
Linear Regression,1.856000,2.524083,-0.668083,0.668083
Linear Regression,1.188000,0.801393,0.386607,0.386607
Linear Regression,1.227000,1.405602,-0.178602,0.178602
Linear Regression,2.063000,2.063426,-0.000426,0.000426
Linear Regression,1.956000,1.844366,0.111634,0.111634
Linear Regression,0.756000,1.702039,-0.946039,0.946039
Linear Regression,1.043000,0.972927,0.070073,0.070073
Linear Regression,3.859000,2.363458,1.495542,1.495542
Linear Regression,1.139000,1.784452,-0.645452,0.645452
Linear Regression,0.794000,1.586755,-0.792755,0.792755
Linear Regression,0.813000,0.888039,-0.075039,0.075039
Linear Regression,1.292000,1.948790,-0.656790,0.656790
Linear Regression,0.735000,0.915944,-0.180944,0.180944
Linear Regression,1.759000,2.317242,-0.558242,0.558242
Linear Regression,1.424000,2.048905,-0.624905,0.624905
Linear Regression,2.341000,1.925591,0.415409,0.415409
Linear Regression,2.867000,2.429511,0.437489,0.437489
Linear Regression,0.925000,1.467995,-0.542995,0.542995
Linear Regression,1.701000,1.963934,-0.262934,0.262934
Linear Regression,1.618000,2.235562,-0.617562,0.617562
Linear Regression,2.253000,2.644281,-0.391281,0.391281
Linear Regression,1.706000,1.765799,-0.059799,0.059799
Linear Regression,3.194000,2.076894,1.117106,1.117106
Linear Regression,0.958000,1.538576,-0.580576,0.580576
Linear Regression,0.734000,0.925908,-0.191908,0.191908
Linear Regression,0.936000,0.739474,0.196526,0.196526
Linear Regression,0.517000,0.732899,-0.215899,0.215899
Linear Regression,3.587000,2.251131,1.335869,1.335869
Linear Regression,0.647000,0.748036,-0.101036,0.101036
Linear Regression,3.442000,2.881019,0.560981,0.560981
Linear Regression,3.140000,3.007341,0.132659,0.132659
Linear Regression,1.857000,1.979340,-0.122340,0.122340
Linear Regression,2.793000,2.564290,0.228710,0.228710
Linear Regression,1.194000,2.211317,-1.017317,1.017317
Linear Regression,2.804000,3.024963,-0.220963,0.220963
Linear Regression,1.871000,2.141347,-0.270347,0.270347
Linear Regression,0.838000,0.803470,0.034530,0.034530
Linear Regression,3.093000,2.127567,0.965433,0.965433
Linear Regression,2.292000,2.867073,-0.575073,0.575073
Linear Regression,2.450000,2.154310,0.295690,0.295690
Linear Regression,2.276000,3.032401,-0.756401,0.756401
Linear Regression,5.000010,2.852087,2.147923,2.147923
Linear Regression,3.208000,2.467052,0.740948,0.740948
Linear Regression,1.473000,1.255680,0.217320,0.217320
Linear Regression,1.623000,2.412335,-0.789335,0.789335
Linear Regression,2.659000,3.045659,-0.386659,0.386659
Linear Regression,5.000010,3.756643,1.243367,1.243367
Linear Regression,1.891000,2.225758,-0.334758,0.334758
Linear Regression,3.164000,3.204710,-0.040710,0.040710
Linear Regression,1.819000,1.749718,0.069282,0.069282
Linear Regression,2.615000,2.046521,0.568479,0.568479
Linear Regression,0.690000,0.715078,-0.025078,0.025078
Linear Regression,1.813000,2.064252,-0.251252,0.251252
Linear Regression,2.930000,2.739587,0.190413,0.190413
Linear Regression,1.111000,1.724567,-0.613567,0.613567
Linear Regression,2.183000,2.723829,-0.540829,0.540829
Linear Regression,1.472000,1.644628,-0.172628,0.172628
Linear Regression,2.438000,1.834191,0.603809,0.603809
Linear Regression,2.230000,2.140293,0.089707,0.089707
Linear Regression,1.375000,1.605228,-0.230228,0.230228
Linear Regression,0.606000,0.253053,0.352947,0.352947
Linear Regression,2.750000,0.049971,2.700029,2.700029
Linear Regression,3.500000,2.036982,1.463018,1.463018
Linear Regression,1.712000,1.697089,0.014911,0.014911
Linear Regression,0.835000,2.011471,-1.176471,1.176471
Linear Regression,2.250000,2.276383,-0.026383,0.026383
Linear Regression,1.656000,1.965143,-0.309143,0.309143
Linear Regression,1.520000,2.125568,-0.605568,0.605568
Linear Regression,1.920000,2.081323,-0.161323,0.161323
Linear Regression,2.542000,2.912603,-0.370603,0.370603
Linear Regression,1.500000,1.048962,0.451038,0.451038
Linear Regression,2.125000,2.330160,-0.205160,0.205160
Linear Regression,0.804000,0.202717,0.601283,0.601283
Linear Regression,2.065000,2.964467,-0.899467,0.899467
Linear Regression,3.311000,3.379185,-0.068185,0.068185
Linear Regression,2.014000,2.937330,-0.923330,0.923330
Linear Regression,1.884000,1.744144,0.139856,0.139856
Linear Regression,1.954000,2.311792,-0.357792,0.357792
Linear Regression,4.425000,4.047300,0.377700,0.377700
Linear Regression,1.527000,2.899832,-1.372832,1.372832
Linear Regression,5.000010,5.228901,-0.228891,0.228891
Linear Regression,2.398000,2.767296,-0.369296,0.369296
Linear Regression,1.594000,1.302402,0.291598,0.291598
Linear Regression,0.918000,0.993682,-0.075682,0.075682
Linear Regression,2.409000,2.734723,-0.325723,0.325723
Linear Regression,1.364000,1.690270,-0.326270,0.326270
Linear Regression,1.036000,1.491225,-0.455225,0.455225
Linear Regression,1.325000,1.618918,-0.293918,0.293918
Linear Regression,2.929000,2.434160,0.494840,0.494840
Linear Regression,0.628000,1.270944,-0.642944,0.642944
Linear Regression,1.121000,1.954670,-0.833670,0.833670
Linear Regression,0.891000,1.572721,-0.681721,0.681721
Linear Regression,1.207000,0.992662,0.214338,0.214338
Linear Regression,4.714000,2.603804,2.110196,2.110196
Linear Regression,3.147000,2.682694,0.464306,0.464306
Linear Regression,2.264000,2.458437,-0.194437,0.194437
Linear Regression,4.097000,2.431969,1.665031,1.665031
Linear Regression,1.490000,1.369595,0.120405,0.120405
Linear Regression,1.717000,2.916915,-1.199915,1.199915
Linear Regression,2.355000,3.054035,-0.699035,0.699035
Linear Regression,3.228000,2.646489,0.581511,0.581511
Linear Regression,2.445000,2.879569,-0.434569,0.434569
Linear Regression,1.622000,1.545537,0.076463,0.076463
Linear Regression,3.409000,3.209564,0.199436,0.199436
Linear Regression,0.574000,1.031817,-0.457817,0.457817
Linear Regression,1.989000,2.044861,-0.055861,0.055861
Linear Regression,1.097000,2.061083,-0.964083,0.964083
Linear Regression,1.375000,1.385025,-0.010025,0.010025
Linear Regression,0.857000,1.161230,-0.304230,0.304230
Linear Regression,0.983000,0.801013,0.181987,0.181987
Linear Regression,1.782000,2.113441,-0.331441,0.331441
Linear Regression,1.375000,1.501928,-0.126928,0.126928
Linear Regression,2.750000,2.605094,0.144906,0.144906
Linear Regression,3.815000,3.192561,0.622439,0.622439
Linear Regression,5.000010,4.047534,0.952476,0.952476
Linear Regression,5.000010,4.796042,0.203968,0.203968
Linear Regression,1.792000,0.706741,1.085259,1.085259
Linear Regression,2.045000,2.434414,-0.389414,0.389414
Linear Regression,3.941000,3.368590,0.572410,0.572410
Linear Regression,1.844000,1.963842,-0.119842,0.119842
Linear Regression,1.740000,1.897712,-0.157712,0.157712
Linear Regression,0.807000,1.264437,-0.457437,0.457437
Linear Regression,1.896000,2.337058,-0.441058,0.441058
Linear Regression,0.600000,1.185335,-0.585335,0.585335
Linear Regression,1.266000,1.732678,-0.466678,0.466678
Linear Regression,2.625000,2.077636,0.547364,0.547364
Linear Regression,1.392000,1.986450,-0.594450,0.594450
Linear Regression,0.513000,0.531811,-0.018811,0.018811
Linear Regression,2.292000,2.971487,-0.679487,0.679487
Linear Regression,1.011000,1.774059,-0.763059,0.763059
Linear Regression,0.977000,1.300026,-0.323026,0.323026
Linear Regression,1.583000,1.440042,0.142958,0.142958
Linear Regression,3.491000,3.555144,-0.064144,0.064144
Linear Regression,0.855000,1.422006,-0.567006,0.567006
Linear Regression,2.141000,2.743627,-0.602627,0.602627
Linear Regression,2.271000,2.555843,-0.284843,0.284843
Linear Regression,1.557000,1.537493,0.019507,0.019507
Linear Regression,0.668000,0.976327,-0.308327,0.308327
Linear Regression,2.073000,2.631628,-0.558628,0.558628
Linear Regression,2.228000,1.894476,0.333524,0.333524
Linear Regression,3.545000,2.268070,1.276930,1.276930
Linear Regression,3.405000,2.310683,1.094317,1.094317
Linear Regression,0.529000,0.876948,-0.347948,0.347948
Linear Regression,1.406000,2.133713,-0.727713,0.727713
Linear Regression,1.508000,1.564461,-0.056461,0.056461
Linear Regression,0.561000,-1.013793,1.574793,1.574793
Linear Regression,2.596000,2.809596,-0.213596,0.213596
Linear Regression,3.189000,2.513133,0.675867,0.675867
Linear Regression,1.484000,2.537149,-1.053149,1.053149
Linear Regression,2.899000,2.320902,0.578098,0.578098
Linear Regression,1.618000,2.504722,-0.886722,0.886722
Linear Regression,2.550000,1.827043,0.722957,0.722957
Linear Regression,0.875000,1.264959,-0.389959,0.389959
Linear Regression,2.450000,2.797531,-0.347531,0.347531
Linear Regression,3.050000,2.074224,0.975776,0.975776
Linear Regression,2.150000,2.193636,-0.043636,0.043636
Linear Regression,2.490000,2.271217,0.218783,0.218783
Linear Regression,5.000010,6.838605,-1.838595,1.838595
Linear Regression,3.200000,1.998467,1.201533,1.201533
Linear Regression,1.740000,2.450971,-0.710971,0.710971
Linear Regression,2.925000,2.848621,0.076379,0.076379
Linear Regression,5.000010,4.043901,0.956109,0.956109
Linear Regression,2.899000,3.028117,-0.129117,0.129117
Linear Regression,4.384000,3.074641,1.309359,1.309359
Linear Regression,1.820000,2.256727,-0.436727,0.436727
Linear Regression,1.705000,0.776745,0.928255,0.928255
Linear Regression,0.692000,1.170084,-0.478084,0.478084
Linear Regression,0.956000,1.498492,-0.542492,0.542492
Linear Regression,2.728000,3.138051,-0.410051,0.410051
Linear Regression,0.813000,2.139322,-1.326322,1.326322
Linear Regression,2.724000,2.653266,0.070734,0.070734
Linear Regression,1.526000,2.175234,-0.649234,0.649234
Linear Regression,0.559000,1.227063,-0.668063,0.668063
Linear Regression,2.135000,2.417275,-0.282275,0.282275
Linear Regression,3.313000,1.502589,1.810411,1.810411
Linear Regression,2.018000,2.339039,-0.321039,0.321039
Linear Regression,0.571000,1.247671,-0.676671,0.676671
Linear Regression,3.318000,2.544896,0.773104,0.773104
Linear Regression,3.659000,2.312461,1.346539,1.346539
Linear Regression,1.275000,1.315556,-0.040556,0.040556
Linear Regression,1.118000,1.074275,0.043725,0.043725
Linear Regression,3.537000,2.809880,0.727120,0.727120
Linear Regression,2.293000,2.478502,-0.185502,0.185502
Linear Regression,0.875000,1.173501,-0.298501,0.298501
Linear Regression,2.375000,1.713809,0.661191,0.661191
Linear Regression,1.133000,0.516331,0.616669,0.616669
Linear Regression,1.125000,1.009956,0.115044,0.115044
Linear Regression,1.385000,1.072901,0.312099,0.312099
Linear Regression,3.074000,2.135144,0.938856,0.938856
Linear Regression,1.009000,1.762065,-0.753065,0.753065
Linear Regression,0.978000,1.080834,-0.102834,0.102834
Linear Regression,1.767000,1.958148,-0.191148,0.191148
Linear Regression,2.180000,2.180387,-0.000387,0.000387
Linear Regression,2.906000,2.214697,0.691303,0.691303
Linear Regression,1.577000,2.216624,-0.639624,0.639624
Linear Regression,3.480000,3.317166,0.162834,0.162834
Linear Regression,0.672000,1.288218,-0.616218,0.616218
Linear Regression,2.604000,1.988691,0.615309,0.615309
Linear Regression,1.236000,1.224249,0.011751,0.011751
Linear Regression,0.675000,0.752196,-0.077196,0.077196
Linear Regression,1.307000,1.329353,-0.022353,0.022353
Linear Regression,0.660000,0.509709,0.150291,0.150291
Linear Regression,1.666000,2.476042,-0.810042,0.810042
Linear Regression,2.256000,2.113076,0.142924,0.142924
Linear Regression,2.571000,1.974932,0.596068,0.596068
Linear Regression,5.000010,5.346940,-0.346930,0.346930
Linear Regression,1.139000,1.868438,-0.729438,0.729438
Linear Regression,0.910000,1.600713,-0.690713,0.690713
Linear Regression,2.174000,1.907085,0.266915,0.266915
Linear Regression,0.960000,1.003092,-0.043092,0.043092
Linear Regression,1.292000,0.792577,0.499423,0.499423
Linear Regression,3.502000,3.229437,0.272563,0.272563
Linear Regression,4.421000,4.965819,-0.544819,0.544819
Linear Regression,2.229000,1.516920,0.712080,0.712080
Linear Regression,0.813000,1.048325,-0.235325,0.235325
Linear Regression,1.606000,1.876144,-0.270144,0.270144
Linear Regression,5.000010,3.215984,1.784026,1.784026
Linear Regression,3.412000,3.242950,0.169050,0.169050
Linear Regression,2.879000,3.118570,-0.239570,0.239570
Linear Regression,3.447000,3.502316,-0.055316,0.055316
Linear Regression,1.800000,2.435792,-0.635792,0.635792
Linear Regression,1.678000,2.362359,-0.684359,0.684359
Linear Regression,0.550000,0.924676,-0.374676,0.374676
Linear Regression,0.508000,1.069559,-0.561559,0.561559
Linear Regression,1.426000,2.122529,-0.696529,0.696529
Linear Regression,2.358000,2.349641,0.008359,0.008359
Linear Regression,1.127000,1.917861,-0.790861,0.790861
Linear Regression,2.102000,2.450551,-0.348551,0.348551
Linear Regression,2.107000,1.769875,0.337125,0.337125
Linear Regression,0.654000,0.888461,-0.234461,0.234461
Linear Regression,1.625000,1.831415,-0.206415,0.206415
Linear Regression,1.503000,1.466774,0.036226,0.036226
Linear Regression,5.000010,2.767179,2.232831,2.232831
Linear Regression,1.014000,1.985814,-0.971814,0.971814
Linear Regression,2.218000,2.179343,0.038657,0.038657
Linear Regression,2.603000,2.433344,0.169656,0.169656
Linear Regression,1.788000,1.642766,0.145234,0.145234
Linear Regression,1.704000,1.768784,-0.064784,0.064784
Linear Regression,3.194000,3.288397,-0.094397,0.094397
Linear Regression,1.906000,2.536511,-0.630511,0.630511
Linear Regression,1.841000,1.796678,0.044322,0.044322
Linear Regression,1.911000,1.957610,-0.046610,0.046610
Linear Regression,1.496000,2.689873,-1.193873,1.193873
Linear Regression,5.000010,3.087053,1.912957,1.912957
Linear Regression,1.834000,2.172685,-0.338685,0.338685
Linear Regression,4.441000,3.580308,0.860692,0.860692
Linear Regression,2.427000,2.386464,0.040536,0.040536
Linear Regression,0.762000,1.168640,-0.406640,0.406640
Linear Regression,1.329000,2.250671,-0.921671,0.921671
Linear Regression,4.098000,2.191957,1.906043,1.906043
Linear Regression,1.125000,1.021554,0.103446,0.103446
Linear Regression,3.766000,3.145257,0.620743,0.620743
Linear Regression,0.505000,1.352290,-0.847290,0.847290
Linear Regression,5.000010,3.287144,1.712866,1.712866
Linear Regression,2.095000,2.305628,-0.210628,0.210628
Linear Regression,0.778000,0.319927,0.458073,0.458073
Linear Regression,2.997000,2.958778,0.038222,0.038222
Linear Regression,3.750000,2.440789,1.309211,1.309211
Linear Regression,1.565000,1.633917,-0.068917,0.068917
Linear Regression,2.400000,2.414754,-0.014754,0.014754
Linear Regression,0.772000,0.575879,0.196121,0.196121
Linear Regression,0.985000,1.189923,-0.204923,0.204923
Linear Regression,5.000010,2.445210,2.554800,2.554800
Linear Regression,1.104000,2.054472,-0.950472,0.950472
Linear Regression,0.864000,1.780285,-0.916285,0.916285
Linear Regression,2.304000,1.848538,0.455462,0.455462
Linear Regression,1.639000,1.981957,-0.342957,0.342957
Linear Regression,5.000010,3.993612,1.006398,1.006398
Linear Regression,0.495000,0.188848,0.306152,0.306152
Linear Regression,1.074000,1.871338,-0.797338,0.797338
Linear Regression,3.625000,2.345376,1.279624,1.279624
Linear Regression,1.450000,1.778779,-0.328779,0.328779
Linear Regression,2.185000,2.297425,-0.112425,0.112425
Linear Regression,1.301000,1.860051,-0.559051,0.559051
Linear Regression,1.460000,2.061346,-0.601346,0.601346
Linear Regression,1.525000,0.966244,0.558756,0.558756
Linear Regression,4.572000,3.597032,0.974968,0.974968
Linear Regression,1.652000,2.197939,-0.545939,0.545939
Linear Regression,3.947000,2.031953,1.915047,1.915047
Linear Regression,1.444000,2.050277,-0.606277,0.606277
Linear Regression,1.366000,1.323120,0.042880,0.042880
Linear Regression,2.164000,2.711148,-0.547148,0.547148
Linear Regression,1.390000,1.418444,-0.028444,0.028444
Linear Regression,1.038000,0.714246,0.323754,0.323754
Linear Regression,4.885000,3.221532,1.663468,1.663468
Linear Regression,2.271000,2.153290,0.117710,0.117710
Linear Regression,2.380000,1.907136,0.472864,0.472864
Linear Regression,2.156000,3.084940,-0.928940,0.928940
Linear Regression,2.923000,3.288924,-0.365924,0.365924
Linear Regression,1.459000,1.931292,-0.472292,0.472292
Linear Regression,1.873000,1.472748,0.400252,0.400252
Linear Regression,1.854000,1.068503,0.785497,0.785497
Linear Regression,2.800000,1.653986,1.146014,1.146014
Linear Regression,1.411000,1.866352,-0.455352,0.455352
Linear Regression,1.909000,1.983766,-0.074766,0.074766
Linear Regression,2.625000,1.976941,0.648059,0.648059
Linear Regression,4.420000,3.004308,1.415692,1.415692
Linear Regression,2.748000,3.097790,-0.349790,0.349790
Linear Regression,0.855000,1.022232,-0.167232,0.167232
Linear Regression,2.318000,2.889269,-0.571269,0.571269
Linear Regression,3.020000,2.993554,0.026446,0.026446
Linear Regression,2.358000,2.947409,-0.589409,0.589409
Linear Regression,0.722000,0.967397,-0.245397,0.245397
Linear Regression,1.824000,2.187026,-0.363026,0.363026
Linear Regression,5.000010,3.263493,1.736517,1.736517
Linear Regression,0.787000,0.641155,0.145845,0.145845
Linear Regression,1.813000,1.554256,0.258744,0.258744
Linear Regression,1.980000,2.214760,-0.234760,0.234760
Linear Regression,1.996000,2.085954,-0.089954,0.089954
Linear Regression,0.633000,0.995772,-0.362772,0.362772
Linear Regression,0.940000,1.218023,-0.278023,0.278023
Linear Regression,1.868000,2.330348,-0.462348,0.462348
Linear Regression,1.170000,2.061200,-0.891200,0.891200
Linear Regression,1.178000,1.764767,-0.586767,0.586767
Linear Regression,1.210000,1.611132,-0.401132,0.401132
Linear Regression,2.309000,2.410599,-0.101599,0.101599
Linear Regression,4.273000,2.680254,1.592746,1.592746
Linear Regression,1.281000,1.377630,-0.096630,0.096630
Linear Regression,3.847000,2.096440,1.750560,1.750560
Linear Regression,2.904000,2.711200,0.192800,0.192800
Linear Regression,0.913000,1.097363,-0.184363,0.184363
Linear Regression,0.619000,0.881158,-0.262158,0.262158
Linear Regression,2.322000,2.518546,-0.196546,0.196546
Linear Regression,1.296000,1.187397,0.108603,0.108603
Linear Regression,1.275000,1.233315,0.041685,0.041685
Linear Regression,1.505000,2.094938,-0.589938,0.589938
Linear Regression,1.875000,1.640301,0.234699,0.234699
Linear Regression,4.379000,4.329283,0.049717,0.049717
Linear Regression,1.265000,2.115837,-0.850837,0.850837
Linear Regression,4.534000,4.105995,0.428005,0.428005
Linear Regression,2.294000,2.541213,-0.247213,0.247213
Linear Regression,3.649000,2.818325,0.830675,0.830675
Linear Regression,1.919000,1.977288,-0.058288,0.058288
Linear Regression,0.875000,0.935581,-0.060581,0.060581
Linear Regression,0.300000,1.803414,-1.503414,1.503414
Linear Regression,3.357000,2.645251,0.711749,0.711749
Linear Regression,2.421000,2.028436,0.392564,0.392564
Linear Regression,1.737000,2.305854,-0.568854,0.568854
Linear Regression,0.541000,0.503443,0.037557,0.037557
Linear Regression,2.078000,2.519387,-0.441387,0.441387
Linear Regression,1.125000,0.420445,0.704555,0.704555
Linear Regression,1.667000,2.102654,-0.435654,0.435654
Linear Regression,2.718000,2.840538,-0.122538,0.122538
Linear Regression,1.411000,2.348883,-0.937883,0.937883
Linear Regression,3.750000,1.327178,2.422822,2.422822
Linear Regression,1.616000,1.594061,0.021939,0.021939
Linear Regression,1.594000,2.270434,-0.676434,0.676434
Linear Regression,0.863000,1.349354,-0.486354,0.486354
Linear Regression,2.563000,2.867812,-0.304812,0.304812
Linear Regression,2.132000,1.832341,0.299659,0.299659
Linear Regression,2.541000,2.180157,0.360843,0.360843
Linear Regression,1.326000,1.862984,-0.536984,0.536984
Linear Regression,1.693000,1.143004,0.549996,0.549996
Linear Regression,3.477000,2.705408,0.771592,0.771592
Linear Regression,1.597000,1.921367,-0.324367,0.324367
Linear Regression,0.909000,1.853355,-0.944355,0.944355
Linear Regression,2.905000,2.397457,0.507543,0.507543
Linear Regression,1.899000,2.111616,-0.212616,0.212616
Linear Regression,4.956000,4.001266,0.954734,0.954734
Linear Regression,3.333000,3.504238,-0.171238,0.171238
Linear Regression,1.838000,2.047439,-0.209439,0.209439
Linear Regression,1.890000,1.736253,0.153747,0.153747
Linear Regression,1.575000,1.079912,0.495088,0.495088
Linear Regression,0.666000,1.160354,-0.494354,0.494354
Linear Regression,1.324000,1.763110,-0.439110,0.439110
Linear Regression,1.560000,1.945199,-0.385199,0.385199
Linear Regression,3.481000,2.170853,1.310147,1.310147
Linear Regression,2.264000,2.888408,-0.624408,0.624408
Linear Regression,0.742000,0.303223,0.438777,0.438777
Linear Regression,1.583000,1.639341,-0.056341,0.056341
Linear Regression,5.000010,4.833321,0.166689,0.166689
Linear Regression,1.655000,1.808096,-0.153096,0.153096
Linear Regression,3.295000,2.309255,0.985745,0.985745
Linear Regression,1.396000,1.932557,-0.536557,0.536557
Linear Regression,1.529000,2.051171,-0.522171,0.522171
Linear Regression,3.673000,2.658027,1.014973,1.014973
Linear Regression,0.700000,0.741325,-0.041325,0.041325
Linear Regression,0.974000,1.849009,-0.875009,0.875009
Linear Regression,0.659000,0.966812,-0.307812,0.307812
Linear Regression,0.493000,0.859130,-0.366130,0.366130
Linear Regression,1.541000,1.860887,-0.319887,0.319887
Linear Regression,2.728000,1.949045,0.778955,0.778955
Linear Regression,2.471000,2.774983,-0.303983,0.303983
Linear Regression,2.688000,1.572986,1.115014,1.115014
Linear Regression,2.476000,2.040574,0.435426,0.435426
Linear Regression,4.168000,3.311002,0.856998,0.856998
Linear Regression,1.216000,1.386577,-0.170577,0.170577
Linear Regression,1.717000,2.114719,-0.397719,0.397719
Linear Regression,1.738000,2.164286,-0.426286,0.426286
Linear Regression,2.356000,2.556794,-0.200794,0.200794
Linear Regression,2.601000,2.357042,0.243958,0.243958
Linear Regression,2.000000,1.864966,0.135034,0.135034
Linear Regression,2.966000,2.636296,0.329704,0.329704
Linear Regression,3.746000,2.156594,1.589406,1.589406
Linear Regression,1.778000,2.598718,-0.820718,0.820718
Linear Regression,2.695000,2.537211,0.157789,0.157789
Linear Regression,0.620000,1.293124,-0.673124,0.673124
Linear Regression,1.976000,2.051902,-0.075902,0.075902
Linear Regression,0.527000,1.191423,-0.664423,0.664423
Linear Regression,1.914000,2.361121,-0.447121,0.447121
Linear Regression,3.177000,2.838155,0.338845,0.338845
Linear Regression,3.294000,2.336419,0.957581,0.957581
Linear Regression,3.307000,3.165048,0.141952,0.141952
Linear Regression,1.874000,2.599377,-0.725377,0.725377
Linear Regression,2.865000,2.118415,0.746585,0.746585
Linear Regression,5.000010,1.319954,3.680056,3.680056
Linear Regression,1.339000,2.090548,-0.751548,0.751548
Linear Regression,1.998000,2.559502,-0.561502,0.561502
Linear Regression,0.450000,-0.150232,0.600232,0.600232
Linear Regression,3.546000,3.461437,0.084563,0.084563
Linear Regression,2.638000,2.731819,-0.093819,0.093819
Linear Regression,2.784000,1.964951,0.819049,0.819049
Linear Regression,1.604000,1.709730,-0.105730,0.105730
Linear Regression,2.413000,2.766346,-0.353346,0.353346
Linear Regression,2.083000,1.929523,0.153477,0.153477
Linear Regression,2.636000,2.873151,-0.237151,0.237151
Linear Regression,1.450000,2.083468,-0.633468,0.633468
Linear Regression,1.325000,2.045345,-0.720345,0.720345
Linear Regression,1.838000,1.814029,0.023971,0.023971
Linear Regression,0.811000,1.229602,-0.418602,0.418602
Linear Regression,1.765000,1.944233,-0.179233,0.179233
Linear Regression,2.555000,2.018529,0.536471,0.536471
Linear Regression,1.661000,2.172586,-0.511586,0.511586
Linear Regression,1.020000,1.602037,-0.582037,0.582037
Linear Regression,0.861000,1.494102,-0.633102,0.633102
Linear Regression,1.006000,0.531928,0.474072,0.474072
Linear Regression,5.000000,2.467374,2.532626,2.532626
Linear Regression,2.099000,3.000148,-0.901148,0.901148
Linear Regression,0.525000,1.032023,-0.507023,0.507023
Linear Regression,2.629000,1.989313,0.639687,0.639687
Linear Regression,1.588000,1.954589,-0.366589,0.366589
Linear Regression,2.095000,1.534971,0.560029,0.560029
Linear Regression,3.500000,1.628478,1.871522,1.871522
Linear Regression,2.171000,2.633320,-0.462320,0.462320
Linear Regression,1.414000,1.302375,0.111625,0.111625
Linear Regression,0.934000,0.865651,0.068349,0.068349
Linear Regression,1.982000,1.750646,0.231354,0.231354
Linear Regression,1.872000,1.739875,0.132125,0.132125
Linear Regression,1.853000,1.818530,0.034470,0.034470
Linear Regression,5.000010,6.659765,-1.659755,1.659755
Linear Regression,2.813000,3.061853,-0.248853,0.248853
Linear Regression,1.036000,1.791585,-0.755585,0.755585
Linear Regression,2.879000,3.011929,-0.132929,0.132929
Linear Regression,2.083000,1.761341,0.321659,0.321659
Linear Regression,1.750000,2.950579,-1.200579,1.200579
Linear Regression,1.327000,1.823896,-0.496896,0.496896
Linear Regression,1.720000,1.601519,0.118481,0.118481
Linear Regression,5.000010,4.740622,0.259388,0.259388
Linear Regression,0.640000,0.516583,0.123417,0.123417
Linear Regression,2.279000,2.177065,0.101935,0.101935
Linear Regression,0.631000,0.952278,-0.321278,0.321278
Linear Regression,0.841000,1.523047,-0.682047,0.682047
Linear Regression,3.392000,2.819936,0.572064,0.572064
Linear Regression,1.563000,1.248562,0.314438,0.314438
Linear Regression,3.836000,2.657114,1.178886,1.178886
Linear Regression,1.371000,1.818930,-0.447930,0.447930
Linear Regression,0.568000,1.153595,-0.585595,0.585595
Linear Regression,0.700000,1.345338,-0.645338,0.645338
Linear Regression,0.963000,1.040407,-0.077407,0.077407
Linear Regression,0.926000,1.684517,-0.758517,0.758517
Linear Regression,3.591000,3.101035,0.489965,0.489965
Linear Regression,1.587000,2.228108,-0.641108,0.641108
Linear Regression,5.000010,2.984002,2.016008,2.016008
Linear Regression,1.146000,2.233630,-1.087630,1.087630
Linear Regression,4.102000,3.355488,0.746512,0.746512
Linear Regression,2.819000,1.861205,0.957795,0.957795
Linear Regression,1.017000,0.619922,0.397078,0.397078
Linear Regression,1.693000,2.072590,-0.379590,0.379590
Linear Regression,2.078000,1.996759,0.081241,0.081241
Linear Regression,3.272000,2.518693,0.753307,0.753307
Linear Regression,2.779000,2.439241,0.339759,0.339759
Linear Regression,1.114000,1.081506,0.032494,0.032494
Linear Regression,0.806000,1.642733,-0.836733,0.836733
Linear Regression,2.075000,2.613195,-0.538195,0.538195
Linear Regression,2.753000,2.528470,0.224530,0.224530
Linear Regression,4.210000,3.084401,1.125599,1.125599
Linear Regression,1.288000,1.296720,-0.008720,0.008720
Linear Regression,3.139000,2.546879,0.592121,0.592121
Linear Regression,0.676000,1.610696,-0.934696,0.934696
Linear Regression,0.644000,1.176662,-0.532662,0.532662
Linear Regression,1.539000,1.817285,-0.278285,0.278285
Linear Regression,1.307000,0.941781,0.365219,0.365219
Linear Regression,2.385000,1.960573,0.424427,0.424427
Linear Regression,3.796000,3.356017,0.439983,0.439983
Linear Regression,1.465000,1.674602,-0.209602,0.209602
Linear Regression,1.503000,2.247410,-0.744410,0.744410
Linear Regression,0.803000,1.536574,-0.733574,0.733574
Linear Regression,2.933000,0.645522,2.287478,2.287478
Linear Regression,2.880000,2.702257,0.177743,0.177743
Linear Regression,1.441000,2.236242,-0.795242,0.795242
Linear Regression,1.270000,1.518903,-0.248903,0.248903
Linear Regression,1.521000,2.105697,-0.584697,0.584697
Linear Regression,1.568000,0.803441,0.764559,0.764559
Linear Regression,1.049000,0.972023,0.076977,0.076977
Linear Regression,5.000010,5.430905,-0.430895,0.430895
Linear Regression,1.344000,2.097998,-0.753998,0.753998
Linear Regression,5.000010,5.737346,-0.737336,0.737336
Linear Regression,2.728000,3.002931,-0.274931,0.274931
Linear Regression,1.516000,0.853602,0.662398,0.662398
Linear Regression,3.626000,2.294769,1.331231,1.331231
Linear Regression,1.692000,2.230536,-0.538536,0.538536
Linear Regression,1.404000,1.984722,-0.580722,0.580722
Linear Regression,0.437000,0.902339,-0.465339,0.465339
Linear Regression,1.360000,2.563768,-1.203768,1.203768
Linear Regression,2.644000,2.692171,-0.048171,0.048171
Linear Regression,1.522000,2.133318,-0.611318,0.611318
Linear Regression,1.375000,1.656668,-0.281668,0.281668
Linear Regression,2.147000,1.452115,0.694885,0.694885
Linear Regression,1.709000,2.259437,-0.550437,0.550437
Linear Regression,2.362000,2.299920,0.062080,0.062080
Linear Regression,2.978000,2.473697,0.504303,0.504303
Linear Regression,0.885000,0.955148,-0.070148,0.070148
Linear Regression,1.276000,1.646221,-0.370221,0.370221
Linear Regression,0.802000,0.996081,-0.194081,0.194081
Linear Regression,3.060000,2.504152,0.555848,0.555848
Linear Regression,4.364000,2.051415,2.312585,2.312585
Linear Regression,2.389000,2.420288,-0.031288,0.031288
Linear Regression,2.317000,3.147273,-0.830273,0.830273
Linear Regression,1.229000,1.666211,-0.437211,0.437211
Linear Regression,2.182000,2.476941,-0.294941,0.294941
Linear Regression,3.970000,4.909030,-0.939030,0.939030
Linear Regression,2.603000,1.647260,0.955740,0.955740
Linear Regression,4.357000,3.180491,1.176509,1.176509
Linear Regression,1.640000,2.394153,-0.754153,0.754153
Linear Regression,4.405000,3.023353,1.381647,1.381647
Linear Regression,0.854000,1.137570,-0.283570,0.283570
Linear Regression,1.019000,0.968253,0.050747,0.050747
Linear Regression,1.594000,2.129816,-0.535816,0.535816
Linear Regression,1.903000,2.606781,-0.703781,0.703781
Linear Regression,1.000000,1.381931,-0.381931,0.381931
Linear Regression,1.396000,1.530800,-0.134800,0.134800
Linear Regression,5.000010,4.870312,0.129698,0.129698
Linear Regression,1.545000,2.703422,-1.158422,1.158422
Linear Regression,1.705000,2.099911,-0.394911,0.394911
Linear Regression,1.106000,1.391030,-0.285030,0.285030
Linear Regression,1.912000,2.601620,-0.689620,0.689620
Linear Regression,2.872000,3.459044,-0.587044,0.587044
Linear Regression,1.501000,1.987435,-0.486435,0.486435
Linear Regression,2.383000,2.300011,0.082989,0.082989
Linear Regression,1.542000,0.952339,0.589661,0.589661
Linear Regression,2.805000,2.416684,0.388316,0.388316
Linear Regression,1.619000,2.575741,-0.956741,0.956741
Linear Regression,2.656000,2.768948,-0.112948,0.112948
Linear Regression,1.227000,2.371812,-1.144812,1.144812
Linear Regression,2.312000,2.726732,-0.414732,0.414732
Linear Regression,3.191000,2.567872,0.623128,0.623128
Linear Regression,2.313000,2.288502,0.024498,0.024498
Linear Regression,5.000010,4.582956,0.417054,0.417054
Linear Regression,1.212000,1.258104,-0.046104,0.046104
Linear Regression,2.225000,2.311132,-0.086132,0.086132
Linear Regression,4.500000,3.109237,1.390763,1.390763
Linear Regression,1.021000,1.416723,-0.395723,0.395723
Linear Regression,2.012000,2.281944,-0.269944,0.269944
Linear Regression,1.042000,0.872224,0.169776,0.169776
Linear Regression,5.000010,5.433507,-0.433497,0.433497
Linear Regression,1.320000,1.921699,-0.601699,0.601699
Linear Regression,2.211000,2.515287,-0.304287,0.304287
Linear Regression,1.516000,1.951604,-0.435604,0.435604
Linear Regression,1.469000,1.547398,-0.078398,0.078398
Linear Regression,1.512000,2.125871,-0.613871,0.613871
Linear Regression,1.651000,2.248259,-0.597259,0.597259
Linear Regression,2.136000,2.674414,-0.538414,0.538414
Linear Regression,2.135000,2.007220,0.127780,0.127780
Linear Regression,5.000010,3.418756,1.581254,1.581254
Linear Regression,4.380000,3.435931,0.944069,0.944069
Linear Regression,1.838000,2.437556,-0.599556,0.599556
Linear Regression,3.500000,2.611868,0.888132,0.888132
Linear Regression,1.593000,1.010469,0.582531,0.582531
Linear Regression,1.291000,1.675046,-0.384046,0.384046
Linear Regression,0.766000,1.109577,-0.343577,0.343577
Linear Regression,2.250000,1.952607,0.297393,0.297393
Linear Regression,2.308000,1.703597,0.604403,0.604403
Linear Regression,4.318000,3.834901,0.483099,0.483099
Linear Regression,1.910000,3.010504,-1.100504,1.100504
Linear Regression,0.847000,1.262798,-0.415798,0.415798
Linear Regression,1.525000,1.257761,0.267239,0.267239
Linear Regression,0.676000,0.568082,0.107918,0.107918
Linear Regression,1.982000,2.080838,-0.098838,0.098838
Linear Regression,3.063000,2.041835,1.021165,1.021165
Linear Regression,1.221000,2.061045,-0.840045,0.840045
Linear Regression,2.761000,2.125469,0.635531,0.635531
Linear Regression,1.030000,0.991559,0.038441,0.038441
Linear Regression,4.091000,3.018696,1.072304,1.072304
Linear Regression,1.352000,1.834579,-0.482579,0.482579
Linear Regression,1.216000,1.117450,0.098550,0.098550
Linear Regression,1.828000,1.724330,0.103670,0.103670
Linear Regression,2.280000,1.792000,0.488000,0.488000
Linear Regression,1.100000,1.101024,-0.001024,0.001024
Linear Regression,1.112000,0.823999,0.288001,0.288001
Linear Regression,0.847000,1.203998,-0.356998,0.356998
Linear Regression,4.473000,3.880240,0.592760,0.592760
Linear Regression,0.883000,0.796877,0.086123,0.086123
Linear Regression,0.871000,1.380000,-0.509000,0.509000
Linear Regression,1.875000,2.203348,-0.328348,0.328348
Linear Regression,1.469000,1.731915,-0.262915,0.262915
Linear Regression,1.031000,1.295066,-0.264066,0.264066
Linear Regression,3.437000,3.669489,-0.232489,0.232489
Linear Regression,0.982000,2.177835,-1.195835,1.195835
Linear Regression,2.625000,1.832363,0.792637,0.792637
Linear Regression,0.774000,0.419312,0.354688,0.354688
Linear Regression,1.351000,2.156164,-0.805164,0.805164
Linear Regression,1.347000,1.119834,0.227166,0.227166
Linear Regression,2.313000,1.630943,0.682057,0.682057
Linear Regression,1.586000,1.667090,-0.081090,0.081090
Linear Regression,1.016000,0.908531,0.107469,0.107469
Linear Regression,1.220000,1.756619,-0.536619,0.536619
Linear Regression,3.800000,3.460352,0.339648,0.339648
Linear Regression,1.894000,1.740904,0.153096,0.153096
Linear Regression,4.400000,3.314925,1.085075,1.085075
Linear Regression,0.700000,1.305015,-0.605015,0.605015
Linear Regression,0.700000,1.198646,-0.498646,0.498646
Linear Regression,3.335000,2.700926,0.634074,0.634074
Linear Regression,1.018000,1.491908,-0.473908,0.473908
Linear Regression,5.000010,6.925867,-1.925857,1.925857
Linear Regression,3.605000,2.816556,0.788444,0.788444
Linear Regression,1.695000,1.710188,-0.015188,0.015188
Linear Regression,2.056000,1.639194,0.416806,0.416806
Linear Regression,1.663000,1.873229,-0.210229,0.210229
Linear Regression,0.325000,0.805078,-0.480078,0.480078
Linear Regression,3.627000,3.149265,0.477735,0.477735
Linear Regression,1.745000,1.636244,0.108756,0.108756
Linear Regression,1.976000,1.964327,0.011673,0.011673
Linear Regression,1.830000,2.381012,-0.551012,0.551012
Linear Regression,1.583000,1.569550,0.013450,0.013450
Linear Regression,1.002000,1.839853,-0.837853,0.837853
Linear Regression,0.875000,0.938564,-0.063564,0.063564
Linear Regression,4.611000,2.181510,2.429490,2.429490
Linear Regression,1.902000,2.883994,-0.981994,0.981994
Linear Regression,2.323000,1.851653,0.471347,0.471347
Linear Regression,2.216000,2.738170,-0.522170,0.522170
Linear Regression,2.269000,2.264516,0.004484,0.004484
Linear Regression,2.242000,2.341456,-0.099456,0.099456
Linear Regression,1.198000,1.749415,-0.551415,0.551415
Linear Regression,0.782000,1.145386,-0.363386,0.363386
Linear Regression,1.651000,1.555927,0.095073,0.095073
Linear Regression,2.139000,3.481896,-1.342896,1.342896
Linear Regression,0.697000,0.662943,0.034057,0.034057
Linear Regression,1.058000,1.608558,-0.550558,0.550558
Linear Regression,0.750000,1.216868,-0.466868,0.466868
Linear Regression,0.917000,1.368565,-0.451565,0.451565
Linear Regression,2.695000,2.793863,-0.098863,0.098863
Linear Regression,0.682000,0.971421,-0.289421,0.289421
Linear Regression,1.658000,1.779780,-0.121780,0.121780
Linear Regression,1.546000,1.678550,-0.132550,0.132550
Linear Regression,4.727000,3.275563,1.451437,1.451437
Linear Regression,3.459000,3.673527,-0.214527,0.214527
Linear Regression,2.307000,2.891499,-0.584499,0.584499
Linear Regression,3.000000,1.642007,1.357993,1.357993
Linear Regression,2.494000,2.275120,0.218880,0.218880
Linear Regression,4.357000,2.629265,1.727735,1.727735
Linear Regression,2.258000,2.252626,0.005374,0.005374
Linear Regression,1.750000,1.217670,0.532330,0.532330
Linear Regression,1.784000,1.301658,0.482342,0.482342
Linear Regression,2.760000,2.457987,0.302013,0.302013
Linear Regression,1.159000,0.723410,0.435590,0.435590
Linear Regression,2.143000,1.302547,0.840453,0.840453
Linear Regression,1.183000,0.657808,0.525192,0.525192
Linear Regression,5.000010,2.101226,2.898784,2.898784
Linear Regression,1.521000,2.116192,-0.595192,0.595192
Linear Regression,1.404000,2.231555,-0.827555,0.827555
Linear Regression,2.226000,2.005896,0.220104,0.220104
Linear Regression,4.445000,3.109300,1.335700,1.335700
Linear Regression,5.000000,3.426887,1.573113,1.573113
Linear Regression,1.633000,1.552567,0.080433,0.080433
Linear Regression,1.938000,2.598372,-0.660372,0.660372
Linear Regression,0.905000,1.408677,-0.503677,0.503677
Linear Regression,1.152000,1.751727,-0.599727,0.599727
Linear Regression,1.470000,1.678627,-0.208627,0.208627
Linear Regression,2.739000,2.822259,-0.083259,0.083259
Linear Regression,1.909000,2.165109,-0.256109,0.256109
Linear Regression,0.748000,0.919559,-0.171559,0.171559
Linear Regression,5.000010,1.642870,3.357140,3.357140
Linear Regression,1.185000,1.459851,-0.274851,0.274851
Linear Regression,5.000010,1.115227,3.884783,3.884783
Linear Regression,0.550000,2.119531,-1.569531,1.569531
Linear Regression,0.584000,1.263459,-0.679459,0.679459
Linear Regression,0.958000,1.212810,-0.254810,0.254810
Linear Regression,0.992000,1.615672,-0.623672,0.623672
Linear Regression,1.674000,3.013356,-1.339356,1.339356
Linear Regression,0.705000,1.066217,-0.361217,0.361217
Linear Regression,0.675000,0.991169,-0.316169,0.316169
Linear Regression,0.757000,1.224892,-0.467892,0.467892
Linear Regression,1.830000,2.037987,-0.207987,0.207987
Linear Regression,5.000010,4.803171,0.196839,0.196839
Linear Regression,0.973000,1.370954,-0.397954,0.397954
Linear Regression,2.300000,2.593245,-0.293245,0.293245
Linear Regression,0.829000,1.557709,-0.728709,0.728709
Linear Regression,0.522000,1.201282,-0.679282,0.679282
Linear Regression,1.148000,1.969545,-0.821545,0.821545
Linear Regression,0.880000,1.645252,-0.765252,0.765252
Linear Regression,2.242000,2.255100,-0.013100,0.013100
Linear Regression,1.500000,1.732845,-0.232845,0.232845
Linear Regression,3.417000,2.950317,0.466683,0.466683
Linear Regression,1.817000,1.920198,-0.103198,0.103198
Linear Regression,1.406000,1.723836,-0.317836,0.317836
Linear Regression,0.727000,0.507654,0.219346,0.219346
Linear Regression,2.109000,1.887343,0.221657,0.221657
Linear Regression,0.977000,0.544558,0.432442,0.432442
Linear Regression,1.097000,0.850335,0.246665,0.246665
Linear Regression,1.656000,1.888477,-0.232477,0.232477
Linear Regression,2.306000,1.863321,0.442679,0.442679
Linear Regression,1.638000,1.938742,-0.300742,0.300742
Linear Regression,0.958000,0.348472,0.609528,0.609528
Linear Regression,0.481000,0.342041,0.138959,0.138959
Linear Regression,0.444000,0.805454,-0.361454,0.361454
Linear Regression,2.379000,2.934291,-0.555291,0.555291
Linear Regression,2.848000,3.431015,-0.583015,0.583015
Linear Regression,1.648000,1.508294,0.139706,0.139706
Linear Regression,2.000000,1.626492,0.373508,0.373508
Linear Regression,0.778000,0.970041,-0.192041,0.192041
Linear Regression,1.860000,1.904650,-0.044650,0.044650
Linear Regression,1.697000,1.887374,-0.190374,0.190374
Linear Regression,4.188000,2.287270,1.900730,1.900730
Linear Regression,0.733000,0.935767,-0.202767,0.202767
Linear Regression,0.870000,1.735321,-0.865321,0.865321
Linear Regression,1.682000,2.377501,-0.695501,0.695501
Linear Regression,1.543000,1.927046,-0.384046,0.384046
Linear Regression,2.250000,4.013247,-1.763247,1.763247
Linear Regression,3.330000,2.872433,0.457567,0.457567
Linear Regression,2.259000,2.197940,0.061060,0.061060
Linear Regression,1.381000,1.639583,-0.258583,0.258583
Linear Regression,1.127000,1.339899,-0.212899,0.212899
Linear Regression,2.316000,2.255381,0.060619,0.060619
Linear Regression,4.191000,2.309019,1.881981,1.881981
Linear Regression,2.211000,1.867064,0.343936,0.343936
Linear Regression,1.554000,1.608839,-0.054839,0.054839
Linear Regression,1.517000,1.143382,0.373618,0.373618
Linear Regression,2.489000,3.264171,-0.775171,0.775171
Linear Regression,1.532000,0.829989,0.702011,0.702011
Linear Regression,1.265000,1.509605,-0.244605,0.244605
Linear Regression,2.400000,2.365819,0.034181,0.034181
Linear Regression,1.861000,2.062542,-0.201542,0.201542
Linear Regression,5.000010,4.073928,0.926082,0.926082
Linear Regression,1.816000,1.566537,0.249463,0.249463
Linear Regression,1.781000,2.326811,-0.545811,0.545811
Linear Regression,0.692000,0.792894,-0.100894,0.100894
Linear Regression,0.668000,0.785426,-0.117426,0.117426
Linear Regression,5.000010,4.278286,0.721724,0.721724
Linear Regression,1.813000,2.363425,-0.550425,0.550425
Linear Regression,3.964000,3.596162,0.367838,0.367838
Linear Regression,1.875000,2.511469,-0.636469,0.636469
Linear Regression,2.979000,3.166838,-0.187838,0.187838
Linear Regression,3.454000,2.620965,0.833035,0.833035
Linear Regression,2.451000,2.527813,-0.076813,0.076813
Linear Regression,1.055000,1.582460,-0.527460,0.527460
Linear Regression,1.011000,0.789142,0.221858,0.221858
Linear Regression,1.417000,1.762218,-0.345218,0.345218
Linear Regression,4.309000,3.112708,1.196292,1.196292
Linear Regression,2.863000,2.169206,0.693794,0.693794
Linear Regression,1.130000,1.362015,-0.232015,0.232015
Linear Regression,4.667000,3.762393,0.904607,0.904607
Linear Regression,1.686000,1.879472,-0.193472,0.193472
Linear Regression,3.605000,2.620187,0.984813,0.984813
Linear Regression,2.564000,2.463921,0.100079,0.100079
Linear Regression,1.139000,1.971704,-0.832704,0.832704
Linear Regression,3.504000,3.212800,0.291200,0.291200
Linear Regression,2.091000,2.372455,-0.281455,0.281455
Linear Regression,1.315000,1.713259,-0.398259,0.398259
Linear Regression,2.167000,2.845211,-0.678211,0.678211
Linear Regression,1.013000,0.914711,0.098289,0.098289
Linear Regression,2.028000,2.275481,-0.247481,0.247481
Linear Regression,1.176000,1.947754,-0.771754,0.771754
Linear Regression,2.926000,2.549855,0.376145,0.376145
Linear Regression,5.000010,6.077205,-1.077195,1.077195
Linear Regression,1.303000,1.336804,-0.033804,0.033804
Linear Regression,0.924000,0.734989,0.189011,0.189011
Linear Regression,1.125000,1.443560,-0.318560,0.318560
Linear Regression,1.542000,1.067309,0.474691,0.474691
Linear Regression,1.040000,1.120019,-0.080019,0.080019
Linear Regression,1.216000,1.826439,-0.610439,0.610439
Linear Regression,2.063000,1.985856,0.077144,0.077144
Linear Regression,1.083000,1.612863,-0.529863,0.529863
Linear Regression,3.494000,3.245920,0.248080,0.248080
Linear Regression,0.833000,-0.053026,0.886026,0.886026
Linear Regression,2.458000,2.867841,-0.409841,0.409841
Linear Regression,0.915000,1.652654,-0.737654,0.737654
Linear Regression,5.000010,4.692415,0.307595,0.307595
Linear Regression,5.000010,2.122872,2.877138,2.877138
Linear Regression,1.905000,1.756705,0.148295,0.148295
Linear Regression,1.083000,1.380107,-0.297107,0.297107
Linear Regression,0.896000,1.033583,-0.137583,0.137583
Linear Regression,5.000010,5.085385,-0.085375,0.085375
Linear Regression,0.946000,1.771656,-0.825656,0.825656
Linear Regression,0.675000,4.236215,-3.561215,3.561215
Linear Regression,1.775000,2.617545,-0.842545,0.842545
Linear Regression,2.613000,2.651504,-0.038504,0.038504
Linear Regression,5.000010,1.991782,3.008228,3.008228
Linear Regression,1.684000,2.519441,-0.835441,0.835441
Linear Regression,2.453000,2.690661,-0.237661,0.237661
Linear Regression,2.400000,3.090178,-0.690178,0.690178
Linear Regression,1.565000,1.329202,0.235798,0.235798
Linear Regression,5.000010,2.282016,2.717994,2.717994
Linear Regression,2.356000,2.559058,-0.203058,0.203058
Linear Regression,1.856000,2.449400,-0.593400,0.593400
Linear Regression,3.167000,1.698017,1.468983,1.468983
Linear Regression,1.188000,0.331177,0.856823,0.856823
Linear Regression,2.485000,2.428939,0.056061,0.056061
Linear Regression,2.365000,2.451386,-0.086386,0.086386
Linear Regression,0.946000,1.128192,-0.182192,0.182192
Linear Regression,1.768000,1.877061,-0.109061,0.109061
Linear Regression,1.486000,1.822141,-0.336141,0.336141
Linear Regression,1.953000,2.431811,-0.478811,0.478811
Linear Regression,2.159000,2.655454,-0.496454,0.496454
Linear Regression,1.266000,2.308836,-1.042836,1.042836
Linear Regression,1.739000,1.723203,0.015797,0.015797
Linear Regression,1.830000,1.787039,0.042961,0.042961
Linear Regression,0.743000,1.037377,-0.294377,0.294377
Linear Regression,2.247000,2.205759,0.041241,0.041241
Linear Regression,1.016000,1.487747,-0.471747,0.471747
Linear Regression,3.910000,3.049271,0.860729,0.860729
Linear Regression,2.650000,2.189630,0.460370,0.460370
Linear Regression,5.000010,4.306059,0.693951,0.693951
Linear Regression,1.865000,2.623597,-0.758597,0.758597
Linear Regression,0.780000,0.633443,0.146557,0.146557
Linear Regression,0.808000,1.137715,-0.329715,0.329715
Linear Regression,1.896000,2.387699,-0.491699,0.491699
Linear Regression,1.992000,2.268512,-0.276512,0.276512
Linear Regression,1.896000,2.488902,-0.592902,0.592902
Linear Regression,1.600000,1.982487,-0.382487,0.382487
Linear Regression,3.753000,3.898519,-0.145519,0.145519
Linear Regression,1.667000,1.749206,-0.082206,0.082206
Linear Regression,2.156000,2.284266,-0.128266,0.128266
Linear Regression,2.286000,2.463627,-0.177627,0.177627
Linear Regression,1.713000,2.050058,-0.337058,0.337058
Linear Regression,4.310000,3.513548,0.796452,0.796452
Linear Regression,2.751000,2.759431,-0.008431,0.008431
Linear Regression,2.768000,3.519299,-0.751299,0.751299
Linear Regression,0.463000,0.858510,-0.395510,0.395510
Linear Regression,1.440000,1.550775,-0.110775,0.110775
Linear Regression,0.943000,0.645275,0.297725,0.297725
Linear Regression,1.576000,1.338560,0.237440,0.237440
Linear Regression,1.945000,2.273494,-0.328494,0.328494
Linear Regression,3.511000,2.098159,1.412841,1.412841
Linear Regression,4.534000,2.038476,2.495524,2.495524
Linear Regression,2.246000,1.803868,0.442132,0.442132
Linear Regression,1.556000,1.883044,-0.327044,0.327044
Linear Regression,2.420000,4.113905,-1.693905,1.693905
Linear Regression,0.700000,1.576794,-0.876794,0.876794
Linear Regression,0.713000,1.253522,-0.540522,0.540522
Linear Regression,0.668000,1.001615,-0.333615,0.333615
Linear Regression,1.531000,2.517271,-0.986271,0.986271
Linear Regression,1.375000,1.764022,-0.389022,0.389022
Linear Regression,2.304000,2.652304,-0.348304,0.348304
Linear Regression,2.422000,2.884070,-0.462070,0.462070
Linear Regression,3.019000,2.543332,0.475668,0.475668
Linear Regression,4.158000,3.175528,0.982472,0.982472
Linear Regression,1.565000,2.125587,-0.560587,0.560587
Linear Regression,0.786000,0.343431,0.442569,0.442569
Linear Regression,4.414000,3.674134,0.739866,0.739866
Linear Regression,1.843000,1.981218,-0.138218,0.138218
Linear Regression,2.765000,3.219771,-0.454771,0.454771
Linear Regression,2.328000,1.948603,0.379397,0.379397
Linear Regression,0.604000,0.815624,-0.211624,0.211624
Linear Regression,2.241000,2.175939,0.065061,0.065061
Linear Regression,4.390000,2.973725,1.416275,1.416275
Linear Regression,1.231000,0.730159,0.500841,0.500841
Linear Regression,2.557000,2.966138,-0.409138,0.409138
Linear Regression,0.576000,0.666141,-0.090141,0.090141
Linear Regression,1.998000,2.490962,-0.492962,0.492962
Linear Regression,0.513000,0.955302,-0.442302,0.442302
Linear Regression,3.482000,3.448850,0.033150,0.033150
Linear Regression,3.628000,3.213796,0.414204,0.414204
Linear Regression,2.403000,2.391782,0.011218,0.011218
Linear Regression,0.736000,1.169541,-0.433541,0.433541
Linear Regression,1.726000,1.783474,-0.057474,0.057474
Linear Regression,2.290000,2.294598,-0.004598,0.004598
Linear Regression,1.663000,2.019984,-0.356984,0.356984
Linear Regression,0.833000,1.061127,-0.228127,0.228127
Linear Regression,5.000010,3.957903,1.042107,1.042107
Linear Regression,3.329000,3.135147,0.193853,0.193853
Linear Regression,0.543000,1.240042,-0.697042,0.697042
Linear Regression,2.417000,2.424028,-0.007028,0.007028
Linear Regression,3.875000,3.071121,0.803879,0.803879
Linear Regression,1.364000,1.720705,-0.356705,0.356705
Linear Regression,0.983000,2.116195,-1.133195,1.133195
Linear Regression,1.760000,1.878814,-0.118814,0.118814
Linear Regression,0.630000,0.836568,-0.206568,0.206568
Linear Regression,2.369000,1.909372,0.459628,0.459628
Linear Regression,0.972000,1.869204,-0.897204,0.897204
Linear Regression,2.200000,1.355793,0.844207,0.844207
Linear Regression,1.058000,1.627865,-0.569865,0.569865
Linear Regression,2.709000,2.929788,-0.220788,0.220788
Linear Regression,0.994000,1.503227,-0.509227,0.509227
Linear Regression,1.663000,1.552039,0.110961,0.110961
Linear Regression,1.438000,1.714494,-0.276494,0.276494
Linear Regression,1.406000,1.955439,-0.549439,0.549439
Linear Regression,3.309000,3.071426,0.237574,0.237574
Linear Regression,1.569000,2.129827,-0.560827,0.560827
Linear Regression,5.000010,3.444200,1.555810,1.555810
Linear Regression,1.625000,0.850489,0.774511,0.774511
Linear Regression,1.248000,0.751659,0.496341,0.496341
Linear Regression,2.161000,1.558260,0.602740,0.602740
Linear Regression,1.714000,1.844543,-0.130543,0.130543
Linear Regression,3.256000,2.720578,0.535422,0.535422
Linear Regression,1.098000,1.030826,0.067174,0.067174
Linear Regression,2.762000,2.550547,0.211453,0.211453
Linear Regression,1.299000,1.628791,-0.329791,0.329791
Linear Regression,2.923000,2.406275,0.516725,0.516725
Linear Regression,3.415000,3.185676,0.229324,0.229324
Linear Regression,0.668000,0.414920,0.253080,0.253080
Linear Regression,2.388000,2.241646,0.146354,0.146354
Linear Regression,0.774000,0.676842,0.097158,0.097158
Linear Regression,0.824000,0.266835,0.557165,0.557165
Linear Regression,3.599000,2.962063,0.636937,0.636937
Linear Regression,4.657000,3.402699,1.254301,1.254301
Linear Regression,2.140000,2.310852,-0.170852,0.170852
Linear Regression,1.071000,1.425308,-0.354308,0.354308
Linear Regression,1.578000,2.282813,-0.704813,0.704813
Linear Regression,1.193000,1.881896,-0.688896,0.688896
Linear Regression,2.329000,2.359994,-0.030994,0.030994
Linear Regression,1.795000,2.436725,-0.641725,0.641725
Linear Regression,0.701000,0.463590,0.237410,0.237410
Linear Regression,0.550000,0.622581,-0.072581,0.072581
Linear Regression,0.659000,0.827544,-0.168544,0.168544
Linear Regression,0.996000,1.145167,-0.149167,0.149167
Linear Regression,5.000010,4.730248,0.269762,0.269762
Linear Regression,1.641000,2.492700,-0.851700,0.851700
Linear Regression,0.770000,0.683640,0.086360,0.086360
Linear Regression,1.403000,1.005491,0.397509,0.397509
Linear Regression,1.729000,1.411218,0.317782,0.317782
Linear Regression,5.000010,2.068580,2.931430,2.931430
Linear Regression,3.143000,1.974578,1.168422,1.168422
Linear Regression,5.000010,2.628819,2.371191,2.371191
Linear Regression,5.000010,5.895146,-0.895136,0.895136
Linear Regression,1.430000,1.716169,-0.286169,0.286169
Linear Regression,2.806000,2.386503,0.419497,0.419497
Linear Regression,3.750000,2.079625,1.670375,1.670375
Linear Regression,1.375000,1.588717,-0.213717,0.213717
Linear Regression,3.371000,3.223283,0.147717,0.147717
Linear Regression,1.280000,1.369580,-0.089580,0.089580
Linear Regression,1.854000,1.951114,-0.097114,0.097114
Linear Regression,0.630000,0.624427,0.005573,0.005573
Linear Regression,1.095000,2.341257,-1.246257,1.246257
Linear Regression,4.000000,1.207784,2.792216,2.792216
Linear Regression,1.519000,2.596131,-1.077131,1.077131
Linear Regression,0.563000,0.626650,-0.063650,0.063650
Linear Regression,1.025000,0.482430,0.542570,0.542570
Linear Regression,2.250000,2.131923,0.118077,0.118077
Linear Regression,1.455000,1.995247,-0.540247,0.540247
Linear Regression,3.631000,2.303368,1.327632,1.327632
Linear Regression,2.490000,1.810287,0.679713,0.679713
Linear Regression,4.153000,3.311842,0.841158,0.841158
Linear Regression,2.674000,2.487587,0.186413,0.186413
Linear Regression,0.750000,1.121766,-0.371766,0.371766
Linear Regression,2.500000,2.177744,0.322256,0.322256
Linear Regression,1.618000,1.446908,0.171092,0.171092
Linear Regression,0.975000,0.695522,0.279478,0.279478
Linear Regression,1.115000,1.862015,-0.747015,0.747015
Linear Regression,0.873000,0.883410,-0.010410,0.010410
Linear Regression,2.729000,1.892087,0.836913,0.836913
Linear Regression,1.244000,0.979717,0.264283,0.264283
Linear Regression,2.287000,2.895161,-0.608161,0.608161
Linear Regression,2.295000,2.693945,-0.398945,0.398945
Linear Regression,1.625000,1.900633,-0.275633,0.275633
Linear Regression,0.800000,2.112208,-1.312208,1.312208
Linear Regression,1.188000,1.691315,-0.503315,0.503315
Linear Regression,2.442000,3.281439,-0.839439,0.839439
Linear Regression,1.875000,2.176965,-0.301965,0.301965
Linear Regression,2.460000,2.324862,0.135138,0.135138
Linear Regression,1.026000,1.345278,-0.319278,0.319278
Linear Regression,1.167000,0.720036,0.446964,0.446964
Linear Regression,1.375000,1.171302,0.203698,0.203698
Linear Regression,1.719000,2.828398,-1.109398,1.109398
Linear Regression,1.031000,1.359536,-0.328536,0.328536
Linear Regression,2.391000,2.464364,-0.073364,0.073364
Linear Regression,1.940000,2.465924,-0.525924,0.525924
Linear Regression,2.199000,2.158812,0.040188,0.040188
Linear Regression,3.800000,3.787067,0.012933,0.012933
Linear Regression,1.557000,1.721560,-0.164560,0.164560
Linear Regression,0.899000,0.377201,0.521799,0.521799
Linear Regression,0.893000,1.811146,-0.918146,0.918146
Linear Regression,0.550000,0.645674,-0.095674,0.095674
Linear Regression,0.498000,0.972811,-0.474811,0.474811
Linear Regression,1.464000,1.696130,-0.232130,0.232130
Linear Regression,2.780000,3.148978,-0.368978,0.368978
Linear Regression,2.887000,3.318175,-0.431175,0.431175
Linear Regression,1.292000,2.194042,-0.902042,0.902042
Linear Regression,2.216000,2.569357,-0.353357,0.353357
Linear Regression,0.856000,2.820240,-1.964240,1.964240
Linear Regression,1.604000,1.942279,-0.338279,0.338279
Linear Regression,0.576000,0.596676,-0.020676,0.020676
Linear Regression,3.485000,2.549480,0.935520,0.935520
Linear Regression,1.994000,2.729865,-0.735865,0.735865
Linear Regression,0.971000,1.603543,-0.632543,0.632543
Linear Regression,0.581000,1.133772,-0.552772,0.552772
Linear Regression,3.010000,2.652685,0.357315,0.357315
Linear Regression,0.742000,1.414934,-0.672934,0.672934
Linear Regression,2.494000,1.923438,0.570562,0.570562
Linear Regression,2.670000,2.731966,-0.061966,0.061966
Linear Regression,1.199000,1.189198,0.009802,0.009802
Linear Regression,0.777000,0.384332,0.392668,0.392668
Linear Regression,1.434000,1.453826,-0.019826,0.019826
Linear Regression,0.612000,0.579531,0.032469,0.032469
Linear Regression,2.068000,2.412118,-0.344118,0.344118
Linear Regression,3.282000,3.014292,0.267708,0.267708
Linear Regression,3.606000,2.677781,0.928219,0.928219
Linear Regression,1.078000,1.691575,-0.613575,0.613575
Linear Regression,0.515000,0.465963,0.049037,0.049037
Linear Regression,0.675000,1.111619,-0.436619,0.436619
Linear Regression,1.841000,1.715662,0.125338,0.125338
Linear Regression,2.000000,1.756064,0.243936,0.243936
Linear Regression,3.540000,1.614471,1.925529,1.925529
Linear Regression,3.938000,2.003085,1.934915,1.934915
Linear Regression,1.321000,2.119432,-0.798432,0.798432
Linear Regression,3.065000,2.844290,0.220710,0.220710
Linear Regression,1.349000,1.612730,-0.263730,0.263730
Linear Regression,3.193000,3.094716,0.098284,0.098284
Linear Regression,3.039000,2.641290,0.397710,0.397710
Linear Regression,3.500000,1.574149,1.925851,1.925851
Linear Regression,2.312000,2.445352,-0.133352,0.133352
Linear Regression,1.313000,2.354629,-1.041629,1.041629
Linear Regression,1.208000,1.876400,-0.668400,0.668400
Linear Regression,1.352000,1.103521,0.248479,0.248479
Linear Regression,0.689000,1.376815,-0.687815,0.687815
Linear Regression,4.250000,2.665979,1.584021,1.584021
Linear Regression,1.605000,1.744113,-0.139113,0.139113
Linear Regression,1.510000,2.086037,-0.576037,0.576037
Linear Regression,3.495000,3.913816,-0.418816,0.418816
Linear Regression,0.602000,1.005983,-0.403983,0.403983
Linear Regression,3.964000,2.936535,1.027465,1.027465
Linear Regression,2.785000,2.371245,0.413755,0.413755
Linear Regression,2.393000,1.077273,1.315727,1.315727
Linear Regression,2.249000,2.199141,0.049859,0.049859
Linear Regression,0.913000,1.405034,-0.492034,0.492034
Linear Regression,1.114000,1.485401,-0.371401,0.371401
Linear Regression,1.508000,1.749105,-0.241105,0.241105
Linear Regression,0.647000,0.627210,0.019790,0.019790
Linear Regression,3.588000,2.921115,0.666885,0.666885
Linear Regression,2.328000,2.482704,-0.154704,0.154704
Linear Regression,0.544000,-0.134695,0.678695,0.678695
Linear Regression,0.982000,0.875599,0.106401,0.106401
Linear Regression,2.258000,2.129640,0.128360,0.128360
Linear Regression,1.161000,1.939528,-0.778528,0.778528
Linear Regression,1.964000,1.932074,0.031926,0.031926
Linear Regression,1.232000,0.718689,0.513311,0.513311
Linear Regression,1.564000,2.519551,-0.955551,0.955551
Linear Regression,1.668000,2.120197,-0.452197,0.452197
Linear Regression,2.159000,2.131298,0.027702,0.027702
Linear Regression,1.173000,1.600457,-0.427457,0.427457
Linear Regression,2.432000,1.580888,0.851112,0.851112
Linear Regression,0.729000,1.298832,-0.569832,0.569832
Linear Regression,1.917000,2.362719,-0.445719,0.445719
Linear Regression,0.600000,1.550451,-0.950451,0.950451
Linear Regression,1.954000,2.260113,-0.306113,0.306113
Linear Regression,1.116000,2.009119,-0.893119,0.893119
Linear Regression,2.685000,2.225811,0.459189,0.459189
Linear Regression,2.600000,2.556111,0.043889,0.043889
Linear Regression,0.894000,0.975891,-0.081891,0.081891
Linear Regression,2.352000,3.391118,-1.039118,1.039118
Linear Regression,3.861000,2.059956,1.801044,1.801044
Linear Regression,1.875000,1.528038,0.346962,0.346962
Linear Regression,2.234000,2.033131,0.200869,0.200869
Linear Regression,1.203000,1.951896,-0.748896,0.748896
Linear Regression,1.358000,1.023157,0.334843,0.334843
Linear Regression,3.074000,2.284820,0.789180,0.789180
Linear Regression,3.268000,2.762150,0.505850,0.505850
Linear Regression,0.703000,0.368380,0.334620,0.334620
Linear Regression,0.682000,0.801764,-0.119764,0.119764
Linear Regression,1.146000,0.879053,0.266947,0.266947
Linear Regression,1.772000,2.683163,-0.911163,0.911163
Linear Regression,0.819000,1.303747,-0.484747,0.484747
Linear Regression,0.906000,1.742602,-0.836602,0.836602
Linear Regression,0.568000,0.995270,-0.427270,0.427270
Linear Regression,3.238000,2.989431,0.248569,0.248569
Linear Regression,2.444000,1.045447,1.398553,1.398553
Linear Regression,1.443000,1.708982,-0.265982,0.265982
Linear Regression,1.642000,1.512032,0.129968,0.129968
Linear Regression,2.376000,2.905818,-0.529818,0.529818
Linear Regression,2.430000,2.558587,-0.128587,0.128587
Linear Regression,0.833000,1.125288,-0.292288,0.292288
Linear Regression,0.875000,2.132043,-1.257043,1.257043
Linear Regression,1.317000,1.470675,-0.153675,0.153675
Linear Regression,0.470000,0.413880,0.056120,0.056120
Linear Regression,1.953000,1.919660,0.033340,0.033340
Linear Regression,1.841000,2.174453,-0.333453,0.333453
Linear Regression,1.288000,0.563939,0.724061,0.724061
Linear Regression,1.182000,0.513930,0.668070,0.668070
Linear Regression,2.128000,1.738968,0.389032,0.389032
Linear Regression,1.413000,0.666500,0.746500,0.746500
Linear Regression,2.271000,1.873306,0.397694,0.397694
Linear Regression,0.808000,2.265258,-1.457258,1.457258
Linear Regression,2.013000,2.012357,0.000643,0.000643
Linear Regression,1.833000,1.934234,-0.101234,0.101234
Linear Regression,1.550000,1.653952,-0.103952,0.103952
Linear Regression,1.438000,2.030939,-0.592939,0.592939
Linear Regression,1.375000,2.566749,-1.191749,1.191749
Linear Regression,2.801000,1.801508,0.999492,0.999492
Linear Regression,2.459000,2.460139,-0.001139,0.001139
Linear Regression,2.436000,2.137118,0.298882,0.298882
Linear Regression,1.030000,1.618052,-0.588052,0.588052
Linear Regression,1.038000,0.980248,0.057752,0.057752
Linear Regression,2.359000,1.828878,0.530122,0.530122
Linear Regression,1.619000,2.303391,-0.684391,0.684391
Linear Regression,3.944000,2.341715,1.602285,1.602285
Linear Regression,1.458000,1.207263,0.250737,0.250737
Linear Regression,1.848000,2.511129,-0.663129,0.663129
Linear Regression,2.423000,2.351187,0.071813,0.071813
Linear Regression,3.355000,2.161017,1.193983,1.193983
Linear Regression,1.655000,1.413486,0.241514,0.241514
Linear Regression,2.048000,3.135591,-1.087591,1.087591
Linear Regression,1.597000,1.249061,0.347939,0.347939
Linear Regression,1.691000,1.536984,0.154016,0.154016
Linear Regression,4.786000,2.302700,2.483300,2.483300
Linear Regression,2.589000,2.143740,0.445260,0.445260
Linear Regression,3.240000,2.444320,0.795680,0.795680
Linear Regression,1.031000,0.582924,0.448076,0.448076
Linear Regression,1.381000,1.592605,-0.211605,0.211605
Linear Regression,0.916000,1.309316,-0.393316,0.393316
Linear Regression,2.289000,3.008564,-0.719564,0.719564
Linear Regression,1.388000,1.447108,-0.059108,0.059108
Linear Regression,2.522000,2.208530,0.313470,0.313470
Linear Regression,4.203000,3.511914,0.691086,0.691086
Linear Regression,2.436000,2.821178,-0.385178,0.385178
Linear Regression,1.421000,1.825217,-0.404217,0.404217
Linear Regression,0.675000,0.948717,-0.273717,0.273717
Linear Regression,0.928000,1.818448,-0.890448,0.890448
Linear Regression,1.908000,2.447633,-0.539633,0.539633
Linear Regression,2.239000,2.034170,0.204830,0.204830
Linear Regression,1.434000,1.877839,-0.443839,0.443839
Linear Regression,1.327000,0.366745,0.960255,0.960255
Linear Regression,0.990000,1.148355,-0.158355,0.158355
Linear Regression,0.677000,0.770263,-0.093263,0.093263
Linear Regression,2.274000,2.875332,-0.601332,0.601332
Linear Regression,2.286000,2.431672,-0.145672,0.145672
Linear Regression,1.358000,1.585157,-0.227157,0.227157
Linear Regression,3.621000,3.154825,0.466175,0.466175
Linear Regression,2.813000,2.661082,0.151918,0.151918
Linear Regression,5.000010,5.019111,-0.019101,0.019101
Linear Regression,0.906000,1.780746,-0.874746,0.874746
Linear Regression,0.663000,1.183551,-0.520551,0.520551
Linear Regression,1.502000,1.306036,0.195964,0.195964
Linear Regression,1.703000,1.702947,0.000053,0.000053
Linear Regression,0.993000,0.098732,0.894268,0.894268
Linear Regression,3.229000,2.583758,0.645242,0.645242
Linear Regression,2.132000,0.613791,1.518209,1.518209
Linear Regression,2.170000,2.312939,-0.142939,0.142939
Linear Regression,2.679000,1.934148,0.744852,0.744852
Linear Regression,2.063000,1.821234,0.241766,0.241766
Linear Regression,3.768000,2.347315,1.420685,1.420685
Linear Regression,0.875000,0.785058,0.089942,0.089942
Linear Regression,3.047000,2.395288,0.651712,0.651712
Linear Regression,4.602000,2.888725,1.713275,1.713275
Linear Regression,1.285000,1.598138,-0.313138,0.313138
Linear Regression,2.846000,3.254286,-0.408286,0.408286
Linear Regression,1.196000,1.525523,-0.329523,0.329523
Linear Regression,2.086000,2.218861,-0.132861,0.132861
Linear Regression,1.175000,2.339747,-1.164747,1.164747
Linear Regression,0.669000,0.826733,-0.157733,0.157733
Linear Regression,2.048000,1.792030,0.255970,0.255970
Linear Regression,0.746000,1.252585,-0.506585,0.506585
Linear Regression,1.091000,1.581877,-0.490877,0.490877
Linear Regression,1.143000,1.954514,-0.811514,0.811514
Linear Regression,3.083000,2.499945,0.583055,0.583055
Linear Regression,1.130000,1.143554,-0.013554,0.013554
Linear Regression,0.917000,0.634324,0.282676,0.282676
Linear Regression,1.342000,1.592538,-0.250538,0.250538
Linear Regression,4.250000,2.050101,2.199899,2.199899
Linear Regression,0.539000,0.816471,-0.277471,0.277471
Linear Regression,3.106000,2.280759,0.825241,0.825241
Linear Regression,2.417000,2.300363,0.116637,0.116637
Linear Regression,2.268000,2.640672,-0.372672,0.372672
Linear Regression,1.008000,2.070775,-1.062775,1.062775
Linear Regression,2.380000,2.153688,0.226312,0.226312
Linear Regression,2.455000,2.021159,0.433841,0.433841
Linear Regression,1.565000,2.340460,-0.775460,0.775460
Linear Regression,1.156000,2.571000,-1.415000,1.415000
Linear Regression,0.664000,1.039199,-0.375199,0.375199
Linear Regression,0.588000,1.056257,-0.468257,0.468257
Linear Regression,2.236000,2.159080,0.076920,0.076920
Linear Regression,1.693000,2.207100,-0.514100,0.514100
Linear Regression,1.667000,1.411214,0.255786,0.255786
Linear Regression,2.250000,2.485267,-0.235267,0.235267
Linear Regression,0.726000,0.803143,-0.077143,0.077143
Linear Regression,1.603000,2.040546,-0.437546,0.437546
Linear Regression,1.475000,1.492764,-0.017764,0.017764
Linear Regression,0.912000,1.575309,-0.663309,0.663309
Linear Regression,2.083000,1.503005,0.579995,0.579995
Linear Regression,3.353000,2.347615,1.005385,1.005385
Linear Regression,0.580000,0.372034,0.207966,0.207966
Linear Regression,2.265000,1.992429,0.272571,0.272571
Linear Regression,3.452000,3.845050,-0.393050,0.393050
Linear Regression,1.068000,1.302870,-0.234870,0.234870
Linear Regression,5.000010,0.851622,4.148388,4.148388
Linear Regression,2.750000,2.402231,0.347769,0.347769
Linear Regression,0.958000,0.971058,-0.013058,0.013058
Linear Regression,0.972000,1.576818,-0.604818,0.604818
Linear Regression,1.550000,1.457075,0.092925,0.092925
Linear Regression,4.000000,3.900766,0.099234,0.099234
Linear Regression,5.000010,1.876420,3.123590,3.123590
Linear Regression,3.043000,3.033800,0.009200,0.009200
Linear Regression,3.592000,3.163607,0.428393,0.428393
Linear Regression,1.447000,1.723253,-0.276253,0.276253
Linear Regression,3.528000,2.342915,1.185085,1.185085
Linear Regression,3.556000,2.832056,0.723944,0.723944
Linear Regression,0.991000,1.591734,-0.600734,0.600734
Linear Regression,2.504000,2.293226,0.210774,0.210774
Linear Regression,1.056000,1.310995,-0.254995,0.254995
Linear Regression,5.000010,3.995830,1.004180,1.004180
Linear Regression,1.620000,1.961128,-0.341128,0.341128
Linear Regression,2.722000,2.878682,-0.156682,0.156682
Linear Regression,2.459000,3.226128,-0.767128,0.767128
Linear Regression,1.833000,1.865021,-0.032021,0.032021
Linear Regression,2.207000,2.842247,-0.635247,0.635247
Linear Regression,1.610000,2.293027,-0.683027,0.683027
Linear Regression,3.039000,3.046728,-0.007728,0.007728
Linear Regression,2.662000,2.264098,0.397902,0.397902
Linear Regression,0.901000,1.244728,-0.343728,0.343728
Linear Regression,0.875000,1.563538,-0.688538,0.688538
Linear Regression,2.094000,1.869795,0.224205,0.224205
Linear Regression,1.887000,1.793774,0.093226,0.093226
Linear Regression,1.014000,1.653971,-0.639971,0.639971
Linear Regression,3.875000,3.665927,0.209073,0.209073
Linear Regression,3.591000,2.644397,0.946603,0.946603
Linear Regression,3.273000,1.978913,1.294087,1.294087
Linear Regression,2.792000,2.422036,0.369964,0.369964
Linear Regression,2.336000,3.161927,-0.825927,0.825927
Linear Regression,1.635000,2.730746,-1.095746,1.095746
Linear Regression,1.242000,2.331542,-1.089542,1.089542
Linear Regression,4.500000,2.429072,2.070928,2.070928
Linear Regression,1.119000,1.581637,-0.462637,0.462637
Linear Regression,0.908000,1.508875,-0.600875,0.600875
Linear Regression,1.206000,2.632321,-1.426321,1.426321
Linear Regression,4.838000,3.197528,1.640472,1.640472
Linear Regression,3.667000,2.373505,1.293495,1.293495
Linear Regression,2.010000,1.991919,0.018081,0.018081
Linear Regression,3.336000,2.731778,0.604222,0.604222
Linear Regression,3.625000,2.155997,1.469003,1.469003
Linear Regression,1.701000,1.941973,-0.240973,0.240973
Linear Regression,2.467000,2.869305,-0.402305,0.402305
Linear Regression,1.612000,1.856198,-0.244198,0.244198
Linear Regression,1.470000,1.005293,0.464707,0.464707
Linear Regression,1.179000,1.861743,-0.682743,0.682743
Linear Regression,1.113000,0.827559,0.285441,0.285441
Linear Regression,2.665000,2.644993,0.020007,0.020007
Linear Regression,1.135000,1.626905,-0.491905,0.491905
Linear Regression,3.291000,2.338829,0.952171,0.952171
Linear Regression,5.000010,2.978237,2.021773,2.021773
Linear Regression,2.365000,1.895112,0.469888,0.469888
Linear Regression,1.222000,1.317911,-0.095911,0.095911
Linear Regression,0.819000,0.337480,0.481520,0.481520
Linear Regression,3.864000,3.329883,0.534117,0.534117
Linear Regression,1.848000,2.119622,-0.271622,0.271622
Linear Regression,1.607000,2.806801,-1.199801,1.199801
Linear Regression,1.016000,1.101811,-0.085811,0.085811
Linear Regression,4.240000,3.172938,1.067062,1.067062
Linear Regression,2.625000,2.657118,-0.032118,0.032118
Linear Regression,3.694000,2.156922,1.537078,1.537078
Linear Regression,1.151000,2.245789,-1.094789,1.094789
Linear Regression,2.817000,2.199318,0.617682,0.617682
Linear Regression,0.981000,1.669507,-0.688507,0.688507
Linear Regression,1.311000,1.793632,-0.482632,0.482632
Linear Regression,2.518000,2.125859,0.392141,0.392141
Linear Regression,2.327000,2.660667,-0.333667,0.333667
Linear Regression,1.392000,1.203430,0.188570,0.188570
Linear Regression,0.715000,1.269945,-0.554945,0.554945
Linear Regression,3.405000,2.834097,0.570903,0.570903
Linear Regression,2.708000,2.188900,0.519100,0.519100
Linear Regression,1.556000,1.601335,-0.045335,0.045335
Linear Regression,0.892000,1.015199,-0.123199,0.123199
Linear Regression,1.670000,2.478208,-0.808208,0.808208
Linear Regression,1.031000,0.808559,0.222441,0.222441
Linear Regression,1.805000,2.285920,-0.480920,0.480920
Linear Regression,0.512000,1.078318,-0.566318,0.566318
Linear Regression,2.046000,2.393878,-0.347878,0.347878
Linear Regression,3.872000,2.150257,1.721743,1.721743
Linear Regression,1.625000,1.536560,0.088440,0.088440
Linear Regression,1.204000,1.604901,-0.400901,0.400901
Linear Regression,1.397000,1.329753,0.067247,0.067247
Linear Regression,0.982000,1.131173,-0.149173,0.149173
Linear Regression,2.694000,2.935807,-0.241807,0.241807
Linear Regression,2.691000,2.311447,0.379553,0.379553
Linear Regression,5.000010,2.800880,2.199130,2.199130
Linear Regression,0.496000,0.774507,-0.278507,0.278507
Linear Regression,0.580000,0.799020,-0.219020,0.219020
Linear Regression,0.659000,0.911200,-0.252200,0.252200
Linear Regression,1.754000,2.320248,-0.566248,0.566248
Linear Regression,3.918000,3.426665,0.491335,0.491335
Linear Regression,2.808000,2.084522,0.723478,0.723478
Linear Regression,0.907000,1.524319,-0.617319,0.617319
Linear Regression,5.000010,5.054819,-0.054809,0.054809
Linear Regression,0.923000,1.639159,-0.716159,0.716159
Linear Regression,2.271000,2.755251,-0.484251,0.484251
Linear Regression,1.625000,1.582671,0.042329,0.042329
Linear Regression,2.909000,2.962149,-0.053149,0.053149
Linear Regression,1.831000,1.893083,-0.062083,0.062083
Linear Regression,2.832000,3.272701,-0.440701,0.440701
Linear Regression,1.774000,2.730072,-0.956072,0.956072
Linear Regression,2.387000,2.745410,-0.358410,0.358410
Linear Regression,3.213000,2.468646,0.744354,0.744354
Linear Regression,2.615000,2.848901,-0.233901,0.233901
Linear Regression,0.993000,1.629548,-0.636548,0.636548
Linear Regression,2.261000,2.496407,-0.235407,0.235407
Linear Regression,0.517000,0.578345,-0.061345,0.061345
Linear Regression,1.569000,1.986699,-0.417699,0.417699
Linear Regression,1.609000,2.015822,-0.406822,0.406822
Linear Regression,2.224000,2.212666,0.011334,0.011334
Linear Regression,3.052000,2.770789,0.281211,0.281211
Linear Regression,1.388000,1.999875,-0.611875,0.611875
Linear Regression,2.307000,2.854653,-0.547653,0.547653
Linear Regression,0.943000,1.295648,-0.352648,0.352648
Linear Regression,0.972000,1.612985,-0.640985,0.640985
Linear Regression,3.821000,2.771876,1.049124,1.049124
Linear Regression,1.932000,2.560347,-0.628347,0.628347
Linear Regression,2.095000,1.860334,0.234666,0.234666
Linear Regression,2.314000,1.915484,0.398516,0.398516
Linear Regression,0.893000,1.856469,-0.963469,0.963469
Linear Regression,1.961000,2.202021,-0.241021,0.241021
Linear Regression,1.135000,1.129941,0.005059,0.005059
Linear Regression,1.784000,2.321592,-0.537592,0.537592
Linear Regression,4.065000,2.423152,1.641848,1.641848
Linear Regression,2.282000,2.320417,-0.038417,0.038417
Linear Regression,2.348000,2.343113,0.004887,0.004887
Linear Regression,2.313000,2.036397,0.276603,0.276603
Linear Regression,5.000010,3.803753,1.196257,1.196257
Linear Regression,1.841000,2.056567,-0.215567,0.215567
Linear Regression,2.137000,2.629723,-0.492723,0.492723
Linear Regression,5.000010,4.016239,0.983771,0.983771
Linear Regression,1.692000,1.988123,-0.296123,0.296123
Linear Regression,2.324000,2.655079,-0.331079,0.331079
Linear Regression,3.517000,3.774674,-0.257674,0.257674
Linear Regression,2.346000,2.119016,0.226984,0.226984
Linear Regression,1.125000,2.106836,-0.981836,0.981836
Linear Regression,1.452000,1.567670,-0.115670,0.115670
Linear Regression,0.872000,1.053115,-0.181115,0.181115
Linear Regression,0.535000,0.853502,-0.318502,0.318502
Linear Regression,0.438000,1.069594,-0.631594,0.631594
Linear Regression,0.942000,0.130759,0.811241,0.811241
Linear Regression,2.188000,1.322087,0.865913,0.865913
Linear Regression,1.919000,2.052702,-0.133702,0.133702
Linear Regression,1.322000,1.793334,-0.471334,0.471334
Linear Regression,0.468000,1.134417,-0.666417,0.666417
Linear Regression,1.497000,2.460554,-0.963554,0.963554
Linear Regression,1.263000,1.583603,-0.320603,0.320603
Linear Regression,2.559000,2.664655,-0.105655,0.105655
Linear Regression,0.945000,1.413142,-0.468142,0.468142
Linear Regression,2.371000,2.400939,-0.029939,0.029939
Linear Regression,5.000010,3.119947,1.880063,1.880063
Linear Regression,0.875000,1.681204,-0.806204,0.806204
Linear Regression,1.266000,1.063461,0.202539,0.202539
Linear Regression,2.451000,2.616851,-0.165851,0.165851
Linear Regression,1.574000,1.969862,-0.395862,0.395862
Linear Regression,0.784000,0.891491,-0.107491,0.107491
Linear Regression,2.181000,2.197781,-0.016781,0.016781
Linear Regression,3.500000,2.243260,1.256740,1.256740
Linear Regression,1.984000,1.923306,0.060694,0.060694
Linear Regression,1.439000,1.624118,-0.185118,0.185118
Linear Regression,3.379000,3.018788,0.360212,0.360212
Linear Regression,0.763000,1.290252,-0.527252,0.527252
Linear Regression,1.601000,2.295356,-0.694356,0.694356
Linear Regression,1.306000,1.641595,-0.335595,0.335595
Linear Regression,1.125000,1.356934,-0.231934,0.231934
Linear Regression,3.292000,2.697276,0.594724,0.594724
Linear Regression,2.333000,1.889394,0.443606,0.443606
Linear Regression,0.992000,1.571556,-0.579556,0.579556
Linear Regression,1.979000,1.970887,0.008113,0.008113
Linear Regression,2.041000,3.062999,-1.021999,1.021999
Linear Regression,3.500000,2.727016,0.772984,0.772984
Linear Regression,0.621000,1.185592,-0.564592,0.564592
Linear Regression,1.404000,1.346628,0.057372,0.057372
Linear Regression,1.521000,2.286682,-0.765682,0.765682
Linear Regression,1.305000,0.189665,1.115335,1.115335
Linear Regression,1.951000,2.488798,-0.537798,0.537798
Linear Regression,1.995000,2.432545,-0.437545,0.437545
Linear Regression,1.375000,1.686534,-0.311534,0.311534
Linear Regression,2.750000,2.119585,0.630415,0.630415
Linear Regression,1.229000,2.242609,-1.013609,1.013609
Linear Regression,1.090000,1.573953,-0.483953,0.483953
Linear Regression,1.217000,1.024085,0.192915,0.192915
Linear Regression,3.020000,3.303283,-0.283283,0.283283
Linear Regression,2.417000,1.959160,0.457840,0.457840
Linear Regression,1.532000,2.243892,-0.711892,0.711892
Linear Regression,1.693000,2.688825,-0.995825,0.995825
Linear Regression,3.585000,3.965409,-0.380409,0.380409
Linear Regression,1.750000,1.953278,-0.203278,0.203278
Linear Regression,1.125000,1.162409,-0.037409,0.037409
Linear Regression,3.760000,3.638914,0.121086,0.121086
Linear Regression,1.188000,0.750346,0.437654,0.437654
Linear Regression,4.010000,3.232753,0.777247,0.777247
Linear Regression,1.079000,0.948443,0.130557,0.130557
Linear Regression,3.397000,2.456970,0.940030,0.940030
Linear Regression,1.580000,2.114865,-0.534865,0.534865
Linear Regression,4.688000,2.898234,1.789766,1.789766
Linear Regression,0.631000,0.808020,-0.177020,0.177020
Linear Regression,1.846000,2.188071,-0.342071,0.342071
Linear Regression,1.897000,2.388879,-0.491879,0.491879
Linear Regression,1.909000,2.110427,-0.201427,0.201427
Linear Regression,0.675000,1.720338,-1.045338,1.045338
Linear Regression,0.853000,1.316956,-0.463956,0.463956
Linear Regression,1.736000,2.243050,-0.507050,0.507050
Linear Regression,1.297000,1.606724,-0.309724,0.309724
Linear Regression,1.810000,2.569730,-0.759730,0.759730
Linear Regression,5.000010,6.988095,-1.988085,1.988085
Linear Regression,3.762000,3.635601,0.126399,0.126399
Linear Regression,2.430000,2.713586,-0.283586,0.283586
Linear Regression,1.482000,1.466001,0.015999,0.015999
Linear Regression,2.381000,2.962908,-0.581908,0.581908
Linear Regression,4.500000,2.971210,1.528790,1.528790
Linear Regression,2.400000,2.700108,-0.300108,0.300108
Linear Regression,5.000010,1.547530,3.452480,3.452480
Linear Regression,2.741000,2.615816,0.125184,0.125184
Linear Regression,1.901000,2.644188,-0.743188,0.743188
Linear Regression,2.684000,2.742418,-0.058418,0.058418
Linear Regression,3.493000,2.170702,1.322298,1.322298
Linear Regression,2.757000,2.474595,0.282405,0.282405
Linear Regression,1.828000,2.002941,-0.174941,0.174941
Linear Regression,5.000010,5.911646,-0.911636,0.911636
Linear Regression,2.132000,2.158718,-0.026718,0.026718
Linear Regression,1.795000,2.412675,-0.617675,0.617675
Linear Regression,1.385000,1.363956,0.021044,0.021044
Linear Regression,1.813000,1.488915,0.324085,0.324085
Linear Regression,3.405000,2.143620,1.261380,1.261380
Linear Regression,2.250000,1.945968,0.304032,0.304032
Linear Regression,0.683000,1.031993,-0.348993,0.348993
Linear Regression,2.379000,2.724988,-0.345988,0.345988
Linear Regression,1.497000,1.843682,-0.346682,0.346682
Linear Regression,1.258000,1.924118,-0.666118,0.666118
Linear Regression,0.876000,1.777093,-0.901093,0.901093
Linear Regression,1.250000,1.567547,-0.317547,0.317547
Linear Regression,1.688000,1.137257,0.550743,0.550743
Linear Regression,1.350000,2.160188,-0.810188,0.810188
Linear Regression,0.863000,1.344174,-0.481174,0.481174
Linear Regression,0.649000,1.083449,-0.434449,0.434449
Linear Regression,1.063000,1.762286,-0.699286,0.699286
Linear Regression,2.857000,3.023256,-0.166256,0.166256
Linear Regression,2.724000,3.130576,-0.406576,0.406576
Linear Regression,2.177000,2.788430,-0.611430,0.611430
Linear Regression,0.918000,1.793582,-0.875582,0.875582
Linear Regression,1.630000,2.038775,-0.408775,0.408775
Linear Regression,1.951000,2.160924,-0.209924,0.209924
Linear Regression,0.325000,0.841349,-0.516349,0.516349
Linear Regression,2.753000,1.879607,0.873393,0.873393
Linear Regression,1.369000,1.665604,-0.296604,0.296604
Linear Regression,1.941000,2.268517,-0.327517,0.327517
Linear Regression,2.302000,2.202618,0.099382,0.099382
Linear Regression,1.436000,1.358841,0.077159,0.077159
Linear Regression,0.396000,0.740118,-0.344118,0.344118
Linear Regression,0.598000,0.376599,0.221401,0.221401
Linear Regression,2.107000,2.452622,-0.345622,0.345622
Linear Regression,1.563000,0.894044,0.668956,0.668956
Linear Regression,2.156000,2.264743,-0.108743,0.108743
Linear Regression,1.775000,1.733050,0.041950,0.041950
Linear Regression,2.189000,2.112392,0.076608,0.076608
Linear Regression,1.284000,1.840882,-0.556882,0.556882
Linear Regression,1.906000,1.731035,0.174965,0.174965
Linear Regression,3.983000,2.516467,1.466533,1.466533
Linear Regression,3.671000,1.627871,2.043129,2.043129
Linear Regression,1.225000,1.875729,-0.650729,0.650729
Linear Regression,3.761000,1.599973,2.161027,2.161027
Linear Regression,1.576000,1.640928,-0.064928,0.064928
Linear Regression,1.781000,1.476901,0.304099,0.304099
Linear Regression,0.724000,0.745121,-0.021121,0.021121
Linear Regression,2.876000,2.678572,0.197428,0.197428
Linear Regression,1.750000,1.701825,0.048175,0.048175
Linear Regression,2.808000,2.045559,0.762441,0.762441
Linear Regression,1.605000,2.128574,-0.523574,0.523574
Linear Regression,1.586000,1.878714,-0.292714,0.292714
Linear Regression,1.443000,1.528761,-0.085761,0.085761
Linear Regression,1.363000,1.845709,-0.482709,0.482709
Linear Regression,2.182000,2.534371,-0.352371,0.352371
Linear Regression,4.664000,3.277946,1.386054,1.386054
Linear Regression,3.861000,4.548420,-0.687420,0.687420
Linear Regression,2.512000,1.879191,0.632809,0.632809
Linear Regression,1.904000,1.763903,0.140097,0.140097
Linear Regression,2.231000,2.354502,-0.123502,0.123502
Linear Regression,3.610000,2.410707,1.199293,1.199293
Linear Regression,2.750000,0.718904,2.031096,2.031096
Linear Regression,0.708000,1.095987,-0.387987,0.387987
Linear Regression,4.600000,2.375766,2.224234,2.224234
Linear Regression,0.675000,1.023306,-0.348306,0.348306
Linear Regression,2.250000,1.077295,1.172705,1.172705
Linear Regression,1.761000,2.057236,-0.296236,0.296236
Linear Regression,0.524000,0.668284,-0.144284,0.144284
Linear Regression,1.676000,2.439221,-0.763221,0.763221
Linear Regression,0.997000,1.336680,-0.339680,0.339680
Linear Regression,0.889000,1.502613,-0.613613,0.613613
Linear Regression,2.237000,2.334118,-0.097118,0.097118
Linear Regression,1.805000,2.144488,-0.339488,0.339488
Linear Regression,0.932000,1.580886,-0.648886,0.648886
Linear Regression,1.738000,1.712282,0.025718,0.025718
Linear Regression,4.908000,3.874792,1.033208,1.033208
Linear Regression,1.042000,1.481935,-0.439935,0.439935
Linear Regression,2.761000,2.268847,0.492153,0.492153
Linear Regression,2.547000,2.506473,0.040527,0.040527
Linear Regression,2.123000,2.761141,-0.638141,0.638141
Linear Regression,0.875000,1.584254,-0.709254,0.709254
Linear Regression,0.942000,1.482570,-0.540570,0.540570
Linear Regression,1.635000,2.584865,-0.949865,0.949865
Linear Regression,5.000010,2.398402,2.601608,2.601608
Linear Regression,1.250000,1.682231,-0.432231,0.432231
Linear Regression,1.823000,1.916906,-0.093906,0.093906
Linear Regression,1.117000,1.446373,-0.329373,0.329373
Linear Regression,1.460000,1.668209,-0.208209,0.208209
Linear Regression,5.000010,4.015482,0.984528,0.984528
Linear Regression,3.205000,2.838131,0.366869,0.366869
Linear Regression,0.480000,1.012181,-0.532181,0.532181
Linear Regression,1.688000,2.956425,-1.268425,1.268425
Linear Regression,0.675000,0.448600,0.226400,0.226400
Linear Regression,1.731000,1.583834,0.147166,0.147166
Linear Regression,1.500000,1.190723,0.309277,0.309277
Linear Regression,3.292000,2.822503,0.469497,0.469497
Linear Regression,1.410000,1.753679,-0.343679,0.343679
Linear Regression,3.780000,3.305512,0.474488,0.474488
Linear Regression,0.802000,0.477401,0.324599,0.324599
Linear Regression,2.033000,1.949976,0.083024,0.083024
Linear Regression,3.949000,4.030328,-0.081328,0.081328
Linear Regression,0.845000,1.189142,-0.344142,0.344142
Linear Regression,3.273000,2.004252,1.268748,1.268748
Linear Regression,2.012000,2.010233,0.001767,0.001767
Linear Regression,1.625000,2.444806,-0.819806,0.819806
Linear Regression,2.660000,3.096658,-0.436658,0.436658
Linear Regression,2.212000,2.602803,-0.390803,0.390803
Linear Regression,1.765000,2.127455,-0.362455,0.362455
Linear Regression,2.063000,2.265542,-0.202542,0.202542
Linear Regression,5.000010,3.065708,1.934302,1.934302
Linear Regression,1.867000,2.016141,-0.149141,0.149141
Linear Regression,1.125000,2.568678,-1.443678,1.443678
Linear Regression,0.905000,1.195886,-0.290886,0.290886
Linear Regression,1.908000,2.172862,-0.264862,0.264862
Linear Regression,1.988000,1.554442,0.433558,0.433558
Linear Regression,1.656000,1.924675,-0.268675,0.268675
Linear Regression,5.000010,3.962118,1.037892,1.037892
Linear Regression,1.457000,2.239509,-0.782509,0.782509
Linear Regression,0.913000,1.238264,-0.325264,0.325264
Linear Regression,1.404000,1.978461,-0.574461,0.574461
Linear Regression,1.917000,1.934080,-0.017080,0.017080
Linear Regression,0.611000,0.762863,-0.151863,0.151863
Linear Regression,1.530000,1.585643,-0.055643,0.055643
Linear Regression,0.855000,1.365165,-0.510165,0.510165
Linear Regression,1.645000,0.998812,0.646188,0.646188
Linear Regression,3.862000,3.559327,0.302673,0.302673
Linear Regression,3.413000,3.258795,0.154205,0.154205
Linear Regression,2.464000,2.336282,0.127718,0.127718
Linear Regression,1.218000,1.714576,-0.496576,0.496576
Linear Regression,1.325000,2.004601,-0.679601,0.679601
Linear Regression,0.980000,1.710204,-0.730204,0.730204
Linear Regression,2.414000,2.290239,0.123761,0.123761
Linear Regression,1.713000,2.512571,-0.799571,0.799571
Linear Regression,1.201000,1.355494,-0.154494,0.154494
Linear Regression,5.000010,6.730427,-1.730417,1.730417
Linear Regression,1.927000,1.643989,0.283011,0.283011
Linear Regression,2.328000,2.204084,0.123916,0.123916
Linear Regression,1.918000,2.190384,-0.272384,0.272384
Linear Regression,1.963000,2.439556,-0.476556,0.476556
Linear Regression,2.939000,2.952103,-0.013103,0.013103
Linear Regression,0.846000,1.711195,-0.865195,0.865195
Linear Regression,5.000010,4.060169,0.939841,0.939841
Linear Regression,5.000010,3.815333,1.184677,1.184677
Linear Regression,1.073000,2.143186,-1.070186,1.070186
Linear Regression,1.500000,2.451829,-0.951829,0.951829
Linear Regression,2.042000,2.362330,-0.320330,0.320330
Linear Regression,2.683000,3.272305,-0.589305,0.589305
Linear Regression,1.035000,0.663180,0.371820,0.371820
Linear Regression,1.615000,1.771819,-0.156819,0.156819
Linear Regression,2.224000,2.092136,0.131864,0.131864
Linear Regression,1.669000,1.656119,0.012881,0.012881
Linear Regression,2.292000,2.266678,0.025322,0.025322
Linear Regression,2.059000,1.743389,0.315611,0.315611
Linear Regression,0.955000,0.525602,0.429398,0.429398
Linear Regression,1.625000,2.566671,-0.941671,0.941671
Linear Regression,2.407000,2.375816,0.031184,0.031184
Linear Regression,0.828000,1.406249,-0.578249,0.578249
Linear Regression,2.302000,1.351039,0.950961,0.950961
Linear Regression,1.859000,1.717741,0.141259,0.141259
Linear Regression,1.058000,1.314916,-0.256916,0.256916
Linear Regression,1.188000,1.415522,-0.227522,0.227522
Linear Regression,1.944000,2.256157,-0.312157,0.312157
Linear Regression,1.833000,2.115822,-0.282822,0.282822
Linear Regression,2.925000,2.069981,0.855019,0.855019
Linear Regression,1.442000,1.798339,-0.356339,0.356339
Linear Regression,5.000010,2.426908,2.573102,2.573102
Linear Regression,1.342000,2.197755,-0.855755,0.855755
Linear Regression,0.528000,0.733525,-0.205525,0.205525
Linear Regression,1.887000,2.152206,-0.265206,0.265206
Linear Regression,2.040000,2.256462,-0.216462,0.216462
Linear Regression,1.795000,2.009289,-0.214289,0.214289
Linear Regression,0.989000,1.158825,-0.169825,0.169825
Linear Regression,2.799000,2.245404,0.553596,0.553596
Linear Regression,3.277000,2.643901,0.633099,0.633099
Linear Regression,2.080000,1.706919,0.373081,0.373081
Linear Regression,2.083000,2.487925,-0.404925,0.404925
Linear Regression,1.125000,3.594883,-2.469883,2.469883
Linear Regression,2.347000,3.072451,-0.725451,0.725451
Linear Regression,2.145000,2.241240,-0.096240,0.096240
Linear Regression,3.385000,3.147092,0.237908,0.237908
Linear Regression,5.000010,7.087367,-2.087357,2.087357
Linear Regression,2.841000,2.453655,0.387345,0.387345
Linear Regression,5.000010,3.978487,1.021523,1.021523
Linear Regression,1.813000,1.569773,0.243227,0.243227
Linear Regression,1.250000,1.714101,-0.464101,0.464101
Linear Regression,4.125000,1.936211,2.188789,2.188789
Linear Regression,1.125000,0.912755,0.212245,0.212245
Linear Regression,0.903000,-0.225923,1.128923,1.128923
Linear Regression,0.960000,1.892551,-0.932551,0.932551
Linear Regression,1.425000,1.881091,-0.456091,0.456091
Linear Regression,2.663000,2.676175,-0.013175,0.013175
Linear Regression,1.650000,1.695193,-0.045193,0.045193
Linear Regression,1.180000,1.723183,-0.543183,0.543183
Linear Regression,1.564000,2.388776,-0.824776,0.824776
Linear Regression,4.268000,4.252422,0.015578,0.015578
Linear Regression,3.086000,2.551983,0.534017,0.534017
Linear Regression,2.392000,0.953743,1.438257,1.438257
Linear Regression,1.094000,1.788849,-0.694849,0.694849
Linear Regression,0.666000,0.853921,-0.187921,0.187921
Linear Regression,3.685000,3.101651,0.583349,0.583349
Linear Regression,3.305000,3.420177,-0.115177,0.115177
Linear Regression,2.736000,2.665245,0.070755,0.070755
Linear Regression,5.000010,4.732621,0.267389,0.267389
Linear Regression,3.211000,3.268169,-0.057169,0.057169
Linear Regression,2.426000,1.746136,0.679864,0.679864
Linear Regression,2.319000,2.501074,-0.182074,0.182074
Linear Regression,1.514000,2.516690,-1.002690,1.002690
Linear Regression,2.278000,2.425686,-0.147686,0.147686
Linear Regression,3.800000,3.284183,0.515817,0.515817
Linear Regression,0.952000,1.951026,-0.999026,0.999026
Linear Regression,1.939000,2.089689,-0.150689,0.150689
Linear Regression,2.607000,2.405103,0.201897,0.201897
Linear Regression,1.910000,1.580216,0.329784,0.329784
Linear Regression,0.649000,1.111747,-0.462747,0.462747
Linear Regression,1.283000,1.918446,-0.635446,0.635446
Linear Regression,1.898000,2.313745,-0.415745,0.415745
Linear Regression,1.833000,1.844025,-0.011025,0.011025
Linear Regression,1.518000,0.293428,1.224572,1.224572
Linear Regression,2.573000,2.016651,0.556349,0.556349
Linear Regression,1.375000,-0.077518,1.452518,1.452518
Linear Regression,1.250000,1.040793,0.209207,0.209207
Linear Regression,2.181000,2.151609,0.029391,0.029391
Linear Regression,1.681000,2.288679,-0.607679,0.607679
Linear Regression,2.318000,1.588447,0.729553,0.729553
Linear Regression,1.490000,1.933804,-0.443804,0.443804
Linear Regression,1.703000,2.321327,-0.618327,0.618327
Linear Regression,3.913000,2.800224,1.112776,1.112776
Linear Regression,2.823000,2.492572,0.330428,0.330428
Linear Regression,5.000010,3.726423,1.273587,1.273587
Linear Regression,1.354000,0.945150,0.408850,0.408850
Linear Regression,3.284000,2.498888,0.785112,0.785112
Linear Regression,3.500000,1.754568,1.745432,1.745432
Linear Regression,1.823000,2.074751,-0.251751,0.251751
Linear Regression,5.000010,5.516621,-0.516611,0.516611
Linear Regression,1.920000,1.645116,0.274884,0.274884
Linear Regression,2.408000,2.725062,-0.317062,0.317062
Linear Regression,1.750000,2.291069,-0.541069,0.541069
Linear Regression,1.264000,1.572369,-0.308369,0.308369
Linear Regression,1.259000,1.602620,-0.343620,0.343620
Linear Regression,1.947000,2.411539,-0.464539,0.464539
Linear Regression,3.418000,3.383095,0.034905,0.034905
Linear Regression,2.119000,1.769870,0.349130,0.349130
Linear Regression,1.375000,0.127543,1.247457,1.247457
Linear Regression,2.706000,2.134025,0.571975,0.571975
Linear Regression,1.723000,2.006097,-0.283097,0.283097
Linear Regression,2.621000,1.893183,0.727817,0.727817
Linear Regression,1.491000,1.736921,-0.245921,0.245921
Linear Regression,3.391000,2.549662,0.841338,0.841338
Linear Regression,2.486000,2.432394,0.053606,0.053606
Linear Regression,1.287000,2.250336,-0.963336,0.963336
Linear Regression,3.439000,2.398838,1.040162,1.040162
Linear Regression,1.750000,1.732612,0.017388,0.017388
Linear Regression,2.875000,2.069608,0.805392,0.805392
Linear Regression,1.436000,2.330426,-0.894426,0.894426
Linear Regression,3.462000,2.733467,0.728533,0.728533
Linear Regression,2.322000,2.986310,-0.664310,0.664310
Linear Regression,2.000000,2.324405,-0.324405,0.324405
Linear Regression,2.415000,2.340213,0.074787,0.074787
Linear Regression,0.675000,0.856966,-0.181966,0.181966
Linear Regression,1.917000,0.947800,0.969200,0.969200
Linear Regression,1.783000,2.213168,-0.430168,0.430168
Linear Regression,1.782000,2.393226,-0.611226,0.611226
Linear Regression,1.332000,1.611033,-0.279033,0.279033
Linear Regression,2.738000,2.727387,0.010613,0.010613
Linear Regression,1.522000,1.785533,-0.263533,0.263533
Linear Regression,1.871000,2.206001,-0.335001,0.335001
Linear Regression,1.375000,1.107885,0.267115,0.267115
Linear Regression,1.104000,1.437579,-0.333579,0.333579
Linear Regression,2.406000,1.673040,0.732960,0.732960
Linear Regression,1.625000,1.727234,-0.102234,0.102234
Linear Regression,0.838000,0.848569,-0.010569,0.010569
Linear Regression,2.656000,2.758515,-0.102515,0.102515
Linear Regression,2.115000,2.563264,-0.448264,0.448264
Linear Regression,1.734000,2.370122,-0.636122,0.636122
Linear Regression,3.100000,1.262421,1.837579,1.837579
Linear Regression,0.995000,1.741475,-0.746475,0.746475
Linear Regression,1.914000,2.311610,-0.397610,0.397610
Linear Regression,2.201000,1.958739,0.242261,0.242261
Linear Regression,1.673000,2.316056,-0.643056,0.643056
Linear Regression,0.650000,1.073081,-0.423081,0.423081
Linear Regression,1.418000,2.304857,-0.886857,0.886857
Linear Regression,2.906000,2.177122,0.728878,0.728878
Linear Regression,3.192000,2.458016,0.733984,0.733984
Linear Regression,1.188000,1.499626,-0.311626,0.311626
Linear Regression,2.000000,1.700335,0.299665,0.299665
Linear Regression,2.195000,1.850900,0.344100,0.344100
Linear Regression,2.894000,3.150598,-0.256598,0.256598
Linear Regression,1.164000,1.691004,-0.527004,0.527004
Linear Regression,1.623000,2.220488,-0.597488,0.597488
Linear Regression,1.141000,1.250798,-0.109798,0.109798
Linear Regression,0.713000,1.240070,-0.527070,0.527070
Linear Regression,1.905000,2.329894,-0.424894,0.424894
Linear Regression,1.973000,2.359253,-0.386253,0.386253
Linear Regression,0.722000,0.589240,0.132760,0.132760
Linear Regression,1.033000,2.059792,-1.026792,1.026792
Linear Regression,1.430000,1.591096,-0.161096,0.161096
Linear Regression,2.449000,2.081622,0.367378,0.367378
Linear Regression,5.000010,3.529754,1.470256,1.470256
Linear Regression,1.833000,1.764562,0.068438,0.068438
Linear Regression,0.861000,1.968250,-1.107250,1.107250
Linear Regression,2.184000,2.524436,-0.340436,0.340436
Linear Regression,1.108000,1.358045,-0.250045,0.250045
Linear Regression,2.113000,1.982883,0.130117,0.130117
Linear Regression,3.388000,3.156938,0.231062,0.231062
Linear Regression,1.231000,0.850284,0.380716,0.380716
Linear Regression,2.695000,1.178785,1.516215,1.516215
Linear Regression,3.214000,1.988293,1.225707,1.225707
Linear Regression,0.819000,1.163936,-0.344936,0.344936
Linear Regression,5.000010,4.694533,0.305477,0.305477
Linear Regression,3.046000,2.671331,0.374669,0.374669
Linear Regression,0.729000,1.014219,-0.285219,0.285219
Linear Regression,1.580000,1.967809,-0.387809,0.387809
Linear Regression,0.622000,1.156044,-0.534044,0.534044
Linear Regression,1.163000,-0.543611,1.706611,1.706611
Linear Regression,3.141000,1.517558,1.623442,1.623442
Linear Regression,3.625000,2.780756,0.844244,0.844244
Linear Regression,5.000010,3.892362,1.107648,1.107648
Linear Regression,0.741000,1.679484,-0.938484,0.938484
Linear Regression,1.500000,1.814497,-0.314497,0.314497
Linear Regression,2.700000,2.906781,-0.206781,0.206781
Linear Regression,1.208000,1.341226,-0.133226,0.133226
Linear Regression,2.500000,2.890427,-0.390427,0.390427
Linear Regression,0.722000,1.325630,-0.603630,0.603630
Linear Regression,3.750000,2.375570,1.374430,1.374430
Linear Regression,2.396000,2.783384,-0.387384,0.387384
Linear Regression,1.833000,2.173482,-0.340482,0.340482
Linear Regression,1.612000,2.468597,-0.856597,0.856597
Linear Regression,2.510000,2.391174,0.118826,0.118826
Linear Regression,0.455000,1.145595,-0.690595,0.690595
Linear Regression,1.781000,2.024144,-0.243144,0.243144
Linear Regression,2.589000,2.757605,-0.168605,0.168605
Linear Regression,1.458000,2.107030,-0.649030,0.649030
Linear Regression,0.847000,0.306108,0.540892,0.540892
Linear Regression,2.167000,1.769426,0.397574,0.397574
Linear Regression,1.304000,1.078789,0.225211,0.225211
Linear Regression,1.585000,1.627799,-0.042799,0.042799
Linear Regression,1.178000,0.870597,0.307403,0.307403
Linear Regression,2.150000,2.375344,-0.225344,0.225344
Linear Regression,2.686000,2.614978,0.071022,0.071022
Linear Regression,1.000000,1.168300,-0.168300,0.168300
Linear Regression,3.327000,3.979292,-0.652292,0.652292
Linear Regression,1.867000,1.736934,0.130066,0.130066
Linear Regression,0.530000,1.055164,-0.525164,0.525164
Linear Regression,1.497000,2.134519,-0.637519,0.637519
Linear Regression,3.458000,2.605079,0.852921,0.852921
Linear Regression,1.245000,1.247026,-0.002026,0.002026
Linear Regression,4.758000,5.031470,-0.273470,0.273470
Linear Regression,5.000010,3.296937,1.703073,1.703073
Linear Regression,5.000010,5.696451,-0.696441,0.696441
Linear Regression,1.759000,2.291007,-0.532007,0.532007
Linear Regression,1.833000,2.406573,-0.573573,0.573573
Linear Regression,2.531000,2.937882,-0.406882,0.406882
Linear Regression,1.178000,1.782030,-0.604030,0.604030
Linear Regression,1.435000,1.775145,-0.340145,0.340145
Linear Regression,5.000010,2.933279,2.066731,2.066731
Linear Regression,1.423000,0.615666,0.807334,0.807334
Linear Regression,1.210000,1.883391,-0.673391,0.673391
Linear Regression,2.688000,2.404571,0.283429,0.283429
Linear Regression,3.302000,2.901107,0.400893,0.400893
Linear Regression,1.218000,1.808686,-0.590686,0.590686
Linear Regression,4.169000,2.940630,1.228370,1.228370
Linear Regression,2.667000,3.097711,-0.430711,0.430711
Linear Regression,1.894000,1.873005,0.020995,0.020995
Linear Regression,4.436000,3.005052,1.430948,1.430948
Linear Regression,1.630000,1.646681,-0.016681,0.016681
Linear Regression,3.825000,2.982223,0.842777,0.842777
Linear Regression,1.063000,1.565263,-0.502263,0.502263
Linear Regression,0.578000,-0.017064,0.595064,0.595064
Linear Regression,0.575000,-0.261120,0.836120,0.836120
Linear Regression,2.380000,2.189592,0.190408,0.190408
Linear Regression,2.189000,2.588290,-0.399290,0.399290
Linear Regression,1.186000,1.523430,-0.337430,0.337430
Linear Regression,3.091000,2.905649,0.185351,0.185351
Linear Regression,2.132000,2.305406,-0.173406,0.173406
Linear Regression,1.802000,1.882419,-0.080419,0.080419
Linear Regression,4.708000,2.880871,1.827129,1.827129
Linear Regression,3.372000,1.237543,2.134457,2.134457
Linear Regression,0.953000,1.247683,-0.294683,0.294683
Linear Regression,1.039000,1.704909,-0.665909,0.665909
Linear Regression,5.000010,2.411818,2.588192,2.588192
Linear Regression,2.150000,2.050137,0.099863,0.099863
Linear Regression,1.894000,2.169732,-0.275732,0.275732
Linear Regression,1.714000,1.796082,-0.082082,0.082082
Linear Regression,3.570000,2.620787,0.949213,0.949213
Linear Regression,1.962000,2.348836,-0.386836,0.386836
Linear Regression,0.985000,1.402456,-0.417456,0.417456
Linear Regression,1.788000,1.997697,-0.209697,0.209697
Linear Regression,2.266000,2.376942,-0.110942,0.110942
Linear Regression,1.714000,1.920003,-0.206003,0.206003
Linear Regression,2.714000,2.021548,0.692452,0.692452
Linear Regression,2.168000,2.563094,-0.395094,0.395094
Linear Regression,0.679000,1.687740,-1.008740,1.008740
Linear Regression,1.713000,1.756934,-0.043934,0.043934
Linear Regression,1.109000,1.596656,-0.487656,0.487656
Linear Regression,3.325000,2.680839,0.644161,0.644161
Linear Regression,1.500000,1.559327,-0.059327,0.059327
Linear Regression,1.734000,2.576510,-0.842510,0.842510
Linear Regression,2.375000,2.918665,-0.543665,0.543665
Linear Regression,0.658000,1.505817,-0.847817,0.847817
Linear Regression,1.731000,2.343278,-0.612278,0.612278
Linear Regression,3.212000,2.487778,0.724222,0.724222
Linear Regression,2.650000,2.362069,0.287931,0.287931
Linear Regression,0.875000,0.395739,0.479261,0.479261
Linear Regression,2.103000,2.676365,-0.573365,0.573365
Linear Regression,2.478000,2.378717,0.099283,0.099283
Linear Regression,3.757000,3.280612,0.476388,0.476388
Linear Regression,1.137000,0.630633,0.506367,0.506367
Linear Regression,5.000010,3.809076,1.190934,1.190934
Linear Regression,0.456000,0.878529,-0.422529,0.422529
Linear Regression,1.306000,0.960954,0.345046,0.345046
Linear Regression,1.986000,2.089713,-0.103713,0.103713
Linear Regression,4.367000,2.604190,1.762810,1.762810
Linear Regression,0.926000,1.338012,-0.412012,0.412012
Linear Regression,1.500000,1.699892,-0.199892,0.199892
Linear Regression,3.599000,2.813107,0.785893,0.785893
Linear Regression,5.000010,4.904656,0.095354,0.095354
Linear Regression,0.938000,1.458893,-0.520893,0.520893
Linear Regression,3.833000,3.352879,0.480121,0.480121
Linear Regression,1.917000,1.746882,0.170118,0.170118
Linear Regression,2.672000,2.796225,-0.124225,0.124225
Linear Regression,2.802000,2.281877,0.520123,0.520123
Linear Regression,0.521000,0.852130,-0.331130,0.331130
Linear Regression,1.102000,0.744909,0.357091,0.357091
Linear Regression,1.646000,1.386719,0.259281,0.259281
Linear Regression,3.248000,3.393864,-0.145864,0.145864
Linear Regression,1.227000,1.615624,-0.388624,0.388624
Linear Regression,2.167000,1.934417,0.232583,0.232583
Linear Regression,0.736000,1.591778,-0.855778,0.855778
Linear Regression,2.541000,2.378694,0.162306,0.162306
Linear Regression,1.875000,1.680164,0.194836,0.194836
Linear Regression,1.660000,2.673218,-1.013218,1.013218
Linear Regression,1.579000,2.031031,-0.452031,0.452031
Linear Regression,1.938000,1.980539,-0.042539,0.042539
Linear Regression,1.408000,1.413367,-0.005367,0.005367
Linear Regression,0.953000,0.928668,0.024332,0.024332
Linear Regression,2.270000,3.011247,-0.741247,0.741247
Linear Regression,2.656000,2.606765,0.049235,0.049235
Linear Regression,0.902000,2.011688,-1.109688,1.109688
Linear Regression,1.832000,1.831532,0.000468,0.000468
Linear Regression,1.846000,1.896554,-0.050554,0.050554
Linear Regression,1.625000,1.733077,-0.108077,0.108077
Linear Regression,1.250000,1.231460,0.018540,0.018540
Linear Regression,0.972000,1.528925,-0.556925,0.556925
Linear Regression,3.553000,2.019272,1.533728,1.533728
Linear Regression,1.362000,1.788095,-0.426095,0.426095
Linear Regression,1.250000,1.729980,-0.479980,0.479980
Linear Regression,3.056000,3.209126,-0.153126,0.153126
Linear Regression,1.766000,1.686474,0.079526,0.079526
Linear Regression,3.486000,2.840199,0.645801,0.645801
Linear Regression,2.992000,2.652134,0.339866,0.339866
Linear Regression,0.721000,1.392641,-0.671641,0.671641
Linear Regression,1.095000,2.025804,-0.930804,0.930804
Linear Regression,2.811000,2.238744,0.572256,0.572256
Linear Regression,1.563000,1.696973,-0.133973,0.133973
Linear Regression,2.342000,2.349805,-0.007805,0.007805
Linear Regression,0.597000,1.280995,-0.683995,0.683995
Linear Regression,2.500000,2.807971,-0.307971,0.307971
Linear Regression,2.033000,1.676532,0.356468,0.356468
Linear Regression,1.731000,1.798165,-0.067165,0.067165
Linear Regression,3.003000,2.764609,0.238391,0.238391
Linear Regression,2.380000,2.199405,0.180595,0.180595
Linear Regression,1.790000,2.074660,-0.284660,0.284660
Linear Regression,1.660000,2.466111,-0.806111,0.806111
Linear Regression,1.607000,2.109574,-0.502574,0.502574
Linear Regression,1.475000,1.539355,-0.064355,0.064355
Linear Regression,1.921000,1.692774,0.228226,0.228226
Linear Regression,0.564000,0.677910,-0.113910,0.113910
Linear Regression,3.048000,2.270638,0.777362,0.777362
Linear Regression,4.398000,3.266046,1.131954,1.131954
Linear Regression,1.375000,1.586319,-0.211319,0.211319
Linear Regression,1.375000,1.473389,-0.098389,0.098389
Linear Regression,1.346000,1.604341,-0.258341,0.258341
Linear Regression,2.625000,2.557606,0.067394,0.067394
Linear Regression,0.834000,1.184127,-0.350127,0.350127
Linear Regression,1.135000,0.930005,0.204995,0.204995
Linear Regression,0.714000,1.550019,-0.836019,0.836019
Linear Regression,2.045000,2.314550,-0.269550,0.269550
Linear Regression,2.824000,3.014418,-0.190418,0.190418
Linear Regression,1.457000,2.035039,-0.578039,0.578039
Linear Regression,2.647000,3.141384,-0.494384,0.494384
Linear Regression,2.750000,1.818119,0.931881,0.931881
Linear Regression,1.716000,1.709131,0.006869,0.006869
Linear Regression,2.167000,1.578343,0.588657,0.588657
Linear Regression,1.807000,1.890491,-0.083491,0.083491
Linear Regression,2.125000,0.008425,2.116575,2.116575
Linear Regression,1.677000,1.986132,-0.309132,0.309132
Linear Regression,0.425000,0.969916,-0.544916,0.544916
Linear Regression,2.384000,2.083981,0.300019,0.300019
Linear Regression,1.440000,0.539174,0.900826,0.900826
Linear Regression,0.436000,0.931323,-0.495323,0.495323
Linear Regression,3.635000,2.462600,1.172400,1.172400
Linear Regression,1.862000,2.272094,-0.410094,0.410094
Linear Regression,0.675000,0.624775,0.050225,0.050225
Linear Regression,1.596000,2.613143,-1.017143,1.017143
Linear Regression,1.956000,1.652232,0.303768,0.303768
Linear Regression,1.548000,2.104106,-0.556106,0.556106
Linear Regression,4.507000,3.951386,0.555614,0.555614
Linear Regression,0.699000,0.906237,-0.207237,0.207237
Linear Regression,1.322000,1.775673,-0.453673,0.453673
Linear Regression,3.280000,3.621348,-0.341348,0.341348
Linear Regression,2.728000,2.737444,-0.009444,0.009444
Linear Regression,0.663000,1.006672,-0.343672,0.343672
Linear Regression,1.293000,1.404096,-0.111096,0.111096
Linear Regression,0.771000,0.646096,0.124904,0.124904
Linear Regression,1.555000,1.822640,-0.267640,0.267640
Linear Regression,1.260000,1.579451,-0.319451,0.319451
Linear Regression,2.403000,1.982129,0.420871,0.420871
Linear Regression,1.330000,1.468699,-0.138699,0.138699
Linear Regression,0.949000,1.148712,-0.199712,0.199712
Linear Regression,2.039000,2.165316,-0.126316,0.126316
Linear Regression,0.610000,0.662220,-0.052220,0.052220
Linear Regression,1.392000,1.625789,-0.233789,0.233789
Linear Regression,2.292000,1.632330,0.659670,0.659670
Linear Regression,2.606000,2.992551,-0.386551,0.386551
Linear Regression,2.511000,1.941044,0.569956,0.569956
Linear Regression,3.276000,2.700531,0.575469,0.575469
Linear Regression,1.679000,2.398410,-0.719410,0.719410
Linear Regression,2.120000,2.190026,-0.070026,0.070026
Linear Regression,2.333000,2.347731,-0.014731,0.014731
Linear Regression,2.554000,2.710437,-0.156437,0.156437
Linear Regression,0.675000,1.281731,-0.606731,0.606731
Linear Regression,1.620000,2.124285,-0.504285,0.504285
Linear Regression,1.172000,1.848239,-0.676239,0.676239
Linear Regression,1.097000,0.681424,0.415576,0.415576
Linear Regression,2.750000,1.241217,1.508783,1.508783
Linear Regression,1.118000,0.448866,0.669134,0.669134
Linear Regression,1.660000,2.172730,-0.512730,0.512730
Linear Regression,0.927000,0.959613,-0.032613,0.032613
Linear Regression,1.860000,2.590881,-0.730881,0.730881
Linear Regression,0.973000,1.482425,-0.509425,0.509425
Linear Regression,2.413000,2.915765,-0.502765,0.502765
Linear Regression,2.585000,2.837959,-0.252959,0.252959
Linear Regression,1.382000,2.177109,-0.795109,0.795109
Linear Regression,1.961000,2.619076,-0.658076,0.658076
Linear Regression,4.192000,4.255322,-0.063322,0.063322
Linear Regression,1.388000,2.060169,-0.672169,0.672169
Linear Regression,3.766000,3.295354,0.470646,0.470646
Linear Regression,1.651000,2.395426,-0.744426,0.744426
Linear Regression,1.818000,1.539164,0.278836,0.278836
Linear Regression,2.118000,2.029781,0.088219,0.088219
Linear Regression,1.125000,2.107518,-0.982518,0.982518
Linear Regression,1.443000,2.044521,-0.601521,0.601521
Linear Regression,2.220000,2.563572,-0.343572,0.343572
Linear Regression,0.536000,0.469666,0.066334,0.066334
Linear Regression,1.308000,2.234315,-0.926315,0.926315
Linear Regression,2.276000,2.592859,-0.316859,0.316859
Linear Regression,2.750000,2.463645,0.286355,0.286355
Linear Regression,1.919000,2.008524,-0.089524,0.089524
Linear Regression,0.641000,1.117562,-0.476562,0.476562
Linear Regression,0.681000,1.160183,-0.479183,0.479183
Linear Regression,2.552000,2.350703,0.201297,0.201297
Linear Regression,2.441000,2.943302,-0.502302,0.502302
Linear Regression,3.370000,2.335364,1.034636,1.034636
Linear Regression,2.083000,1.253828,0.829172,0.829172
Linear Regression,5.000010,4.204485,0.795525,0.795525
Linear Regression,1.721000,1.795669,-0.074669,0.074669
Linear Regression,1.289000,0.939270,0.349730,0.349730
Linear Regression,1.449000,1.542174,-0.093174,0.093174
Linear Regression,0.720000,0.601575,0.118425,0.118425
Linear Regression,1.429000,1.925569,-0.496569,0.496569
Linear Regression,4.361000,2.756159,1.604841,1.604841
Linear Regression,2.042000,1.967866,0.074134,0.074134
Linear Regression,1.957000,2.637183,-0.680183,0.680183
Linear Regression,0.905000,1.151909,-0.246909,0.246909
Linear Regression,2.361000,1.636397,0.724603,0.724603
Linear Regression,1.869000,1.857639,0.011361,0.011361
Linear Regression,1.625000,1.753170,-0.128170,0.128170
Linear Regression,1.125000,1.406300,-0.281300,0.281300
Linear Regression,0.580000,1.278856,-0.698856,0.698856
Linear Regression,3.074000,3.290450,-0.216450,0.216450
Linear Regression,3.538000,2.692603,0.845397,0.845397
Linear Regression,2.909000,2.666756,0.242244,0.242244
Linear Regression,3.586000,2.754745,0.831255,0.831255
Linear Regression,2.462000,2.304303,0.157697,0.157697
Linear Regression,0.721000,1.593326,-0.872326,0.872326
Linear Regression,1.075000,1.635780,-0.560780,0.560780
Linear Regression,0.786000,1.137896,-0.351896,0.351896
Linear Regression,1.876000,2.528788,-0.652788,0.652788
Linear Regression,0.979000,0.858368,0.120632,0.120632
Linear Regression,1.866000,2.211978,-0.345978,0.345978
Linear Regression,1.969000,1.842382,0.126618,0.126618
Linear Regression,1.115000,1.312707,-0.197707,0.197707
Linear Regression,1.563000,2.357522,-0.794522,0.794522
Linear Regression,2.182000,2.760438,-0.578438,0.578438
Linear Regression,2.935000,4.216765,-1.281765,1.281765
Linear Regression,0.590000,1.450330,-0.860330,0.860330
Linear Regression,1.628000,1.690415,-0.062415,0.062415
Linear Regression,1.029000,1.378311,-0.349311,0.349311
Linear Regression,0.543000,0.960839,-0.417839,0.417839
Linear Regression,1.663000,1.659853,0.003147,0.003147
Linear Regression,1.525000,1.628625,-0.103625,0.103625
Linear Regression,1.426000,1.800041,-0.374041,0.374041
Linear Regression,1.500000,1.742466,-0.242466,0.242466
Linear Regression,0.844000,0.980877,-0.136877,0.136877
Linear Regression,2.100000,1.466635,0.633365,0.633365
Linear Regression,1.375000,1.702090,-0.327090,0.327090
Linear Regression,3.500000,2.450982,1.049018,1.049018
Linear Regression,1.719000,0.564916,1.154084,1.154084
Linear Regression,1.431000,1.865686,-0.434686,0.434686
Linear Regression,4.523000,3.086668,1.436332,1.436332
Linear Regression,1.760000,2.050872,-0.290872,0.290872
Linear Regression,1.127000,1.339445,-0.212445,0.212445
Linear Regression,0.684000,1.207252,-0.523252,0.523252
Linear Regression,1.907000,2.193423,-0.286423,0.286423
Linear Regression,3.318000,3.905619,-0.587619,0.587619
Linear Regression,1.840000,2.250372,-0.410372,0.410372
Linear Regression,1.625000,1.082936,0.542064,0.542064
Linear Regression,1.294000,2.053296,-0.759296,0.759296
Linear Regression,1.728000,2.039719,-0.311719,0.311719
Linear Regression,1.911000,2.196002,-0.285002,0.285002
Linear Regression,2.949000,3.100505,-0.151505,0.151505
Linear Regression,1.886000,2.117350,-0.231350,0.231350
Linear Regression,0.638000,0.812845,-0.174845,0.174845
Linear Regression,4.661000,4.068655,0.592345,0.592345
Linear Regression,1.868000,2.066813,-0.198813,0.198813
Linear Regression,1.393000,2.122744,-0.729744,0.729744
Linear Regression,3.303000,2.323232,0.979768,0.979768
Linear Regression,2.848000,2.659329,0.188671,0.188671
Linear Regression,1.988000,2.142153,-0.154153,0.154153
Linear Regression,0.693000,0.834655,-0.141655,0.141655
Linear Regression,1.455000,1.635275,-0.180275,0.180275
Linear Regression,1.662000,2.148395,-0.486395,0.486395
Linear Regression,2.738000,2.412495,0.325505,0.325505
Linear Regression,1.490000,1.555945,-0.065945,0.065945
Linear Regression,2.154000,2.780855,-0.626855,0.626855
Linear Regression,2.878000,3.161224,-0.283224,0.283224
Linear Regression,4.063000,2.842397,1.220603,1.220603
Linear Regression,1.603000,1.865305,-0.262305,0.262305
Linear Regression,2.400000,2.734462,-0.334462,0.334462
Linear Regression,0.609000,1.269561,-0.660561,0.660561
Linear Regression,1.423000,1.758401,-0.335401,0.335401
Linear Regression,0.848000,0.896965,-0.048965,0.048965
Linear Regression,2.054000,2.670840,-0.616840,0.616840
Linear Regression,3.968000,2.559770,1.408230,1.408230
Linear Regression,1.354000,1.558769,-0.204769,0.204769
Linear Regression,1.154000,1.798042,-0.644042,0.644042
Linear Regression,1.625000,2.120432,-0.495432,0.495432
Linear Regression,4.250000,1.886828,2.363172,2.363172
Linear Regression,1.143000,1.453237,-0.310237,0.310237
Linear Regression,5.000010,5.395266,-0.395256,0.395256
Linear Regression,5.000010,3.894590,1.105420,1.105420
Linear Regression,0.487000,0.764708,-0.277708,0.277708
Linear Regression,2.947000,2.723655,0.223345,0.223345
Linear Regression,3.005000,1.990220,1.014780,1.014780
Linear Regression,3.432000,2.150216,1.281784,1.281784
Linear Regression,0.920000,1.414410,-0.494410,0.494410
Linear Regression,2.781000,2.920710,-0.139710,0.139710
Linear Regression,3.809000,3.339344,0.469656,0.469656
Linear Regression,3.398000,2.217498,1.180502,1.180502
Linear Regression,0.968000,1.469571,-0.501571,0.501571
Linear Regression,2.700000,1.848431,0.851569,0.851569
Linear Regression,1.900000,2.390964,-0.490964,0.490964
Linear Regression,1.813000,1.662535,0.150465,0.150465
Linear Regression,1.006000,1.539341,-0.533341,0.533341
Linear Regression,1.708000,1.442232,0.265768,0.265768
Linear Regression,1.527000,1.907810,-0.380810,0.380810
Linear Regression,3.536000,2.302715,1.233285,1.233285
Linear Regression,2.000000,1.489306,0.510694,0.510694
Linear Regression,2.134000,2.347563,-0.213563,0.213563
Linear Regression,1.531000,2.027985,-0.496985,0.496985
Linear Regression,3.797000,2.224635,1.572365,1.572365
Linear Regression,2.750000,2.138464,0.611536,0.611536
Linear Regression,0.786000,2.074881,-1.288881,1.288881
Linear Regression,1.883000,2.711265,-0.828265,0.828265
Linear Regression,1.380000,1.821323,-0.441323,0.441323
Linear Regression,5.000010,4.353205,0.646805,0.646805
Linear Regression,1.974000,1.881789,0.092211,0.092211
Linear Regression,2.446000,2.487661,-0.041661,0.041661
Linear Regression,1.653000,2.462560,-0.809560,0.809560
Linear Regression,3.004000,3.044094,-0.040094,0.040094
Linear Regression,0.882000,1.298177,-0.416177,0.416177
Linear Regression,5.000010,4.918301,0.081709,0.081709
Linear Regression,1.631000,1.803957,-0.172957,0.172957
Linear Regression,1.919000,2.673129,-0.754129,0.754129
Linear Regression,3.553000,3.208762,0.344238,0.344238
Linear Regression,4.303000,3.017000,1.286000,1.286000
Linear Regression,0.427000,0.725552,-0.298552,0.298552
Linear Regression,3.781000,3.350858,0.430142,0.430142
Linear Regression,2.640000,2.186111,0.453889,0.453889
Linear Regression,1.119000,2.373759,-1.254759,1.254759
Linear Regression,2.245000,2.214933,0.030067,0.030067
Linear Regression,1.250000,2.022339,-0.772339,0.772339
Linear Regression,0.641000,0.046917,0.594083,0.594083
Linear Regression,0.884000,0.711368,0.172632,0.172632
Linear Regression,3.892000,2.481103,1.410897,1.410897
Linear Regression,1.938000,0.742693,1.195307,1.195307
Linear Regression,5.000010,2.383561,2.616449,2.616449
Linear Regression,1.875000,4.272432,-2.397432,2.397432
Linear Regression,2.103000,2.446522,-0.343522,0.343522
Linear Regression,2.128000,2.310834,-0.182834,0.182834
Linear Regression,1.775000,1.636413,0.138587,0.138587
Linear Regression,1.813000,1.058960,0.754040,0.754040
Linear Regression,1.595000,2.158172,-0.563172,0.563172
Linear Regression,1.775000,2.043016,-0.268016,0.268016
Linear Regression,1.161000,1.303497,-0.142497,0.142497
Linear Regression,5.000010,2.677068,2.322942,2.322942
Linear Regression,1.625000,1.605205,0.019795,0.019795
Linear Regression,1.355000,1.834327,-0.479327,0.479327
Linear Regression,0.996000,1.890478,-0.894478,0.894478
Linear Regression,1.185000,1.575144,-0.390144,0.390144
Linear Regression,1.569000,1.325037,0.243963,0.243963
Linear Regression,1.472000,1.767856,-0.295856,0.295856
Linear Regression,0.858000,0.789662,0.068338,0.068338
Linear Regression,5.000010,2.128360,2.871650,2.871650
Linear Regression,1.709000,1.638854,0.070146,0.070146
Linear Regression,2.579000,3.185366,-0.606366,0.606366
Linear Regression,1.643000,2.123087,-0.480087,0.480087
Linear Regression,4.389000,2.396288,1.992712,1.992712
Linear Regression,0.980000,1.566916,-0.586916,0.586916
Linear Regression,2.887000,2.953704,-0.066704,0.066704
Linear Regression,2.032000,2.200956,-0.168956,0.168956
Linear Regression,2.836000,2.396453,0.439547,0.439547
Linear Regression,1.625000,2.243627,-0.618627,0.618627
Linear Regression,0.953000,1.671163,-0.718163,0.718163
Linear Regression,1.617000,2.100183,-0.483183,0.483183
Linear Regression,1.875000,1.753136,0.121864,0.121864
Linear Regression,1.580000,1.655804,-0.075804,0.075804
Linear Regression,4.561000,2.783447,1.777553,1.777553
Linear Regression,1.029000,1.800791,-0.771791,0.771791
Linear Regression,1.654000,2.204459,-0.550459,0.550459
Linear Regression,0.544000,0.700005,-0.156005,0.156005
Linear Regression,1.472000,1.670062,-0.198062,0.198062
Linear Regression,0.950000,1.460354,-0.510354,0.510354
Linear Regression,1.430000,2.012849,-0.582849,0.582849
Linear Regression,0.972000,1.018825,-0.046825,0.046825
Linear Regression,1.129000,1.417930,-0.288930,0.288930
Linear Regression,1.733000,2.148406,-0.415406,0.415406
Linear Regression,3.931000,3.158357,0.772643,0.772643
Linear Regression,0.630000,0.600370,0.029630,0.029630
Linear Regression,2.973000,2.755127,0.217873,0.217873
Linear Regression,2.421000,1.936067,0.484933,0.484933
Linear Regression,2.939000,3.103660,-0.164660,0.164660
Linear Regression,1.131000,1.696416,-0.565416,0.565416
Linear Regression,1.372000,1.563182,-0.191182,0.191182
Linear Regression,2.971000,1.789972,1.181028,1.181028
Linear Regression,2.435000,2.563526,-0.128526,0.128526
Linear Regression,0.988000,0.274545,0.713455,0.713455
Linear Regression,2.448000,2.516985,-0.068985,0.068985
Linear Regression,3.278000,2.731493,0.546507,0.546507
Linear Regression,4.375000,2.837915,1.537085,1.537085
Linear Regression,1.635000,1.828713,-0.193713,0.193713
Linear Regression,1.024000,2.035321,-1.011321,1.011321
Linear Regression,1.122000,1.396359,-0.274359,0.274359
Linear Regression,1.659000,2.733273,-1.074273,1.074273
Linear Regression,2.500000,2.287063,0.212937,0.212937
Linear Regression,1.581000,1.978665,-0.397665,0.397665
Linear Regression,0.875000,0.516657,0.358343,0.358343
Linear Regression,1.350000,1.579907,-0.229907,0.229907
Linear Regression,0.795000,1.039978,-0.244978,0.244978
Linear Regression,1.621000,1.219291,0.401709,0.401709
Linear Regression,2.284000,1.689326,0.594674,0.594674
Linear Regression,1.406000,1.602605,-0.196605,0.196605
Linear Regression,0.713000,1.375997,-0.662997,0.662997
Linear Regression,2.663000,2.813791,-0.150791,0.150791
Linear Regression,0.813000,0.520858,0.292142,0.292142
Linear Regression,1.850000,2.554437,-0.704437,0.704437
Linear Regression,3.293000,3.755962,-0.462962,0.462962
Linear Regression,1.688000,1.630395,0.057605,0.057605
Linear Regression,1.104000,2.172807,-1.068807,1.068807
Linear Regression,5.000010,2.541369,2.458641,2.458641
Linear Regression,0.857000,1.299673,-0.442673,0.442673
Linear Regression,0.633000,0.564294,0.068706,0.068706
Linear Regression,5.000010,4.954518,0.045492,0.045492
Linear Regression,1.838000,1.642756,0.195244,0.195244
Linear Regression,1.507000,1.591112,-0.084112,0.084112
Linear Regression,2.429000,2.798627,-0.369627,0.369627
Linear Regression,3.267000,2.951938,0.315062,0.315062
Linear Regression,2.204000,2.214610,-0.010610,0.010610
Linear Regression,2.407000,2.604622,-0.197622,0.197622
Linear Regression,5.000010,5.638318,-0.638308,0.638308
Linear Regression,0.984000,1.573748,-0.589748,0.589748
Linear Regression,1.669000,1.922348,-0.253348,0.253348
Linear Regression,2.054000,2.628891,-0.574891,0.574891
Linear Regression,0.901000,1.209777,-0.308777,0.308777
Linear Regression,1.898000,1.828590,0.069410,0.069410
Linear Regression,1.625000,-0.010431,1.635431,1.635431
Linear Regression,3.337000,2.104903,1.232097,1.232097
Linear Regression,0.851000,1.453310,-0.602310,0.602310
Linear Regression,1.344000,1.462604,-0.118604,0.118604
Linear Regression,1.446000,1.770478,-0.324478,0.324478
Linear Regression,2.150000,1.794025,0.355975,0.355975
Linear Regression,0.975000,1.770944,-0.795944,0.795944
Linear Regression,2.100000,2.243977,-0.143977,0.143977
Linear Regression,3.120000,3.211548,-0.091548,0.091548
Linear Regression,3.000000,2.280165,0.719835,0.719835
Linear Regression,2.024000,2.397289,-0.373289,0.373289
Linear Regression,2.541000,3.234430,-0.693430,0.693430
Linear Regression,1.160000,1.543929,-0.383929,0.383929
Linear Regression,1.670000,1.692815,-0.022815,0.022815
Linear Regression,3.969000,3.283207,0.685793,0.685793
Linear Regression,2.270000,1.712748,0.557252,0.557252
Linear Regression,5.000010,2.811785,2.188225,2.188225
Linear Regression,5.000010,4.712247,0.287763,0.287763
Linear Regression,1.990000,1.783981,0.206019,0.206019
Linear Regression,3.691000,3.625913,0.065087,0.065087
Linear Regression,0.225000,1.417831,-1.192831,1.192831
Linear Regression,0.957000,1.245183,-0.288183,0.288183
Linear Regression,3.659000,4.053634,-0.394634,0.394634
Linear Regression,2.158000,2.287085,-0.129085,0.129085
Linear Regression,2.055000,1.923872,0.131128,0.131128
Linear Regression,5.000010,3.347750,1.652260,1.652260
Linear Regression,2.508000,2.136439,0.371561,0.371561
Linear Regression,3.636000,3.592948,0.043052,0.043052
Linear Regression,2.942000,2.763467,0.178533,0.178533
Linear Regression,1.714000,1.579096,0.134904,0.134904
Linear Regression,2.613000,2.659822,-0.046822,0.046822
Linear Regression,1.149000,1.214253,-0.065253,0.065253
Linear Regression,2.584000,2.202616,0.381384,0.381384
Linear Regression,1.063000,1.234807,-0.171807,0.171807
Linear Regression,0.989000,1.441440,-0.452440,0.452440
Linear Regression,2.420000,2.335103,0.084897,0.084897
Linear Regression,1.461000,1.657664,-0.196664,0.196664
Linear Regression,1.546000,2.059568,-0.513568,0.513568
Linear Regression,1.975000,1.702703,0.272297,0.272297
Linear Regression,2.896000,2.727820,0.168180,0.168180
Linear Regression,3.257000,2.330249,0.926751,0.926751
Linear Regression,0.533000,1.039658,-0.506658,0.506658
Linear Regression,0.878000,1.238734,-0.360734,0.360734
Linear Regression,1.783000,1.652117,0.130883,0.130883
Linear Regression,1.971000,2.617799,-0.646799,0.646799
Linear Regression,1.234000,1.899252,-0.665252,0.665252
Linear Regression,2.929000,2.763204,0.165796,0.165796
Linear Regression,1.098000,1.838296,-0.740296,0.740296
Linear Regression,1.242000,2.158410,-0.916410,0.916410
Linear Regression,0.573000,1.108357,-0.535357,0.535357
Linear Regression,4.047000,3.269600,0.777400,0.777400
Linear Regression,1.875000,1.819635,0.055365,0.055365
Linear Regression,0.637000,0.578352,0.058648,0.058648
Linear Regression,1.012000,1.635681,-0.623681,0.623681
Linear Regression,5.000000,3.174272,1.825728,1.825728
Linear Regression,0.455000,0.421297,0.033703,0.033703
Linear Regression,4.635000,3.131822,1.503178,1.503178
Linear Regression,1.813000,2.701059,-0.888059,0.888059
Linear Regression,3.074000,2.004137,1.069863,1.069863
Linear Regression,3.718000,4.271497,-0.553497,0.553497
Linear Regression,0.560000,1.275171,-0.715171,0.715171
Linear Regression,2.893000,2.269718,0.623282,0.623282
Linear Regression,1.282000,1.520702,-0.238702,0.238702
Linear Regression,2.714000,2.607397,0.106603,0.106603
Linear Regression,1.821000,2.542523,-0.721523,0.721523
Linear Regression,2.194000,2.904574,-0.710574,0.710574
Linear Regression,0.784000,1.205537,-0.421537,0.421537
Linear Regression,0.961000,0.962810,-0.001810,0.001810
Linear Regression,3.947000,3.480972,0.466028,0.466028
Linear Regression,2.225000,2.610376,-0.385376,0.385376
Linear Regression,0.875000,1.226548,-0.351548,0.351548
Linear Regression,1.375000,2.116211,-0.741211,0.741211
Linear Regression,2.461000,2.013033,0.447967,0.447967
Linear Regression,1.757000,2.254600,-0.497600,0.497600
Linear Regression,1.641000,1.801212,-0.160212,0.160212
Linear Regression,1.328000,1.631232,-0.303232,0.303232
Linear Regression,1.292000,0.996262,0.295738,0.295738
Linear Regression,2.241000,2.125398,0.115602,0.115602
Linear Regression,1.039000,1.129251,-0.090251,0.090251
Linear Regression,1.128000,0.987588,0.140412,0.140412
Linear Regression,2.438000,1.649052,0.788948,0.788948
Linear Regression,0.886000,1.107757,-0.221757,0.221757
Linear Regression,1.861000,2.862913,-1.001913,1.001913
Linear Regression,1.861000,0.928792,0.932208,0.932208
Linear Regression,1.609000,1.501120,0.107880,0.107880
Linear Regression,1.492000,1.507136,-0.015136,0.015136
Linear Regression,0.764000,0.206718,0.557282,0.557282
Linear Regression,5.000010,3.166603,1.833407,1.833407
Linear Regression,0.956000,0.990881,-0.034881,0.034881
Linear Regression,2.375000,2.402277,-0.027277,0.027277
Linear Regression,4.183000,3.304853,0.878147,0.878147
Linear Regression,1.975000,2.412830,-0.437830,0.437830
Linear Regression,0.664000,0.713515,-0.049515,0.049515
Linear Regression,2.690000,3.428904,-0.738904,0.738904
Linear Regression,2.190000,2.085501,0.104499,0.104499
Linear Regression,1.569000,2.011185,-0.442185,0.442185
Linear Regression,1.342000,2.162384,-0.820384,0.820384
Linear Regression,2.042000,1.907417,0.134583,0.134583
Linear Regression,2.188000,2.289840,-0.101840,0.101840
Linear Regression,1.818000,2.494014,-0.676014,0.676014
Linear Regression,1.685000,1.999320,-0.314320,0.314320
Linear Regression,2.992000,2.387102,0.604898,0.604898
Linear Regression,1.660000,1.527886,0.132114,0.132114
Linear Regression,1.935000,1.938745,-0.003745,0.003745
Linear Regression,2.125000,1.738478,0.386522,0.386522
Linear Regression,3.862000,2.566751,1.295249,1.295249
Linear Regression,2.684000,2.157301,0.526699,0.526699
Linear Regression,1.281000,2.062838,-0.781838,0.781838
Linear Regression,2.712000,3.038001,-0.326001,0.326001
Linear Regression,0.884000,1.476041,-0.592041,0.592041
Linear Regression,1.015000,1.067871,-0.052871,0.052871
Linear Regression,4.955000,2.821878,2.133122,2.133122
Linear Regression,1.673000,1.300826,0.372174,0.372174
Linear Regression,1.413000,0.427526,0.985474,0.985474
Linear Regression,5.000010,4.950591,0.049419,0.049419
Linear Regression,3.213000,3.202300,0.010700,0.010700
Linear Regression,0.821000,0.930822,-0.109822,0.109822
Linear Regression,0.929000,1.397453,-0.468453,0.468453
Linear Regression,1.680000,2.060563,-0.380563,0.380563
Linear Regression,1.350000,1.770881,-0.420881,0.420881
Linear Regression,2.431000,2.207421,0.223579,0.223579
Linear Regression,1.571000,2.149949,-0.578949,0.578949
Linear Regression,0.979000,0.438340,0.540660,0.540660
Linear Regression,1.777000,2.185920,-0.408920,0.408920
Linear Regression,1.318000,1.323209,-0.005209,0.005209
Linear Regression,2.688000,2.230216,0.457784,0.457784
Linear Regression,3.143000,1.691387,1.451613,1.451613
Linear Regression,1.836000,2.451236,-0.615236,0.615236
Linear Regression,1.000000,0.661177,0.338823,0.338823
Linear Regression,2.322000,2.618247,-0.296247,0.296247
Linear Regression,1.381000,1.698362,-0.317362,0.317362
Linear Regression,1.625000,1.638273,-0.013273,0.013273
Linear Regression,4.573000,2.856194,1.716806,1.716806
Linear Regression,1.392000,1.830072,-0.438072,0.438072
Linear Regression,2.445000,2.291616,0.153384,0.153384
Linear Regression,0.616000,1.001100,-0.385100,0.385100
Linear Regression,2.370000,2.025011,0.344989,0.344989
Linear Regression,1.125000,0.894864,0.230136,0.230136
Linear Regression,1.223000,1.116275,0.106725,0.106725
Linear Regression,5.000010,2.620380,2.379630,2.379630
Linear Regression,1.101000,1.029337,0.071663,0.071663
Linear Regression,3.009000,2.980087,0.028913,0.028913
Linear Regression,1.675000,1.442172,0.232828,0.232828
Linear Regression,2.464000,2.262069,0.201931,0.201931
Linear Regression,2.793000,3.671589,-0.878589,0.878589
Linear Regression,4.140000,2.360628,1.779372,1.779372
Linear Regression,0.587000,0.927834,-0.340834,0.340834
Linear Regression,2.949000,3.299215,-0.350215,0.350215
Linear Regression,3.652000,2.742082,0.909918,0.909918
Linear Regression,3.683000,3.565242,0.117758,0.117758
Linear Regression,2.392000,1.663447,0.728553,0.728553
Linear Regression,1.214000,1.919800,-0.705800,0.705800
Linear Regression,2.150000,2.384851,-0.234851,0.234851
Linear Regression,1.139000,1.950182,-0.811182,0.811182
Linear Regression,2.364000,2.186560,0.177440,0.177440
Linear Regression,1.717000,1.888449,-0.171449,0.171449
Linear Regression,2.485000,2.583177,-0.098177,0.098177
Linear Regression,0.582000,0.418075,0.163925,0.163925
Linear Regression,0.678000,0.313282,0.364718,0.364718
Linear Regression,0.757000,1.151966,-0.394966,0.394966
Linear Regression,1.780000,2.021266,-0.241266,0.241266
Linear Regression,0.604000,0.379609,0.224391,0.224391
Linear Regression,2.261000,2.876681,-0.615681,0.615681
Linear Regression,1.795000,2.336103,-0.541103,0.541103
Linear Regression,1.582000,2.961799,-1.379799,1.379799
Linear Regression,2.786000,2.475221,0.310779,0.310779
Linear Regression,4.808000,3.285927,1.522073,1.522073
Linear Regression,1.923000,1.450755,0.472245,0.472245
Linear Regression,1.417000,1.427925,-0.010925,0.010925
Linear Regression,3.308000,2.973650,0.334350,0.334350
Linear Regression,1.000000,1.518675,-0.518675,0.518675
Linear Regression,1.032000,1.689745,-0.657745,0.657745
Linear Regression,0.535000,0.794471,-0.259471,0.259471
Linear Regression,1.857000,1.714315,0.142685,0.142685
Linear Regression,1.929000,1.696574,0.232426,0.232426
Linear Regression,2.560000,2.872462,-0.312462,0.312462
Linear Regression,1.385000,1.522821,-0.137821,0.137821
Linear Regression,0.696000,0.822800,-0.126800,0.126800
Linear Regression,2.468000,2.470570,-0.002570,0.002570
Linear Regression,2.659000,3.007437,-0.348437,0.348437
Linear Regression,1.625000,1.173814,0.451186,0.451186
Linear Regression,3.227000,2.822147,0.404853,0.404853
Linear Regression,1.489000,2.495018,-1.006018,1.006018
Linear Regression,4.290000,3.645815,0.644185,0.644185
Linear Regression,5.000010,4.098583,0.901427,0.901427
Linear Regression,2.541000,2.460565,0.080435,0.080435
Linear Regression,3.281000,2.397671,0.883329,0.883329
Linear Regression,1.691000,2.011642,-0.320642,0.320642
Linear Regression,2.554000,2.605634,-0.051634,0.051634
Linear Regression,0.764000,0.962302,-0.198302,0.198302
Linear Regression,1.514000,2.618030,-1.104030,1.104030
Linear Regression,3.111000,2.795085,0.315915,0.315915
Linear Regression,1.875000,1.987581,-0.112581,0.112581
Linear Regression,2.132000,1.979978,0.152022,0.152022
Linear Regression,2.083000,1.729212,0.353788,0.353788
Linear Regression,2.028000,2.846262,-0.818262,0.818262
Linear Regression,0.901000,1.547659,-0.646659,0.646659
Linear Regression,0.924000,1.053217,-0.129217,0.129217
Linear Regression,1.365000,0.163580,1.201420,1.201420
Linear Regression,0.922000,0.187562,0.734438,0.734438
Linear Regression,0.794000,0.498555,0.295445,0.295445
Linear Regression,0.955000,1.340934,-0.385934,0.385934
Linear Regression,2.492000,2.397627,0.094373,0.094373
Linear Regression,1.117000,1.952818,-0.835818,0.835818
Linear Regression,1.906000,1.609170,0.296830,0.296830
Linear Regression,1.918000,2.554353,-0.636353,0.636353
Linear Regression,5.000010,3.015088,1.984922,1.984922
Linear Regression,0.508000,1.828306,-1.320306,1.320306
Linear Regression,1.635000,1.397933,0.237067,0.237067
Linear Regression,3.689000,2.831239,0.857761,0.857761
Linear Regression,0.570000,0.509315,0.060685,0.060685
Linear Regression,0.750000,1.221966,-0.471966,0.471966
Linear Regression,2.290000,2.485734,-0.195734,0.195734
Linear Regression,3.409000,2.907387,0.501613,0.501613
Linear Regression,2.766000,2.515553,0.250447,0.250447
Linear Regression,1.884000,2.007120,-0.123120,0.123120
Linear Regression,0.739000,0.977547,-0.238547,0.238547
Linear Regression,1.500000,2.205999,-0.705999,0.705999
Linear Regression,1.471000,1.880584,-0.409584,0.409584
Linear Regression,1.863000,1.604602,0.258398,0.258398
Linear Regression,2.349000,2.748549,-0.399549,0.399549
Linear Regression,1.225000,1.375735,-0.150735,0.150735
Linear Regression,3.989000,2.884902,1.104098,1.104098
Linear Regression,2.500000,3.392797,-0.892797,0.892797
Linear Regression,1.136000,1.640034,-0.504034,0.504034
Linear Regression,2.448000,2.634963,-0.186963,0.186963
Linear Regression,2.250000,1.484944,0.765056,0.765056
Linear Regression,1.869000,2.871682,-1.002682,1.002682
Linear Regression,3.097000,3.270055,-0.173055,0.173055
Linear Regression,1.306000,1.466732,-0.160732,0.160732
Linear Regression,3.423000,2.864017,0.558983,0.558983
Linear Regression,0.650000,1.071315,-0.421315,0.421315
Linear Regression,2.789000,1.906358,0.882642,0.882642
Linear Regression,1.688000,1.056515,0.631485,0.631485
Linear Regression,4.184000,3.286111,0.897889,0.897889
Linear Regression,1.090000,1.720529,-0.630529,0.630529
Linear Regression,1.601000,1.707483,-0.106483,0.106483
Linear Regression,3.450000,3.024853,0.425147,0.425147
Linear Regression,4.188000,2.828397,1.359603,1.359603
Linear Regression,2.091000,2.029752,0.061248,0.061248
Linear Regression,0.975000,0.520429,0.454571,0.454571
Linear Regression,5.000010,4.413486,0.586524,0.586524
Linear Regression,1.086000,0.753772,0.332228,0.332228
Linear Regression,1.333000,1.873059,-0.540059,0.540059
Linear Regression,0.509000,0.880507,-0.371507,0.371507
Linear Regression,3.116000,2.881471,0.234529,0.234529
Linear Regression,3.655000,3.169138,0.485862,0.485862
Linear Regression,1.750000,1.645406,0.104594,0.104594
Linear Regression,1.703000,1.493850,0.209150,0.209150
Linear Regression,2.795000,2.716149,0.078851,0.078851
Linear Regression,1.259000,1.622044,-0.363044,0.363044
Linear Regression,1.557000,2.098149,-0.541149,0.541149
Linear Regression,0.833000,1.494446,-0.661446,0.661446
Linear Regression,1.563000,2.875282,-1.312282,1.312282
Linear Regression,2.148000,2.702794,-0.554794,0.554794
Linear Regression,1.103000,1.206125,-0.103125,0.103125
Linear Regression,1.650000,1.741882,-0.091882,0.091882
Linear Regression,3.495000,2.771109,0.723891,0.723891
Linear Regression,5.000010,7.260293,-2.260283,2.260283
Linear Regression,1.257000,0.638640,0.618360,0.618360
Linear Regression,1.931000,2.374318,-0.443318,0.443318
Linear Regression,5.000010,5.359252,-0.359242,0.359242
Linear Regression,1.996000,2.266844,-0.270844,0.270844
Linear Regression,5.000010,2.444723,2.555287,2.555287
Linear Regression,1.634000,2.155249,-0.521249,0.521249
Linear Regression,1.375000,1.170586,0.204414,0.204414
Linear Regression,1.215000,1.818018,-0.603018,0.603018
Linear Regression,3.812000,2.678470,1.133530,1.133530
Linear Regression,1.119000,2.092231,-0.973231,0.973231
Linear Regression,0.580000,0.496557,0.083443,0.083443
Linear Regression,0.638000,1.305270,-0.667270,0.667270
Linear Regression,3.632000,2.729964,0.902036,0.902036
Linear Regression,2.064000,2.228124,-0.164124,0.164124
Linear Regression,3.708000,2.096382,1.611618,1.611618
Linear Regression,0.818000,0.821111,-0.003111,0.003111
Linear Regression,2.715000,2.422698,0.292302,0.292302
Linear Regression,1.970000,2.695037,-0.725037,0.725037
Linear Regression,0.734000,1.018515,-0.284515,0.284515
Linear Regression,3.017000,2.046018,0.970982,0.970982
Linear Regression,1.196000,1.945828,-0.749828,0.749828
Linear Regression,2.581000,2.829523,-0.248523,0.248523
Linear Regression,0.175000,1.908291,-1.733291,1.733291
Linear Regression,1.457000,2.041198,-0.584198,0.584198
Linear Regression,1.020000,1.822496,-0.802496,0.802496
Linear Regression,4.000000,2.820979,1.179021,1.179021
Linear Regression,0.992000,1.404208,-0.412208,0.412208
Linear Regression,4.854000,3.668170,1.185830,1.185830
Linear Regression,4.771000,4.224088,0.546912,0.546912
Linear Regression,0.669000,1.130399,-0.461399,0.461399
Linear Regression,3.754000,4.017067,-0.263067,0.263067
Linear Regression,1.696000,2.659083,-0.963083,0.963083
Linear Regression,2.476000,2.787707,-0.311707,0.311707
Linear Regression,1.647000,1.766150,-0.119150,0.119150
Linear Regression,3.094000,2.150209,0.943791,0.943791
Linear Regression,1.853000,2.427798,-0.574798,0.574798
Linear Regression,2.302000,2.819764,-0.517764,0.517764
Linear Regression,1.561000,1.723161,-0.162161,0.162161
Linear Regression,3.025000,3.144506,-0.119506,0.119506
Linear Regression,0.978000,0.801426,0.176574,0.176574
Linear Regression,2.513000,2.422917,0.090083,0.090083
Linear Regression,2.813000,2.464473,0.348527,0.348527
Linear Regression,1.531000,1.494375,0.036625,0.036625
Linear Regression,3.556000,2.853885,0.702115,0.702115
Linear Regression,1.013000,1.430358,-0.417358,0.417358
Linear Regression,2.660000,2.385138,0.274862,0.274862
Linear Regression,1.607000,1.703382,-0.096382,0.096382
Linear Regression,3.058000,1.981315,1.076685,1.076685
Linear Regression,1.475000,1.239910,0.235090,0.235090
Linear Regression,1.863000,2.048267,-0.185267,0.185267
Linear Regression,1.626000,1.969434,-0.343434,0.343434
Linear Regression,4.847000,3.369512,1.477488,1.477488
Linear Regression,1.750000,2.077911,-0.327911,0.327911
Linear Regression,1.272000,1.558091,-0.286091,0.286091
Linear Regression,3.651000,2.653717,0.997283,0.997283
Linear Regression,2.365000,1.304152,1.060848,1.060848
Linear Regression,2.140000,2.494125,-0.354125,0.354125
Linear Regression,2.258000,2.959554,-0.701554,0.701554
Linear Regression,1.289000,1.739773,-0.450773,0.450773
Linear Regression,0.735000,2.227643,-1.492643,1.492643
Linear Regression,1.147000,2.331102,-1.184102,1.184102
Linear Regression,1.750000,2.052147,-0.302147,0.302147
Linear Regression,3.181000,1.935736,1.245264,1.245264
Linear Regression,3.312000,2.492306,0.819694,0.819694
Linear Regression,1.925000,2.114185,-0.189185,0.189185
Linear Regression,1.595000,1.232236,0.362764,0.362764
Linear Regression,1.627000,2.308353,-0.681353,0.681353
Linear Regression,0.673000,1.335871,-0.662871,0.662871
Linear Regression,2.129000,1.610656,0.518344,0.518344
Linear Regression,1.406000,1.749826,-0.343826,0.343826
Linear Regression,1.865000,1.827184,0.037816,0.037816
Linear Regression,3.932000,3.606138,0.325862,0.325862
Linear Regression,0.553000,1.138799,-0.585799,0.585799
Linear Regression,4.098000,2.804720,1.293280,1.293280
Linear Regression,1.918000,1.930140,-0.012140,0.012140
Linear Regression,0.995000,1.584450,-0.589450,0.589450
Linear Regression,1.750000,1.367176,0.382824,0.382824
Linear Regression,1.580000,1.785324,-0.205324,0.205324
Linear Regression,1.069000,1.650278,-0.581278,0.581278
Linear Regression,2.772000,2.265710,0.506290,0.506290
Linear Regression,3.267000,2.370990,0.896010,0.896010
Linear Regression,0.960000,0.959406,0.000594,0.000594
Linear Regression,4.318000,4.243048,0.074952,0.074952
Linear Regression,1.722000,1.955922,-0.233922,0.233922
Linear Regression,1.125000,1.183798,-0.058798,0.058798
Linear Regression,2.250000,2.206038,0.043962,0.043962
Linear Regression,2.595000,2.752124,-0.157124,0.157124
Linear Regression,2.915000,2.744931,0.170069,0.170069
Linear Regression,0.504000,0.709999,-0.205999,0.205999
Linear Regression,1.500000,2.679073,-1.179073,1.179073
Linear Regression,2.246000,2.515090,-0.269090,0.269090
Linear Regression,1.306000,1.854709,-0.548709,0.548709
Linear Regression,0.697000,1.290996,-0.593996,0.593996
Linear Regression,3.530000,3.034262,0.495738,0.495738
Linear Regression,2.312000,2.946002,-0.634002,0.634002
Linear Regression,2.051000,2.070499,-0.019499,0.019499
Linear Regression,3.981000,3.116630,0.864370,0.864370
Linear Regression,1.413000,2.106168,-0.693168,0.693168
Linear Regression,1.733000,1.939436,-0.206436,0.206436
Linear Regression,1.279000,0.895704,0.383296,0.383296
Linear Regression,2.895000,2.095626,0.799374,0.799374
Linear Regression,0.959000,1.301685,-0.342685,0.342685
Linear Regression,1.334000,1.712164,-0.378164,0.378164
Linear Regression,1.468000,2.195155,-0.727155,0.727155
Linear Regression,1.813000,1.821975,-0.008975,0.008975
Linear Regression,0.546000,0.711712,-0.165712,0.165712
Linear Regression,0.555000,0.829250,-0.274250,0.274250
Linear Regression,1.500000,2.078353,-0.578353,0.578353
Linear Regression,1.028000,0.808156,0.219844,0.219844
Linear Regression,0.933000,1.159000,-0.226000,0.226000
Linear Regression,1.231000,1.856539,-0.625539,0.625539
Linear Regression,2.318000,1.324958,0.993042,0.993042
Linear Regression,1.595000,1.951391,-0.356391,0.356391
Linear Regression,1.083000,-0.136537,1.219537,1.219537
Linear Regression,0.431000,0.741102,-0.310102,0.310102
Linear Regression,1.056000,1.136480,-0.080480,0.080480
Linear Regression,1.683000,1.770894,-0.087894,0.087894
Linear Regression,0.283000,2.269281,-1.986281,1.986281
Linear Regression,2.829000,2.809615,0.019385,0.019385
Linear Regression,2.343000,2.612505,-0.269505,0.269505
Linear Regression,2.125000,1.475661,0.649339,0.649339
Linear Regression,2.056000,1.815391,0.240609,0.240609
Linear Regression,1.500000,2.006484,-0.506484,0.506484
Linear Regression,1.930000,2.191502,-0.261502,0.261502
Linear Regression,0.149990,2.584993,-2.435003,2.435003
Linear Regression,1.700000,1.580204,0.119796,0.119796
Linear Regression,1.683000,2.282292,-0.599292,0.599292
Linear Regression,0.935000,1.710710,-0.775710,0.775710
Linear Regression,1.918000,1.973772,-0.055772,0.055772
Linear Regression,1.815000,2.388378,-0.573378,0.573378
Linear Regression,1.954000,2.667513,-0.713513,0.713513
Linear Regression,1.219000,1.779906,-0.560906,0.560906
Linear Regression,1.426000,1.980123,-0.554123,0.554123
Linear Regression,1.583000,2.059927,-0.476927,0.476927
Linear Regression,1.653000,1.657851,-0.004851,0.004851
Linear Regression,1.550000,1.812087,-0.262087,0.262087
Linear Regression,0.921000,1.365708,-0.444708,0.444708
Linear Regression,0.681000,0.767173,-0.086173,0.086173
Linear Regression,2.763000,2.578078,0.184922,0.184922
Linear Regression,3.352000,3.932587,-0.580587,0.580587
Linear Regression,1.211000,1.210150,0.000850,0.000850
Linear Regression,1.771000,1.392166,0.378834,0.378834
Linear Regression,1.875000,1.591366,0.283634,0.283634
Linear Regression,1.920000,2.097901,-0.177901,0.177901
Linear Regression,3.012000,2.809520,0.202480,0.202480
Linear Regression,1.591000,1.775176,-0.184176,0.184176
Linear Regression,5.000010,5.967509,-0.967499,0.967499
Linear Regression,2.737000,2.580267,0.156733,0.156733
Linear Regression,2.339000,2.775272,-0.436272,0.436272
Linear Regression,5.000010,2.248700,2.751310,2.751310
Linear Regression,2.228000,2.780779,-0.552779,0.552779
Linear Regression,1.402000,1.356421,0.045579,0.045579
Linear Regression,1.598000,1.691890,-0.093890,0.093890
Linear Regression,1.188000,1.653518,-0.465518,0.465518
Linear Regression,5.000010,2.494830,2.505180,2.505180
Linear Regression,1.055000,1.472677,-0.417677,0.417677
Linear Regression,2.178000,1.968099,0.209901,0.209901
Linear Regression,1.875000,1.648684,0.226316,0.226316
Linear Regression,2.873000,3.375387,-0.502387,0.502387
Linear Regression,1.310000,1.950475,-0.640475,0.640475
Linear Regression,0.558000,0.509113,0.048887,0.048887
Linear Regression,1.619000,2.364259,-0.745259,0.745259
Linear Regression,2.536000,1.585925,0.950075,0.950075
Linear Regression,1.550000,1.913416,-0.363416,0.363416
Linear Regression,3.115000,3.069541,0.045459,0.045459
Linear Regression,0.878000,0.048662,0.829338,0.829338
Linear Regression,1.058000,1.869924,-0.811924,0.811924
Linear Regression,1.370000,1.729819,-0.359819,0.359819
Linear Regression,1.563000,1.728156,-0.165156,0.165156
Linear Regression,1.547000,2.067502,-0.520502,0.520502
Linear Regression,1.674000,1.142322,0.531678,0.531678
Linear Regression,4.578000,2.827587,1.750413,1.750413
Linear Regression,5.000010,2.922934,2.077076,2.077076
Linear Regression,1.883000,2.989723,-1.106723,1.106723
Linear Regression,4.429000,2.288220,2.140780,2.140780
Linear Regression,5.000010,4.854745,0.145265,0.145265
Linear Regression,5.000010,3.431413,1.568597,1.568597
Linear Regression,1.875000,1.872473,0.002527,0.002527
Linear Regression,0.574000,0.745556,-0.171556,0.171556
Linear Regression,3.875000,2.712539,1.162461,1.162461
Linear Regression,2.720000,3.061781,-0.341781,0.341781
Linear Regression,1.676000,1.703852,-0.027852,0.027852
Linear Regression,4.037000,2.772948,1.264052,1.264052
Linear Regression,1.917000,1.520218,0.396782,0.396782
Linear Regression,5.000010,2.155623,2.844387,2.844387
Linear Regression,1.871000,2.274398,-0.403398,0.403398
Linear Regression,0.964000,1.704190,-0.740190,0.740190
Linear Regression,0.924000,0.710377,0.213623,0.213623
Linear Regression,2.139000,2.388781,-0.249781,0.249781
Linear Regression,1.550000,2.388416,-0.838416,0.838416
Linear Regression,1.330000,1.799726,-0.469726,0.469726
Linear Regression,2.750000,1.142118,1.607882,1.607882
Linear Regression,2.385000,2.191324,0.193676,0.193676
Linear Regression,1.583000,1.654295,-0.071295,0.071295
Linear Regression,0.705000,1.191122,-0.486122,0.486122
Linear Regression,2.223000,2.246285,-0.023285,0.023285
Linear Regression,4.119000,3.290060,0.828940,0.828940
Linear Regression,1.851000,1.735558,0.115442,0.115442
Linear Regression,5.000010,2.459111,2.540899,2.540899
Linear Regression,1.398000,1.673186,-0.275186,0.275186
Linear Regression,1.781000,2.344349,-0.563349,0.563349
Linear Regression,1.593000,2.037181,-0.444181,0.444181
Linear Regression,1.250000,1.688763,-0.438763,0.438763
Linear Regression,1.971000,2.800764,-0.829764,0.829764
Linear Regression,0.640000,0.870270,-0.230270,0.230270
Linear Regression,1.946000,1.947505,-0.001505,0.001505
Linear Regression,1.625000,0.629068,0.995932,0.995932
Linear Regression,0.844000,1.191059,-0.347059,0.347059
Linear Regression,0.613000,0.566625,0.046375,0.046375
Linear Regression,3.682000,3.110634,0.571366,0.571366
Linear Regression,1.221000,1.539241,-0.318241,0.318241
Linear Regression,0.861000,0.802663,0.058337,0.058337
Linear Regression,2.099000,2.141805,-0.042805,0.042805
Linear Regression,1.708000,2.018907,-0.310907,0.310907
Linear Regression,1.750000,2.177511,-0.427511,0.427511
Linear Regression,1.266000,1.405047,-0.139047,0.139047
Linear Regression,2.822000,2.229291,0.592709,0.592709
Linear Regression,2.077000,2.610746,-0.533746,0.533746
Linear Regression,1.042000,1.670691,-0.628691,0.628691
Linear Regression,2.143000,2.741251,-0.598251,0.598251
Linear Regression,0.803000,1.233710,-0.430710,0.430710
Linear Regression,2.731000,2.852365,-0.121365,0.121365
Linear Regression,2.375000,2.725208,-0.350208,0.350208
Linear Regression,0.738000,1.068538,-0.330538,0.330538
Linear Regression,1.844000,1.998289,-0.154289,0.154289
Linear Regression,3.420000,2.329744,1.090256,1.090256
Linear Regression,1.297000,1.714711,-0.417711,0.417711
Linear Regression,2.240000,3.010711,-0.770711,0.770711
Linear Regression,1.569000,1.943366,-0.374366,0.374366
Linear Regression,3.949000,3.119589,0.829411,0.829411
Linear Regression,1.577000,2.309751,-0.732751,0.732751
Linear Regression,1.199000,1.745428,-0.546428,0.546428
Linear Regression,3.169000,2.670178,0.498822,0.498822
Linear Regression,2.125000,2.611414,-0.486414,0.486414
Linear Regression,0.683000,1.000080,-0.317080,0.317080
Linear Regression,1.651000,2.108921,-0.457921,0.457921
Linear Regression,0.936000,1.284413,-0.348413,0.348413
Linear Regression,0.888000,1.553201,-0.665201,0.665201
Linear Regression,1.847000,2.362382,-0.515382,0.515382
Linear Regression,3.271000,3.087724,0.183276,0.183276
Linear Regression,1.343000,1.356619,-0.013619,0.013619
Linear Regression,5.000010,2.547341,2.452669,2.452669
Linear Regression,1.621000,2.089830,-0.468830,0.468830
Linear Regression,5.000010,5.376588,-0.376578,0.376578
Linear Regression,2.292000,1.948997,0.343003,0.343003
Linear Regression,1.125000,1.447493,-0.322493,0.322493
Linear Regression,3.542000,2.690322,0.851678,0.851678
Linear Regression,3.621000,2.935608,0.685392,0.685392
Linear Regression,1.625000,1.313741,0.311259,0.311259
Linear Regression,1.005000,1.545630,-0.540630,0.540630
Linear Regression,0.677000,0.509287,0.167713,0.167713
Linear Regression,0.571000,0.877808,-0.306808,0.306808
Linear Regression,1.648000,2.461229,-0.813229,0.813229
Linear Regression,2.042000,2.036871,0.005129,0.005129
Linear Regression,3.424000,2.888248,0.535752,0.535752
Linear Regression,1.815000,1.551618,0.263382,0.263382
Linear Regression,3.045000,1.957646,1.087354,1.087354
Linear Regression,2.353000,3.011254,-0.658254,0.658254
Linear Regression,1.053000,1.892430,-0.839430,0.839430
Linear Regression,2.914000,2.311871,0.602129,0.602129
Linear Regression,1.596000,2.469273,-0.873273,0.873273
Linear Regression,1.118000,1.328080,-0.210080,0.210080
Linear Regression,1.196000,1.371318,-0.175318,0.175318
Linear Regression,3.297000,2.667900,0.629100,0.629100
Linear Regression,1.367000,2.293823,-0.926823,0.926823
Linear Regression,1.014000,1.456397,-0.442397,0.442397
Linear Regression,1.186000,1.071667,0.114333,0.114333
Linear Regression,1.333000,1.244221,0.088779,0.088779
Linear Regression,0.525000,0.673865,-0.148865,0.148865
Linear Regression,2.346000,2.985415,-0.639415,0.639415
Linear Regression,0.750000,1.756363,-1.006363,1.006363
Linear Regression,1.763000,2.189876,-0.426876,0.426876
Linear Regression,3.468000,2.732459,0.735541,0.735541
Linear Regression,2.518000,2.567083,-0.049083,0.049083
Linear Regression,0.542000,1.171969,-0.629969,0.629969
Linear Regression,0.675000,1.777858,-1.102858,1.102858
Linear Regression,1.425000,2.128209,-0.703209,0.703209
Linear Regression,1.016000,1.388420,-0.372420,0.372420
Linear Regression,2.273000,3.018786,-0.745786,0.745786
Linear Regression,3.372000,2.500884,0.871116,0.871116
Linear Regression,1.188000,1.908873,-0.720873,0.720873
Linear Regression,0.675000,0.785421,-0.110421,0.110421
Linear Regression,2.020000,2.306846,-0.286846,0.286846
Linear Regression,0.942000,1.137690,-0.195690,0.195690
Linear Regression,0.962000,0.880737,0.081263,0.081263
Linear Regression,2.250000,2.561017,-0.311017,0.311017
Linear Regression,2.587000,1.838583,0.748417,0.748417
Linear Regression,1.031000,1.170613,-0.139613,0.139613
Linear Regression,1.172000,1.508464,-0.336464,0.336464
Linear Regression,1.648000,1.028701,0.619299,0.619299
Linear Regression,1.440000,2.019414,-0.579414,0.579414
Linear Regression,5.000010,3.466844,1.533166,1.533166
Linear Regression,1.554000,0.750714,0.803286,0.803286
Linear Regression,1.147000,1.378707,-0.231707,0.231707
Linear Regression,1.231000,2.121775,-0.890775,0.890775
Linear Regression,2.268000,2.479920,-0.211920,0.211920
Linear Regression,1.804000,1.085073,0.718927,0.718927
Linear Regression,3.109000,3.288223,-0.179223,0.179223
Linear Regression,1.488000,2.072837,-0.584837,0.584837
Linear Regression,0.847000,1.310609,-0.463609,0.463609
Linear Regression,0.637000,1.105978,-0.468978,0.468978
Linear Regression,2.620000,2.194510,0.425490,0.425490
Linear Regression,4.381000,3.767882,0.613118,0.613118
Linear Regression,2.265000,2.260600,0.004400,0.004400
Linear Regression,0.876000,0.907211,-0.031211,0.031211
Linear Regression,3.455000,3.026566,0.428434,0.428434
Linear Regression,1.401000,1.405743,-0.004743,0.004743
Linear Regression,3.667000,2.105502,1.561498,1.561498
Linear Regression,2.708000,2.460330,0.247670,0.247670
Linear Regression,1.688000,2.348639,-0.660639,0.660639
Linear Regression,2.938000,3.096265,-0.158265,0.158265
Linear Regression,2.518000,3.192914,-0.674914,0.674914
Linear Regression,0.851000,0.742726,0.108274,0.108274
Linear Regression,2.675000,3.014391,-0.339391,0.339391
Linear Regression,1.409000,2.177587,-0.768587,0.768587
Linear Regression,2.855000,1.836662,1.018338,1.018338
Linear Regression,1.513000,1.956551,-0.443551,0.443551
Linear Regression,2.250000,2.130493,0.119507,0.119507
Linear Regression,0.446000,0.919914,-0.473914,0.473914
Linear Regression,4.500000,1.570128,2.929872,2.929872
Linear Regression,2.293000,3.038067,-0.745067,0.745067
Linear Regression,2.250000,0.537539,1.712461,1.712461
Linear Regression,1.380000,1.879353,-0.499353,0.499353
Linear Regression,0.969000,1.059980,-0.090980,0.090980
Linear Regression,1.612000,2.078300,-0.466300,0.466300
Linear Regression,1.443000,0.931854,0.511146,0.511146
Linear Regression,4.500000,1.553356,2.946644,2.946644
Linear Regression,1.225000,1.781979,-0.556979,0.556979
Linear Regression,2.487000,2.344310,0.142690,0.142690
Linear Regression,1.342000,2.038806,-0.696806,0.696806
Linear Regression,3.481000,3.412115,0.068885,0.068885
Linear Regression,0.783000,0.232255,0.550745,0.550745
Linear Regression,1.078000,1.022540,0.055460,0.055460
Linear Regression,1.469000,1.883283,-0.414283,0.414283
Linear Regression,1.883000,2.240466,-0.357466,0.357466
Linear Regression,1.625000,1.181771,0.443229,0.443229
Linear Regression,0.586000,0.473227,0.112773,0.112773
Linear Regression,1.837000,2.010143,-0.173143,0.173143
Linear Regression,1.804000,1.870202,-0.066202,0.066202
Linear Regression,1.750000,1.935067,-0.185067,0.185067
Linear Regression,1.372000,2.632581,-1.260581,1.260581
Linear Regression,1.100000,3.436931,-2.336931,2.336931
Linear Regression,2.334000,2.625226,-0.291226,0.291226
Linear Regression,1.283000,0.640405,0.642595,0.642595
Linear Regression,3.500000,1.501924,1.998076,1.998076
Linear Regression,1.552000,1.987180,-0.435180,0.435180
Linear Regression,2.567000,2.720561,-0.153561,0.153561
Linear Regression,0.859000,1.171040,-0.312040,0.312040
Linear Regression,0.732000,0.725799,0.006201,0.006201
Linear Regression,2.583000,1.904760,0.678240,0.678240
Linear Regression,0.628000,0.515727,0.112273,0.112273
Linear Regression,4.850000,2.765521,2.084479,2.084479
Linear Regression,1.240000,1.909039,-0.669039,0.669039
Linear Regression,1.585000,2.216596,-0.631596,0.631596
Linear Regression,0.973000,1.415238,-0.442238,0.442238
Linear Regression,1.867000,2.585481,-0.718481,0.718481
Linear Regression,3.441000,3.461132,-0.020132,0.020132
Linear Regression,1.667000,2.158323,-0.491323,0.491323
Linear Regression,1.089000,0.663118,0.425882,0.425882
Linear Regression,4.829000,2.595900,2.233100,2.233100
Linear Regression,2.044000,2.504066,-0.460066,0.460066
Linear Regression,2.307000,2.311891,-0.004891,0.004891
Linear Regression,0.530000,0.867492,-0.337492,0.337492
Linear Regression,1.785000,1.769308,0.015692,0.015692
Linear Regression,5.000010,3.554318,1.445692,1.445692
Linear Regression,5.000010,5.871173,-0.871163,0.871163
Linear Regression,0.849000,1.186553,-0.337553,0.337553
Linear Regression,5.000010,2.667165,2.332845,2.332845
Linear Regression,2.468000,3.111924,-0.643924,0.643924
Linear Regression,1.563000,1.721400,-0.158400,0.158400
Linear Regression,2.346000,1.848446,0.497554,0.497554
Linear Regression,0.488000,0.762721,-0.274721,0.274721
Linear Regression,1.458000,1.981566,-0.523566,0.523566
Linear Regression,2.715000,2.894226,-0.179226,0.179226
Linear Regression,5.000010,2.321918,2.678092,2.678092
Linear Regression,0.875000,2.322239,-1.447239,1.447239
Linear Regression,0.691000,0.769395,-0.078395,0.078395
Linear Regression,1.393000,1.678571,-0.285571,0.285571
Linear Regression,2.734000,2.190218,0.543782,0.543782
Linear Regression,2.297000,2.300405,-0.003405,0.003405
Linear Regression,0.682000,0.666952,0.015048,0.015048
Linear Regression,1.143000,1.361618,-0.218618,0.218618
Linear Regression,1.599000,2.170382,-0.571382,0.571382
Linear Regression,1.166000,1.531508,-0.365508,0.365508
Linear Regression,2.099000,2.520821,-0.421821,0.421821
Linear Regression,0.689000,0.463238,0.225762,0.225762
Linear Regression,1.014000,1.708489,-0.694489,0.694489
Linear Regression,2.140000,2.316590,-0.176590,0.176590
Linear Regression,3.553000,3.419833,0.133167,0.133167
Linear Regression,0.903000,2.038185,-1.135185,1.135185
Linear Regression,1.593000,2.136504,-0.543504,0.543504
Linear Regression,0.639000,0.917750,-0.278750,0.278750
Linear Regression,2.182000,2.254067,-0.072067,0.072067
Linear Regression,2.536000,2.800468,-0.264468,0.264468
Linear Regression,0.813000,0.902456,-0.089456,0.089456
Linear Regression,1.886000,2.514999,-0.628999,0.628999
Linear Regression,1.654000,2.973964,-1.319964,1.319964
Linear Regression,1.063000,1.718755,-0.655755,0.655755
Linear Regression,2.101000,2.667378,-0.566378,0.566378
Linear Regression,1.476000,1.924294,-0.448294,0.448294
Linear Regression,1.125000,2.239815,-1.114815,1.114815
Linear Regression,1.750000,2.180689,-0.430689,0.430689
Linear Regression,1.566000,2.288656,-0.722656,0.722656
Linear Regression,1.173000,2.037567,-0.864567,0.864567
Linear Regression,2.292000,1.715675,0.576325,0.576325
Linear Regression,3.500000,1.903797,1.596203,1.596203
Linear Regression,1.719000,1.297731,0.421269,0.421269
Linear Regression,1.993000,2.289562,-0.296562,0.296562
Linear Regression,2.516000,2.655531,-0.139531,0.139531
Linear Regression,3.000000,1.994454,1.005546,1.005546
Linear Regression,1.589000,1.555838,0.033162,0.033162
Linear Regression,2.168000,2.675738,-0.507738,0.507738
Linear Regression,1.980000,2.633282,-0.653282,0.653282
Linear Regression,3.561000,3.049042,0.511958,0.511958
Linear Regression,1.923000,2.226043,-0.303043,0.303043
Linear Regression,3.145000,2.370673,0.774327,0.774327
Linear Regression,0.500000,0.691035,-0.191035,0.191035
Linear Regression,1.625000,2.127999,-0.502999,0.502999
Linear Regression,1.671000,2.067212,-0.396212,0.396212
Linear Regression,1.388000,1.556068,-0.168068,0.168068
Linear Regression,1.476000,1.984010,-0.508010,0.508010
Linear Regression,2.385000,2.392442,-0.007442,0.007442
Linear Regression,1.107000,1.560831,-0.453831,0.453831
Linear Regression,3.338000,3.276684,0.061316,0.061316
Linear Regression,1.921000,2.158256,-0.237256,0.237256
Linear Regression,2.940000,2.147297,0.792703,0.792703
Linear Regression,1.545000,1.573318,-0.028318,0.028318
Linear Regression,1.519000,2.169265,-0.650265,0.650265
Linear Regression,5.000010,4.820697,0.179313,0.179313
Linear Regression,3.229000,2.937509,0.291491,0.291491
Linear Regression,1.656000,2.082854,-0.426854,0.426854
Linear Regression,2.212000,2.098153,0.113847,0.113847
Linear Regression,1.704000,2.192860,-0.488860,0.488860
Linear Regression,1.987000,1.982295,0.004705,0.004705
Linear Regression,1.625000,1.662053,-0.037053,0.037053
Linear Regression,4.112000,3.605483,0.506517,0.506517
Linear Regression,3.355000,2.936087,0.418913,0.418913
Linear Regression,1.491000,1.584629,-0.093629,0.093629
Linear Regression,3.815000,2.567877,1.247123,1.247123
Linear Regression,1.839000,1.014058,0.824942,0.824942
Linear Regression,0.912000,1.470547,-0.558547,0.558547
Linear Regression,4.115000,3.731834,0.383166,0.383166
Linear Regression,2.203000,2.595042,-0.392042,0.392042
Linear Regression,1.581000,2.169003,-0.588003,0.588003
Linear Regression,0.696000,-0.033570,0.729570,0.729570
Linear Regression,2.705000,2.879355,-0.174355,0.174355
Linear Regression,2.616000,2.390389,0.225611,0.225611
Linear Regression,3.895000,2.952764,0.942236,0.942236
Linear Regression,0.750000,1.035158,-0.285158,0.285158
Linear Regression,1.776000,2.572159,-0.796159,0.796159
Linear Regression,1.704000,0.594615,1.109385,1.109385
Linear Regression,1.542000,2.176073,-0.634073,0.634073
Linear Regression,1.319000,1.755039,-0.436039,0.436039
Linear Regression,0.444000,0.336194,0.107806,0.107806
Linear Regression,1.450000,1.845857,-0.395857,0.395857
Linear Regression,2.241000,2.839959,-0.598959,0.598959
Linear Regression,1.875000,1.150064,0.724936,0.724936
Linear Regression,1.929000,1.667644,0.261356,0.261356
Linear Regression,0.886000,0.842527,0.043473,0.043473
Linear Regression,1.839000,2.155034,-0.316034,0.316034
Linear Regression,2.250000,3.024558,-0.774558,0.774558
Linear Regression,1.828000,1.577536,0.250464,0.250464
Linear Regression,1.376000,1.868337,-0.492337,0.492337
Linear Regression,2.653000,2.804155,-0.151155,0.151155
Linear Regression,0.366000,0.650172,-0.284172,0.284172
Linear Regression,1.255000,1.688262,-0.433262,0.433262
Linear Regression,1.386000,2.071364,-0.685364,0.685364
Linear Regression,4.871000,2.648853,2.222147,2.222147
Linear Regression,1.786000,1.875322,-0.089322,0.089322
Linear Regression,1.345000,2.022267,-0.677267,0.677267
Linear Regression,3.067000,3.348758,-0.281758,0.281758
Linear Regression,1.158000,2.194892,-1.036892,1.036892
Linear Regression,0.914000,1.303999,-0.389999,0.389999
Linear Regression,2.109000,2.301384,-0.192384,0.192384
Linear Regression,2.592000,2.966534,-0.374534,0.374534
Linear Regression,3.473000,3.828348,-0.355348,0.355348
Linear Regression,1.684000,2.367047,-0.683047,0.683047
Linear Regression,1.509000,0.991207,0.517793,0.517793
Linear Regression,1.135000,1.244311,-0.109311,0.109311
Linear Regression,3.026000,2.907482,0.118518,0.118518
Linear Regression,4.233000,2.618573,1.614427,1.614427
Linear Regression,4.922000,3.723712,1.198288,1.198288
Linear Regression,1.906000,2.138167,-0.232167,0.232167
Linear Regression,2.450000,2.003190,0.446810,0.446810
Linear Regression,0.557000,1.198831,-0.641831,0.641831
Linear Regression,0.840000,1.877555,-1.037555,1.037555
Linear Regression,2.750000,2.854776,-0.104776,0.104776
Linear Regression,1.896000,1.575857,0.320143,0.320143
Linear Regression,2.759000,1.846239,0.912761,0.912761
Linear Regression,3.198000,3.351820,-0.153820,0.153820
Linear Regression,2.917000,2.394155,0.522845,0.522845
Linear Regression,0.679000,0.921993,-0.242993,0.242993
Linear Regression,1.890000,2.413943,-0.523943,0.523943
Linear Regression,0.900000,1.600636,-0.700636,0.700636
Linear Regression,3.350000,2.570609,0.779391,0.779391
Linear Regression,1.767000,1.691686,0.075314,0.075314
Linear Regression,0.985000,1.505978,-0.520978,0.520978
Linear Regression,2.006000,2.215394,-0.209394,0.209394
Linear Regression,0.602000,0.997687,-0.395687,0.395687
Linear Regression,1.919000,2.119567,-0.200567,0.200567
Linear Regression,1.911000,2.173270,-0.262270,0.262270
Linear Regression,3.373000,3.204106,0.168894,0.168894
Linear Regression,2.250000,2.136800,0.113200,0.113200
Linear Regression,2.906000,1.787843,1.118157,1.118157
Linear Regression,1.215000,1.121550,0.093450,0.093450
Linear Regression,2.932000,3.006254,-0.074254,0.074254
Linear Regression,1.070000,1.360820,-0.290820,0.290820
Linear Regression,2.664000,2.475494,0.188506,0.188506
Linear Regression,0.769000,1.390404,-0.621404,0.621404
Linear Regression,2.203000,1.443931,0.759069,0.759069
Linear Regression,1.011000,1.502515,-0.491515,0.491515
Linear Regression,4.746000,2.771994,1.974006,1.974006
Linear Regression,0.653000,0.523523,0.129477,0.129477
Linear Regression,1.137000,1.396837,-0.259837,0.259837
Linear Regression,2.142000,2.264845,-0.122845,0.122845
Linear Regression,2.167000,2.779070,-0.612070,0.612070
Linear Regression,1.984000,2.345638,-0.361638,0.361638
Linear Regression,2.122000,1.643705,0.478295,0.478295
Linear Regression,2.227000,2.494451,-0.267451,0.267451
Linear Regression,2.659000,2.712845,-0.053845,0.053845
Linear Regression,0.375000,1.002589,-0.627589,0.627589
Linear Regression,2.650000,2.527312,0.122688,0.122688
Linear Regression,1.087000,1.245289,-0.158289,0.158289
Linear Regression,0.467000,0.930253,-0.463253,0.463253
Linear Regression,1.875000,2.271976,-0.396976,0.396976
Linear Regression,0.616000,0.440803,0.175197,0.175197
Linear Regression,3.430000,3.108352,0.321648,0.321648
Linear Regression,1.660000,1.975741,-0.315741,0.315741
Linear Regression,5.000010,2.273335,2.726675,2.726675
Linear Regression,1.375000,2.345281,-0.970281,0.970281
Linear Regression,0.906000,0.365458,0.540542,0.540542
Linear Regression,0.770000,1.397166,-0.627166,0.627166
Linear Regression,1.481000,2.163438,-0.682438,0.682438
Linear Regression,0.916000,1.712492,-0.796492,0.796492
Linear Regression,1.509000,1.455745,0.053255,0.053255
Linear Regression,1.551000,2.024730,-0.473730,0.473730
Linear Regression,0.892000,1.236738,-0.344738,0.344738
Linear Regression,2.154000,1.637275,0.516725,0.516725
Linear Regression,0.551000,0.403109,0.147891,0.147891
Linear Regression,1.974000,1.997860,-0.023860,0.023860
Linear Regression,1.544000,1.814441,-0.270441,0.270441
Linear Regression,1.417000,1.861972,-0.444972,0.444972
Linear Regression,0.984000,1.194957,-0.210957,0.210957
Linear Regression,1.526000,2.044687,-0.518687,0.518687
Linear Regression,1.096000,1.581524,-0.485524,0.485524
Linear Regression,1.713000,1.552516,0.160484,0.160484
Linear Regression,1.041000,0.930641,0.110359,0.110359
Linear Regression,1.539000,2.289725,-0.750725,0.750725
Linear Regression,2.700000,2.044162,0.655838,0.655838
Linear Regression,2.865000,3.029299,-0.164299,0.164299
Linear Regression,3.350000,2.480693,0.869307,0.869307
Linear Regression,1.377000,1.891437,-0.514437,0.514437
Linear Regression,2.320000,2.082751,0.237249,0.237249
Linear Regression,3.938000,2.774101,1.163899,1.163899
Linear Regression,0.703000,0.765985,-0.062985,0.062985
Linear Regression,1.417000,1.671569,-0.254569,0.254569
Linear Regression,1.563000,1.987736,-0.424736,0.424736
Linear Regression,4.500000,2.546754,1.953246,1.953246
Linear Regression,1.998000,1.692765,0.305235,0.305235
Linear Regression,0.953000,1.266684,-0.313684,0.313684
Linear Regression,0.869000,1.384600,-0.515600,0.515600
Linear Regression,1.875000,1.688576,0.186424,0.186424
Linear Regression,2.218000,2.895887,-0.677887,0.677887
Linear Regression,0.588000,0.662461,-0.074461,0.074461
Linear Regression,1.344000,0.967005,0.376995,0.376995
Linear Regression,2.386000,2.877480,-0.491480,0.491480
Linear Regression,1.609000,1.958110,-0.349110,0.349110
Linear Regression,1.364000,1.981850,-0.617850,0.617850
Linear Regression,1.440000,1.951607,-0.511607,0.511607
Linear Regression,1.593000,2.239515,-0.646515,0.646515
Linear Regression,1.553000,1.862675,-0.309675,0.309675
Linear Regression,1.426000,2.608161,-1.182161,1.182161
Linear Regression,1.207000,1.326919,-0.119919,0.119919
Linear Regression,1.262000,1.763766,-0.501766,0.501766
Linear Regression,2.134000,2.594780,-0.460780,0.460780
Linear Regression,1.169000,1.607438,-0.438438,0.438438
Linear Regression,1.858000,2.071360,-0.213360,0.213360
Linear Regression,3.560000,3.509371,0.050629,0.050629
Linear Regression,1.500000,1.297166,0.202834,0.202834
Linear Regression,0.889000,1.012331,-0.123331,0.123331
Linear Regression,2.591000,2.127674,0.463326,0.463326
Linear Regression,5.000010,3.660892,1.339118,1.339118
Linear Regression,1.276000,1.345280,-0.069280,0.069280
Linear Regression,0.699000,1.254910,-0.555910,0.555910
Linear Regression,1.370000,2.295553,-0.925553,0.925553
Linear Regression,2.737000,2.703922,0.033078,0.033078
Linear Regression,0.920000,1.229863,-0.309863,0.309863
Linear Regression,1.183000,1.804275,-0.621275,0.621275
Linear Regression,4.108000,4.864860,-0.756860,0.756860
Linear Regression,1.005000,1.154216,-0.149216,0.149216
Linear Regression,4.929000,2.523387,2.405613,2.405613
Linear Regression,1.185000,1.523291,-0.338291,0.338291
Linear Regression,1.135000,1.735041,-0.600041,0.600041
Linear Regression,0.899000,1.634382,-0.735382,0.735382
Linear Regression,5.000010,3.891947,1.108063,1.108063
Linear Regression,5.000010,4.645564,0.354446,0.354446
Linear Regression,1.463000,3.067063,-1.604063,1.604063
Linear Regression,1.135000,1.623056,-0.488056,0.488056
Linear Regression,2.750000,2.415041,0.334959,0.334959
Linear Regression,1.025000,1.477256,-0.452256,0.452256
Linear Regression,1.471000,2.130431,-0.659431,0.659431
Linear Regression,2.250000,2.237744,0.012256,0.012256
Linear Regression,1.394000,1.336859,0.057141,0.057141
Linear Regression,1.758000,2.326910,-0.568910,0.568910
Linear Regression,0.570000,1.603309,-1.033309,1.033309
Linear Regression,2.696000,1.998295,0.697705,0.697705
Linear Regression,2.729000,2.792680,-0.063680,0.063680
Linear Regression,0.762000,1.136327,-0.374327,0.374327
Linear Regression,4.841000,4.086722,0.754278,0.754278
Linear Regression,1.806000,1.785003,0.020997,0.020997
Linear Regression,2.380000,2.245683,0.134317,0.134317
Linear Regression,1.375000,1.340105,0.034895,0.034895
Linear Regression,1.863000,1.424971,0.438029,0.438029
Linear Regression,1.929000,2.578241,-0.649241,0.649241
Linear Regression,0.845000,0.518453,0.326547,0.326547
Linear Regression,1.076000,1.931933,-0.855933,0.855933
Linear Regression,0.555000,0.267600,0.287400,0.287400
Linear Regression,2.653000,2.296609,0.356391,0.356391
Linear Regression,3.883000,3.082918,0.800082,0.800082
Linear Regression,4.827000,3.221975,1.605025,1.605025
Linear Regression,1.981000,2.988964,-1.007964,1.007964
Linear Regression,0.927000,0.832008,0.094992,0.094992
Linear Regression,3.462000,3.340477,0.121523,0.121523
Linear Regression,0.388000,1.188075,-0.800075,0.800075
Linear Regression,0.567000,0.756118,-0.189118,0.189118
Linear Regression,1.237000,2.269540,-1.032540,1.032540
Linear Regression,0.938000,1.182785,-0.244785,0.244785
Linear Regression,0.932000,1.297578,-0.365578,0.365578
Linear Regression,0.440000,0.067244,0.372756,0.372756
Linear Regression,0.692000,1.489267,-0.797267,0.797267
Linear Regression,3.018000,2.981294,0.036706,0.036706
Linear Regression,2.542000,1.861886,0.680114,0.680114
Linear Regression,2.098000,2.638599,-0.540599,0.540599
Linear Regression,1.845000,2.063307,-0.218307,0.218307
Linear Regression,0.734000,1.012118,-0.278118,0.278118
Linear Regression,3.390000,3.323667,0.066333,0.066333
Linear Regression,0.931000,1.445162,-0.514162,0.514162
Linear Regression,2.023000,2.295821,-0.272821,0.272821
Linear Regression,1.333000,1.250777,0.082223,0.082223
Linear Regression,2.707000,2.688156,0.018844,0.018844
Linear Regression,2.402000,3.034767,-0.632767,0.632767
Linear Regression,1.393000,1.277248,0.115752,0.115752
Linear Regression,0.570000,0.964822,-0.394822,0.394822
Linear Regression,1.707000,0.967847,0.739153,0.739153
Linear Regression,1.192000,1.697538,-0.505538,0.505538
Linear Regression,1.773000,2.350360,-0.577360,0.577360
Linear Regression,2.896000,2.783298,0.112702,0.112702
Linear Regression,2.976000,2.226226,0.749774,0.749774
Linear Regression,1.099000,1.512782,-0.413782,0.413782
Linear Regression,1.475000,1.469468,0.005532,0.005532
Linear Regression,0.787000,0.355311,0.431689,0.431689
Linear Regression,1.603000,2.470319,-0.867319,0.867319
Linear Regression,0.777000,1.475630,-0.698630,0.698630
Linear Regression,4.735000,3.986043,0.748957,0.748957
Linear Regression,5.000010,4.640920,0.359090,0.359090
Linear Regression,1.331000,1.273917,0.057083,0.057083
Linear Regression,0.935000,1.079813,-0.144813,0.144813
Linear Regression,2.801000,2.707054,0.093946,0.093946
Linear Regression,2.567000,2.314832,0.252168,0.252168
Linear Regression,2.880000,2.829676,0.050324,0.050324
Linear Regression,1.611000,1.549758,0.061242,0.061242
Linear Regression,1.370000,2.098701,-0.728701,0.728701
Linear Regression,0.620000,0.952907,-0.332907,0.332907
Linear Regression,4.438000,3.765988,0.672012,0.672012
Linear Regression,0.683000,0.343146,0.339854,0.339854
Linear Regression,2.621000,2.609367,0.011633,0.011633
Linear Regression,1.094000,0.937173,0.156827,0.156827
Linear Regression,4.093000,3.220077,0.872923,0.872923
Linear Regression,1.752000,2.050554,-0.298554,0.298554
Linear Regression,1.477000,1.891088,-0.414088,0.414088
Linear Regression,2.875000,1.752921,1.122079,1.122079
Linear Regression,0.932000,1.564610,-0.632610,0.632610
Linear Regression,0.938000,1.589775,-0.651775,0.651775
Linear Regression,1.724000,1.868880,-0.144880,0.144880
Linear Regression,3.186000,2.872475,0.313525,0.313525
Linear Regression,1.852000,1.750749,0.101251,0.101251
Linear Regression,0.652000,0.633748,0.018252,0.018252
Linear Regression,1.797000,0.996905,0.800095,0.800095
Linear Regression,1.592000,1.588280,0.003720,0.003720
Linear Regression,1.519000,1.692238,-0.173238,0.173238
Linear Regression,0.717000,1.082052,-0.365052,0.365052
Linear Regression,2.452000,1.756068,0.695932,0.695932
Linear Regression,2.283000,2.661212,-0.378212,0.378212
Linear Regression,1.964000,1.509759,0.454241,0.454241
Linear Regression,1.924000,2.072436,-0.148436,0.148436
Linear Regression,0.659000,0.564571,0.094429,0.094429
Linear Regression,2.823000,1.754898,1.068102,1.068102
Linear Regression,1.853000,2.102510,-0.249510,0.249510
Linear Regression,0.886000,1.419375,-0.533375,0.533375
Linear Regression,0.675000,1.001277,-0.326277,0.326277
Linear Regression,1.434000,0.830802,0.603198,0.603198
Linear Regression,1.194000,1.258876,-0.064876,0.064876
Linear Regression,2.158000,2.800201,-0.642201,0.642201
Linear Regression,2.574000,2.809385,-0.235385,0.235385
Linear Regression,3.734000,2.911988,0.822012,0.822012
Linear Regression,1.523000,1.701378,-0.178378,0.178378
Linear Regression,2.457000,2.947559,-0.490559,0.490559
Linear Regression,0.800000,1.510104,-0.710104,0.710104
Linear Regression,1.372000,1.316828,0.055172,0.055172
Linear Regression,2.669000,3.104354,-0.435354,0.435354
Linear Regression,3.953000,3.016913,0.936087,0.936087
Linear Regression,2.221000,2.738917,-0.517917,0.517917
Linear Regression,5.000010,2.064605,2.935405,2.935405
Linear Regression,5.000010,3.415567,1.584443,1.584443
Linear Regression,2.329000,2.393238,-0.064238,0.064238
Linear Regression,2.597000,2.892942,-0.295942,0.295942
Linear Regression,2.157000,1.546108,0.610892,0.610892
Linear Regression,2.432000,2.935859,-0.503859,0.503859
Linear Regression,2.214000,2.349511,-0.135511,0.135511
Linear Regression,1.125000,1.389225,-0.264225,0.264225
Linear Regression,3.885000,2.366470,1.518530,1.518530
Linear Regression,4.100000,2.414902,1.685098,1.685098
Linear Regression,1.630000,2.737515,-1.107515,1.107515
Linear Regression,5.000000,2.835253,2.164747,2.164747
Linear Regression,2.313000,1.846154,0.466846,0.466846
Linear Regression,0.761000,1.600499,-0.839499,0.839499
Linear Regression,4.586000,2.430411,2.155589,2.155589
Linear Regression,3.663000,3.096729,0.566271,0.566271
Linear Regression,2.968000,2.252642,0.715358,0.715358
Linear Regression,0.586000,1.127749,-0.541749,0.541749
Linear Regression,0.848000,1.081566,-0.233566,0.233566
Linear Regression,1.173000,1.660782,-0.487782,0.487782
Linear Regression,1.266000,0.475330,0.790670,0.790670
Linear Regression,1.708000,2.455971,-0.747971,0.747971
Linear Regression,1.493000,1.275664,0.217336,0.217336
Linear Regression,1.190000,0.757177,0.432823,0.432823
Linear Regression,3.750000,2.418546,1.331454,1.331454
Linear Regression,2.849000,3.117282,-0.268282,0.268282
Linear Regression,1.701000,1.710239,-0.009239,0.009239
Linear Regression,5.000010,2.958823,2.041187,2.041187
Linear Regression,0.987000,1.302667,-0.315667,0.315667
Linear Regression,0.608000,0.519244,0.088756,0.088756
Linear Regression,1.428000,1.528255,-0.100255,0.100255
Linear Regression,2.239000,2.461309,-0.222309,0.222309
Linear Regression,1.375000,1.702429,-0.327429,0.327429
Linear Regression,2.978000,3.001432,-0.023432,0.023432
Linear Regression,1.127000,2.007787,-0.880787,0.880787
Linear Regression,1.133000,0.669953,0.463047,0.463047
Linear Regression,1.214000,1.414908,-0.200908,0.200908
Linear Regression,2.484000,2.722076,-0.238076,0.238076
Linear Regression,4.078000,3.545403,0.532597,0.532597
Linear Regression,3.566000,3.437875,0.128125,0.128125
Linear Regression,1.063000,1.133626,-0.070626,0.070626
Linear Regression,1.214000,1.730250,-0.516250,0.516250
Linear Regression,2.409000,2.112243,0.296757,0.296757
Linear Regression,2.471000,1.908294,0.562706,0.562706
Linear Regression,1.379000,0.698441,0.680559,0.680559
Linear Regression,0.863000,0.509528,0.353472,0.353472
Linear Regression,5.000010,3.551067,1.448943,1.448943
Linear Regression,2.163000,2.517333,-0.354333,0.354333
Linear Regression,3.056000,2.830502,0.225498,0.225498
Linear Regression,1.583000,2.124090,-0.541090,0.541090
Linear Regression,4.521000,2.409382,2.111618,2.111618
Linear Regression,0.950000,1.736270,-0.786270,0.786270
Linear Regression,1.057000,0.281100,0.775900,0.775900
Linear Regression,0.846000,1.230399,-0.384399,0.384399
Linear Regression,2.401000,2.080218,0.320782,0.320782
Linear Regression,1.625000,1.682236,-0.057236,0.057236
Linear Regression,0.966000,1.467113,-0.501113,0.501113
Linear Regression,0.922000,0.566427,0.355573,0.355573
Linear Regression,2.282000,2.283603,-0.001603,0.001603
Linear Regression,1.137000,2.642664,-1.505664,1.505664
Linear Regression,0.690000,0.820106,-0.130106,0.130106
Linear Regression,5.000010,3.716301,1.283709,1.283709
Linear Regression,2.250000,1.980452,0.269548,0.269548
Linear Regression,1.740000,1.871852,-0.131852,0.131852
Linear Regression,5.000010,3.646438,1.353572,1.353572
Linear Regression,2.530000,2.817215,-0.287215,0.287215
Linear Regression,2.776000,3.533976,-0.757976,0.757976
Linear Regression,2.852000,2.725322,0.126678,0.126678
Linear Regression,0.903000,1.665761,-0.762761,0.762761
Linear Regression,1.899000,1.409889,0.489111,0.489111
Linear Regression,3.166000,2.563662,0.602338,0.602338
Linear Regression,3.019000,2.816549,0.202451,0.202451
Linear Regression,0.931000,0.947514,-0.016514,0.016514
Linear Regression,0.942000,1.406089,-0.464089,0.464089
Linear Regression,2.138000,2.335491,-0.197491,0.197491
Linear Regression,1.875000,2.012073,-0.137073,0.137073
Linear Regression,5.000010,3.071801,1.928209,1.928209
Linear Regression,3.257000,3.070928,0.186072,0.186072
Linear Regression,3.000000,2.078333,0.921667,0.921667
Linear Regression,1.439000,2.093069,-0.654069,0.654069
Linear Regression,5.000010,4.527076,0.472934,0.472934
Linear Regression,2.641000,2.998109,-0.357109,0.357109
Linear Regression,0.623000,1.240615,-0.617615,0.617615
Linear Regression,1.388000,0.606527,0.781473,0.781473
Linear Regression,1.054000,1.933276,-0.879276,0.879276
Linear Regression,0.635000,0.538882,0.096118,0.096118
Linear Regression,5.000010,1.668034,3.331976,3.331976
Linear Regression,0.978000,0.996938,-0.018938,0.018938
Linear Regression,1.274000,1.881149,-0.607149,0.607149
Linear Regression,1.353000,1.924522,-0.571522,0.571522
Linear Regression,1.561000,1.802145,-0.241145,0.241145
Linear Regression,4.468000,3.659699,0.808301,0.808301
Linear Regression,0.650000,0.660389,-0.010389,0.010389
Linear Regression,1.518000,1.919161,-0.401161,0.401161
Linear Regression,1.922000,2.035348,-0.113348,0.113348
Linear Regression,1.531000,1.882913,-0.351913,0.351913
Linear Regression,1.658000,2.027239,-0.369239,0.369239
Linear Regression,2.542000,2.313975,0.228025,0.228025
Linear Regression,2.342000,2.667509,-0.325509,0.325509
Linear Regression,1.125000,1.257496,-0.132496,0.132496
Linear Regression,1.187000,1.398952,-0.211952,0.211952
Linear Regression,2.409000,2.129143,0.279857,0.279857
Linear Regression,2.833000,3.340209,-0.507209,0.507209
Linear Regression,4.500000,0.867216,3.632784,3.632784
Linear Regression,0.521000,1.006753,-0.485753,0.485753
Linear Regression,0.559000,0.860216,-0.301216,0.301216
Linear Regression,0.881000,0.721287,0.159713,0.159713
Linear Regression,2.489000,2.336915,0.152085,0.152085
Linear Regression,0.686000,0.824611,-0.138611,0.138611
Linear Regression,1.563000,1.721135,-0.158135,0.158135
Linear Regression,2.727000,2.672876,0.054124,0.054124
Linear Regression,3.404000,2.769912,0.634088,0.634088
Linear Regression,2.188000,1.649050,0.538950,0.538950
Linear Regression,0.701000,0.905257,-0.204257,0.204257
Linear Regression,5.000010,2.783743,2.216267,2.216267
Linear Regression,1.625000,11.500331,-9.875331,9.875331
Linear Regression,1.118000,1.086349,0.031651,0.031651
Linear Regression,1.102000,1.232654,-0.130654,0.130654
Linear Regression,0.742000,0.789543,-0.047543,0.047543
Linear Regression,1.032000,1.560009,-0.528009,0.528009
Linear Regression,1.721000,2.212792,-0.491792,0.491792
Linear Regression,1.320000,1.387840,-0.067840,0.067840
Linear Regression,1.663000,2.042925,-0.379925,0.379925
Linear Regression,1.073000,1.521810,-0.448810,0.448810
Linear Regression,1.079000,0.796299,0.282701,0.282701
Linear Regression,0.946000,0.930083,0.015917,0.015917
Linear Regression,0.661000,1.138917,-0.477917,0.477917
Linear Regression,1.582000,2.106827,-0.524827,0.524827
Linear Regression,0.958000,0.658254,0.299746,0.299746
Linear Regression,1.170000,1.310166,-0.140166,0.140166
Linear Regression,1.709000,2.125337,-0.416337,0.416337
Linear Regression,0.929000,1.545675,-0.616675,0.616675
Linear Regression,1.625000,1.791942,-0.166942,0.166942
Linear Regression,1.938000,1.672060,0.265940,0.265940
Linear Regression,1.346000,1.265574,0.080426,0.080426
Linear Regression,1.231000,0.715701,0.515299,0.515299
Linear Regression,1.157000,1.435322,-0.278322,0.278322
Linear Regression,0.835000,1.672119,-0.837119,0.837119
Linear Regression,0.622000,0.832908,-0.210908,0.210908
Linear Regression,0.744000,0.979242,-0.235242,0.235242
Linear Regression,1.801000,2.022749,-0.221749,0.221749
Linear Regression,1.958000,2.586122,-0.628122,0.628122
Linear Regression,5.000010,4.600804,0.399206,0.399206
Linear Regression,1.443000,1.640749,-0.197749,0.197749
Linear Regression,1.254000,1.171410,0.082590,0.082590
Linear Regression,0.808000,1.205020,-0.397020,0.397020
Linear Regression,0.659000,1.176698,-0.517698,0.517698
Linear Regression,1.579000,2.430198,-0.851198,0.851198
Linear Regression,5.000010,2.194885,2.805125,2.805125
Linear Regression,1.808000,2.179345,-0.371345,0.371345
Linear Regression,2.362000,2.766618,-0.404618,0.404618
Linear Regression,1.030000,1.648502,-0.618502,0.618502
Linear Regression,2.169000,1.890369,0.278631,0.278631
Linear Regression,3.833000,1.770342,2.062658,2.062658
Linear Regression,5.000010,1.711156,3.288854,3.288854
Linear Regression,0.835000,0.317890,0.517110,0.517110
Linear Regression,2.144000,1.902337,0.241663,0.241663
Linear Regression,1.000000,0.349539,0.650461,0.650461
Linear Regression,0.788000,0.918616,-0.130616,0.130616
Linear Regression,0.976000,1.481304,-0.505304,0.505304
Linear Regression,1.784000,2.262389,-0.478389,0.478389
Linear Regression,2.871000,3.072180,-0.201180,0.201180
Linear Regression,2.701000,3.215483,-0.514483,0.514483
Linear Regression,1.855000,2.604899,-0.749899,0.749899
Linear Regression,0.906000,1.719073,-0.813073,0.813073
Linear Regression,2.136000,1.613011,0.522989,0.522989
Linear Regression,1.243000,1.364019,-0.121019,0.121019
Linear Regression,2.050000,1.314290,0.735710,0.735710
Linear Regression,2.567000,2.033711,0.533289,0.533289
Linear Regression,3.927000,3.649904,0.277096,0.277096
Linear Regression,1.333000,1.663098,-0.330098,0.330098
Linear Regression,1.871000,2.210270,-0.339270,0.339270
Linear Regression,2.554000,3.292599,-0.738599,0.738599
Linear Regression,3.474000,2.806818,0.667182,0.667182
Linear Regression,1.717000,1.683841,0.033159,0.033159
Linear Regression,1.125000,1.809475,-0.684475,0.684475
Linear Regression,0.826000,0.816947,0.009053,0.009053
Linear Regression,0.486000,1.233586,-0.747586,0.747586
Linear Regression,1.341000,2.252872,-0.911872,0.911872
Linear Regression,2.258000,2.082245,0.175755,0.175755
Linear Regression,5.000010,4.010686,0.989324,0.989324
Linear Regression,4.700000,2.929502,1.770498,1.770498
Linear Regression,2.258000,2.550286,-0.292286,0.292286
Linear Regression,1.580000,1.703571,-0.123571,0.123571
Linear Regression,1.171000,0.931308,0.239692,0.239692
Linear Regression,4.163000,3.637952,0.525048,0.525048
Linear Regression,1.208000,1.067204,0.140796,0.140796
Linear Regression,2.263000,2.588489,-0.325489,0.325489
Linear Regression,1.222000,1.578767,-0.356767,0.356767
Linear Regression,1.000000,1.338089,-0.338089,0.338089
Linear Regression,2.295000,2.354394,-0.059394,0.059394
Linear Regression,1.958000,1.074427,0.883573,0.883573
Linear Regression,0.850000,0.454643,0.395357,0.395357
Linear Regression,2.647000,1.779646,0.867354,0.867354
Linear Regression,4.555000,4.065241,0.489759,0.489759
Linear Regression,1.760000,1.818761,-0.058761,0.058761
Linear Regression,0.811000,0.937990,-0.126990,0.126990
Linear Regression,1.664000,2.232644,-0.568644,0.568644
Linear Regression,0.826000,1.572346,-0.746346,0.746346
Linear Regression,2.722000,1.902817,0.819183,0.819183
Linear Regression,2.711000,2.212815,0.498185,0.498185
Linear Regression,2.394000,2.462755,-0.068755,0.068755
Linear Regression,1.718000,2.469027,-0.751027,0.751027
Linear Regression,1.218000,0.414405,0.803595,0.803595
Linear Regression,1.736000,1.660576,0.075424,0.075424
Linear Regression,2.393000,2.261615,0.131385,0.131385
Linear Regression,0.588000,1.225059,-0.637059,0.637059
Linear Regression,2.875000,2.456874,0.418126,0.418126
Linear Regression,0.707000,1.145453,-0.438453,0.438453
Linear Regression,1.817000,1.897473,-0.080473,0.080473
Linear Regression,1.137000,1.497054,-0.360054,0.360054
Linear Regression,2.241000,2.537948,-0.296948,0.296948
Linear Regression,3.513000,3.627152,-0.114152,0.114152
Linear Regression,3.013000,2.997076,0.015924,0.015924
Linear Regression,0.807000,2.595618,-1.788618,1.788618
Linear Regression,1.526000,1.775592,-0.249592,0.249592
Linear Regression,2.374000,2.765405,-0.391405,0.391405
Linear Regression,1.794000,2.362821,-0.568821,0.568821
Linear Regression,5.000010,4.135155,0.864855,0.864855
Linear Regression,1.702000,2.396140,-0.694140,0.694140
Linear Regression,1.653000,1.921368,-0.268368,0.268368
Linear Regression,2.259000,2.460798,-0.201798,0.201798
Linear Regression,1.597000,1.484430,0.112570,0.112570
Linear Regression,3.635000,3.056346,0.578654,0.578654
Linear Regression,1.321000,2.017940,-0.696940,0.696940
Linear Regression,3.768000,2.549994,1.218006,1.218006
Linear Regression,0.969000,1.858475,-0.889475,0.889475
Linear Regression,3.162000,2.792744,0.369256,0.369256
Linear Regression,3.238000,2.709869,0.528131,0.528131
Linear Regression,3.875000,2.670182,1.204818,1.204818
Linear Regression,1.491000,1.846372,-0.355372,0.355372
Linear Regression,5.000010,6.357260,-1.357250,1.357250
Linear Regression,2.250000,1.284952,0.965048,0.965048
Linear Regression,1.788000,2.118903,-0.330903,0.330903
Linear Regression,0.875000,1.520503,-0.645503,0.645503
Linear Regression,1.301000,1.792893,-0.491893,0.491893
Linear Regression,5.000010,3.712914,1.287096,1.287096
Linear Regression,3.490000,2.962948,0.527052,0.527052
Linear Regression,0.730000,1.418241,-0.688241,0.688241
Linear Regression,2.447000,2.479274,-0.032274,0.032274
Linear Regression,2.754000,2.159676,0.594324,0.594324
Linear Regression,2.462000,2.774321,-0.312321,0.312321
Linear Regression,2.362000,2.010961,0.351039,0.351039
Linear Regression,2.322000,3.017416,-0.695416,0.695416
Linear Regression,0.533000,0.980103,-0.447103,0.447103
Linear Regression,1.631000,1.533923,0.097077,0.097077
Linear Regression,0.724000,0.314455,0.409545,0.409545
Linear Regression,2.345000,2.113674,0.231326,0.231326
Linear Regression,1.500000,1.776774,-0.276774,0.276774
Linear Regression,1.161000,1.476660,-0.315660,0.315660
Linear Regression,1.813000,1.791652,0.021348,0.021348
Linear Regression,1.210000,2.035286,-0.825286,0.825286
Linear Regression,0.887000,1.677155,-0.790155,0.790155
Linear Regression,1.825000,2.552581,-0.727581,0.727581
Linear Regression,1.974000,2.184841,-0.210841,0.210841
Linear Regression,1.281000,1.826303,-0.545303,0.545303
Linear Regression,0.765000,0.612690,0.152310,0.152310
Linear Regression,3.000000,3.155311,-0.155311,0.155311
Linear Regression,5.000010,4.376840,0.623170,0.623170
Linear Regression,1.603000,2.045234,-0.442234,0.442234
Linear Regression,3.356000,3.312761,0.043239,0.043239
Linear Regression,1.576000,1.596499,-0.020499,0.020499
Linear Regression,1.906000,2.348034,-0.442034,0.442034
Linear Regression,1.808000,1.938278,-0.130278,0.130278
Linear Regression,1.042000,1.063378,-0.021378,0.021378
Linear Regression,1.118000,1.590727,-0.472727,0.472727
Linear Regression,1.941000,2.338728,-0.397728,0.397728
Linear Regression,2.538000,3.075584,-0.537584,0.537584
Linear Regression,1.295000,2.068391,-0.773391,0.773391
Linear Regression,1.176000,1.528311,-0.352311,0.352311
Linear Regression,3.398000,3.386889,0.011111,0.011111
Linear Regression,3.429000,2.510032,0.918968,0.918968
Linear Regression,1.955000,1.779806,0.175194,0.175194
Linear Regression,0.838000,0.479716,0.358284,0.358284
Linear Regression,0.942000,1.647684,-0.705684,0.705684
Linear Regression,1.406000,1.440378,-0.034378,0.034378
Linear Regression,1.609000,2.161475,-0.552475,0.552475
Linear Regression,1.693000,2.003822,-0.310822,0.310822
Linear Regression,2.759000,2.764694,-0.005694,0.005694
Linear Regression,1.462000,1.605371,-0.143371,0.143371
Linear Regression,2.023000,1.172916,0.850084,0.850084
Linear Regression,1.540000,1.934653,-0.394653,0.394653
Linear Regression,1.355000,1.978692,-0.623692,0.623692
Linear Regression,2.359000,2.681056,-0.322056,0.322056
Linear Regression,1.288000,1.415492,-0.127492,0.127492
Linear Regression,2.496000,2.405748,0.090252,0.090252
Linear Regression,3.000000,2.124911,0.875089,0.875089
Linear Regression,1.341000,1.861225,-0.520225,0.520225
Linear Regression,3.086000,2.664761,0.421239,0.421239
Linear Regression,3.500000,2.630457,0.869543,0.869543
Linear Regression,1.108000,1.983457,-0.875457,0.875457
Linear Regression,1.908000,1.796263,0.111737,0.111737
Linear Regression,1.088000,1.006252,0.081748,0.081748
Linear Regression,1.444000,1.609882,-0.165882,0.165882
Linear Regression,1.629000,1.959334,-0.330334,0.330334
Linear Regression,1.639000,2.162349,-0.523349,0.523349
Linear Regression,0.980000,1.482783,-0.502783,0.502783
Linear Regression,1.327000,1.715255,-0.388255,0.388255
Linear Regression,2.831000,2.767567,0.063433,0.063433
Linear Regression,4.072000,3.003583,1.068417,1.068417
Linear Regression,2.482000,2.991113,-0.509113,0.509113
Linear Regression,0.645000,1.245240,-0.600240,0.600240
Linear Regression,5.000010,2.819845,2.180165,2.180165
Linear Regression,1.944000,2.389963,-0.445963,0.445963
Linear Regression,1.375000,1.661884,-0.286884,0.286884
Linear Regression,1.273000,1.653258,-0.380258,0.380258
Linear Regression,0.853000,1.566640,-0.713640,0.713640
Linear Regression,1.949000,1.919385,0.029615,0.029615
Linear Regression,2.211000,2.358861,-0.147861,0.147861
Linear Regression,1.922000,2.133563,-0.211563,0.211563
Linear Regression,4.045000,2.159527,1.885473,1.885473
Linear Regression,0.735000,0.605410,0.129590,0.129590
Linear Regression,2.337000,2.101602,0.235398,0.235398
Linear Regression,1.188000,1.234171,-0.046171,0.046171
Linear Regression,0.700000,1.269036,-0.569036,0.569036
Linear Regression,1.828000,1.949725,-0.121725,0.121725
Linear Regression,5.000010,4.794237,0.205773,0.205773
Linear Regression,1.577000,2.107164,-0.530164,0.530164
Linear Regression,2.479000,2.575413,-0.096413,0.096413
Linear Regression,5.000010,4.265072,0.734938,0.734938
Linear Regression,3.579000,2.661108,0.917892,0.917892
Linear Regression,0.569000,0.622434,-0.053434,0.053434
Linear Regression,3.024000,3.297051,-0.273051,0.273051
Linear Regression,1.254000,1.454475,-0.200475,0.200475
Linear Regression,3.864000,2.520581,1.343419,1.343419
Linear Regression,1.756000,1.966448,-0.210448,0.210448
Linear Regression,1.105000,1.727061,-0.622061,0.622061
Linear Regression,3.867000,3.943666,-0.076666,0.076666
Linear Regression,1.375000,1.948773,-0.573773,0.573773
Linear Regression,2.287000,3.032742,-0.745742,0.745742
Linear Regression,1.494000,1.846394,-0.352394,0.352394
Linear Regression,0.737000,1.478484,-0.741484,0.741484
Linear Regression,5.000010,2.718048,2.281962,2.281962
Linear Regression,1.321000,1.409744,-0.088744,0.088744
Linear Regression,0.865000,0.785049,0.079951,0.079951
Linear Regression,4.179000,2.468054,1.710946,1.710946
Linear Regression,1.726000,1.495060,0.230940,0.230940
Linear Regression,0.997000,1.076291,-0.079291,0.079291
Linear Regression,0.725000,1.677069,-0.952069,0.952069
Linear Regression,1.808000,2.790323,-0.982323,0.982323
Linear Regression,3.084000,2.350122,0.733878,0.733878
Linear Regression,2.883000,2.860714,0.022286,0.022286
Linear Regression,3.022000,2.173098,0.848902,0.848902
Linear Regression,2.888000,3.243552,-0.355552,0.355552
Linear Regression,1.000000,1.389162,-0.389162,0.389162
Linear Regression,2.330000,2.077108,0.252892,0.252892
Linear Regression,1.369000,2.268125,-0.899125,0.899125
Linear Regression,2.094000,1.877568,0.216432,0.216432
Linear Regression,2.466000,2.706984,-0.240984,0.240984
Linear Regression,0.652000,0.729595,-0.077595,0.077595
Linear Regression,4.912000,2.661399,2.250601,2.250601
Linear Regression,3.567000,3.306804,0.260196,0.260196
Linear Regression,1.643000,2.000883,-0.357883,0.357883
Linear Regression,0.882000,1.033966,-0.151966,0.151966
Linear Regression,1.559000,1.008438,0.550562,0.550562
Linear Regression,1.917000,1.870348,0.046652,0.046652
Linear Regression,0.844000,1.874471,-1.030471,1.030471
Linear Regression,1.901000,2.401518,-0.500518,0.500518
Linear Regression,1.125000,1.041157,0.083843,0.083843
Linear Regression,1.152000,2.174341,-1.022341,1.022341
Linear Regression,1.746000,2.352032,-0.606032,0.606032
Linear Regression,1.135000,1.806237,-0.671237,0.671237
Linear Regression,1.524000,2.199837,-0.675837,0.675837
Linear Regression,2.503000,2.082815,0.420185,0.420185
Linear Regression,1.837000,2.189101,-0.352101,0.352101
Linear Regression,5.000010,2.135071,2.864939,2.864939
Linear Regression,3.109000,2.934229,0.174771,0.174771
Linear Regression,2.306000,2.018290,0.287710,0.287710
Linear Regression,0.685000,0.895160,-0.210160,0.210160
Linear Regression,2.674000,2.383797,0.290203,0.290203
Linear Regression,1.453000,1.831912,-0.378912,0.378912
Linear Regression,2.820000,3.110939,-0.290939,0.290939
Linear Regression,2.821000,1.567952,1.253048,1.253048
Linear Regression,1.898000,2.592241,-0.694241,0.694241
Linear Regression,2.544000,2.777338,-0.233338,0.233338
Linear Regression,1.617000,2.208782,-0.591782,0.591782
Linear Regression,1.888000,1.805572,0.082428,0.082428
Linear Regression,5.000010,2.673728,2.326282,2.326282
Linear Regression,0.944000,0.749477,0.194523,0.194523
Linear Regression,3.428000,2.757054,0.670946,0.670946
Linear Regression,1.915000,2.290681,-0.375681,0.375681
Linear Regression,2.096000,1.821845,0.274155,0.274155
Linear Regression,2.350000,2.319647,0.030353,0.030353
Linear Regression,2.314000,3.071077,-0.757077,0.757077
Linear Regression,1.302000,1.925827,-0.623827,0.623827
Linear Regression,2.082000,2.526168,-0.444168,0.444168
Linear Regression,5.000010,4.411724,0.588286,0.588286
Linear Regression,1.686000,1.943365,-0.257365,0.257365
Linear Regression,2.281000,2.199549,0.081451,0.081451
Linear Regression,1.269000,1.888564,-0.619564,0.619564
Linear Regression,1.355000,1.815768,-0.460768,0.460768
Linear Regression,1.567000,2.506241,-0.939241,0.939241
Linear Regression,2.086000,2.266263,-0.180263,0.180263
Linear Regression,4.367000,2.661261,1.705739,1.705739
Linear Regression,0.710000,0.845590,-0.135590,0.135590
Linear Regression,0.888000,0.426888,0.461112,0.461112
Linear Regression,3.416000,3.331576,0.084424,0.084424
Linear Regression,1.202000,1.633044,-0.431044,0.431044
Linear Regression,1.482000,1.639713,-0.157713,0.157713
Linear Regression,5.000010,3.520560,1.479450,1.479450
Linear Regression,3.750000,2.019099,1.730901,1.730901
Linear Regression,1.375000,1.792169,-0.417169,0.417169
Linear Regression,0.648000,0.742711,-0.094711,0.094711
Linear Regression,2.318000,2.605242,-0.287242,0.287242
Linear Regression,1.607000,1.995722,-0.388722,0.388722
Linear Regression,2.510000,2.103909,0.406091,0.406091
Linear Regression,1.425000,2.237401,-0.812401,0.812401
Linear Regression,1.765000,2.140301,-0.375301,0.375301
Linear Regression,1.771000,2.184040,-0.413040,0.413040
Linear Regression,3.118000,2.927148,0.190852,0.190852
Linear Regression,0.846000,1.667055,-0.821055,0.821055
Linear Regression,1.226000,0.876027,0.349973,0.349973
Linear Regression,1.982000,2.294576,-0.312576,0.312576
Linear Regression,5.000000,2.898996,2.101004,2.101004
Linear Regression,2.798000,3.120658,-0.322658,0.322658
Linear Regression,1.950000,2.638905,-0.688905,0.688905
Linear Regression,2.028000,1.329592,0.698408,0.698408
Linear Regression,3.541000,2.582484,0.958516,0.958516
Linear Regression,2.595000,2.771099,-0.176099,0.176099
Linear Regression,5.000010,2.849369,2.150641,2.150641
Linear Regression,2.724000,2.773809,-0.049809,0.049809
Linear Regression,1.839000,2.039630,-0.200630,0.200630
Linear Regression,2.858000,2.498261,0.359739,0.359739
Linear Regression,2.250000,1.713555,0.536445,0.536445
Linear Regression,2.926000,2.451455,0.474545,0.474545
Linear Regression,0.552000,0.538423,0.013577,0.013577
Linear Regression,2.620000,1.906367,0.713633,0.713633
Linear Regression,1.589000,2.602440,-1.013440,1.013440
Linear Regression,1.721000,2.456726,-0.735726,0.735726
Linear Regression,1.917000,2.281388,-0.364388,0.364388
Linear Regression,2.250000,2.451492,-0.201492,0.201492
Linear Regression,1.083000,1.573109,-0.490109,0.490109
Linear Regression,1.136000,1.045606,0.090394,0.090394
Linear Regression,1.000000,1.471431,-0.471431,0.471431
Linear Regression,1.917000,1.620086,0.296914,0.296914
Linear Regression,1.172000,1.314183,-0.142183,0.142183
Linear Regression,1.106000,1.346718,-0.240718,0.240718
Linear Regression,0.802000,1.358511,-0.556511,0.556511
Linear Regression,0.981000,1.685900,-0.704900,0.704900
Linear Regression,2.538000,2.836047,-0.298047,0.298047
Linear Regression,0.481000,0.659773,-0.178773,0.178773
Linear Regression,1.928000,1.981631,-0.053631,0.053631
Linear Regression,1.328000,1.405433,-0.077433,0.077433
Linear Regression,1.963000,1.671791,0.291209,0.291209
Linear Regression,3.208000,2.293050,0.914950,0.914950
Linear Regression,3.194000,2.108930,1.085070,1.085070
Linear Regression,2.037000,2.891093,-0.854093,0.854093
Linear Regression,2.071000,2.671878,-0.600878,0.600878
Linear Regression,0.799000,0.830875,-0.031875,0.031875
Linear Regression,5.000010,2.429026,2.570984,2.570984
Linear Regression,3.300000,2.429529,0.870471,0.870471
Linear Regression,1.390000,1.968521,-0.578521,0.578521
Linear Regression,1.875000,2.179252,-0.304252,0.304252
Linear Regression,4.483000,2.566896,1.916104,1.916104
Linear Regression,1.763000,2.002110,-0.239110,0.239110
Linear Regression,1.759000,1.650929,0.108071,0.108071
Linear Regression,1.042000,1.406120,-0.364120,0.364120
Linear Regression,1.622000,2.009724,-0.387724,0.387724
Linear Regression,1.668000,2.116468,-0.448468,0.448468
Linear Regression,1.612000,1.681249,-0.069249,0.069249
Linear Regression,1.531000,1.835649,-0.304649,0.304649
Linear Regression,1.569000,1.489607,0.079393,0.079393
Linear Regression,1.581000,1.680857,-0.099857,0.099857
Linear Regression,0.769000,1.212324,-0.443324,0.443324
Linear Regression,1.654000,2.167292,-0.513292,0.513292
Linear Regression,0.735000,1.971785,-1.236785,1.236785
Linear Regression,1.184000,1.677888,-0.493888,0.493888
Linear Regression,1.424000,1.558782,-0.134782,0.134782
Linear Regression,2.803000,2.817133,-0.014133,0.014133
Linear Regression,1.072000,1.033314,0.038686,0.038686
Linear Regression,1.833000,1.172414,0.660586,0.660586
Linear Regression,0.988000,0.047543,0.940457,0.940457
Linear Regression,2.345000,1.815727,0.529273,0.529273
Linear Regression,1.435000,2.261555,-0.826555,0.826555
Linear Regression,1.080000,1.992923,-0.912923,0.912923
Linear Regression,0.978000,-0.143584,1.121584,1.121584
Linear Regression,0.705000,1.103753,-0.398753,0.398753
Linear Regression,2.259000,1.854008,0.404992,0.404992
Linear Regression,2.398000,2.535273,-0.137273,0.137273
Linear Regression,1.364000,1.742025,-0.378025,0.378025
Linear Regression,1.806000,2.225088,-0.419088,0.419088
Linear Regression,2.396000,2.669212,-0.273212,0.273212
Linear Regression,2.657000,2.858968,-0.201968,0.201968
Linear Regression,2.042000,2.228419,-0.186419,0.186419
Linear Regression,1.225000,1.988875,-0.763875,0.763875
Linear Regression,2.040000,2.761943,-0.721943,0.721943
Linear Regression,1.953000,2.096426,-0.143426,0.143426
Linear Regression,2.158000,2.270464,-0.112464,0.112464
Linear Regression,5.000010,3.147498,1.852512,1.852512
Linear Regression,0.758000,0.124323,0.633677,0.633677
Linear Regression,2.654000,3.016024,-0.362024,0.362024
Linear Regression,2.737000,3.596249,-0.859249,0.859249
Linear Regression,1.164000,1.629995,-0.465995,0.465995
Linear Regression,0.594000,1.150852,-0.556852,0.556852
Linear Regression,1.370000,1.635019,-0.265019,0.265019
Linear Regression,1.192000,0.320263,0.871737,0.871737
Linear Regression,2.442000,2.731213,-0.289213,0.289213
Linear Regression,1.700000,1.930834,-0.230834,0.230834
Linear Regression,2.803000,3.472925,-0.669925,0.669925
Linear Regression,2.850000,3.128160,-0.278160,0.278160
Linear Regression,1.026000,1.540170,-0.514170,0.514170
Linear Regression,1.205000,0.753381,0.451619,0.451619
Linear Regression,3.616000,2.875460,0.740540,0.740540
Linear Regression,4.553000,3.946761,0.606239,0.606239
Linear Regression,2.134000,2.211428,-0.077428,0.077428
Linear Regression,1.580000,2.692478,-1.112478,1.112478
Linear Regression,2.170000,2.185326,-0.015326,0.015326
Linear Regression,0.637000,0.425387,0.211613,0.211613
Linear Regression,2.443000,3.181980,-0.738980,0.738980
Linear Regression,1.511000,1.600442,-0.089442,0.089442
Linear Regression,1.108000,1.385176,-0.277176,0.277176
Linear Regression,4.338000,4.293831,0.044169,0.044169
Linear Regression,0.729000,1.191092,-0.462092,0.462092
Linear Regression,1.085000,1.977271,-0.892271,0.892271
Linear Regression,4.526000,4.151943,0.374057,0.374057
Linear Regression,4.676000,5.644137,-0.968137,0.968137
Linear Regression,2.633000,1.991746,0.641254,0.641254
Linear Regression,2.668000,2.249839,0.418161,0.418161
Linear Regression,5.000010,4.468770,0.531240,0.531240
Linear Regression,0.723000,1.187511,-0.464511,0.464511
Linear Regression,1.515000,2.009403,-0.494403,0.494403
Ridge Regression,0.477000,0.719472,-0.242472,0.242472
Ridge Regression,0.458000,1.763847,-1.305847,1.305847
Ridge Regression,5.000010,2.709309,2.290701,2.290701
Ridge Regression,2.186000,2.838757,-0.652757,0.652757
Ridge Regression,2.780000,2.604177,0.175823,0.175823
Ridge Regression,1.587000,2.011905,-0.424905,0.424905
Ridge Regression,1.982000,2.645536,-0.663536,0.663536
Ridge Regression,1.575000,2.168761,-0.593761,0.593761
Ridge Regression,3.400000,2.740130,0.659870,0.659870
Ridge Regression,4.466000,3.915749,0.550251,0.550251
Ridge Regression,1.232000,0.939451,0.292549,0.292549
Ridge Regression,2.539000,1.901210,0.637790,0.637790
Ridge Regression,2.151000,1.758616,0.392384,0.392384
Ridge Regression,2.205000,2.249721,-0.044721,0.044721
Ridge Regression,2.198000,2.540972,-0.342972,0.342972
Ridge Regression,1.362000,1.917531,-0.555531,0.555531
Ridge Regression,1.784000,2.386344,-0.602344,0.602344
Ridge Regression,1.875000,2.010984,-0.135984,0.135984
Ridge Regression,1.398000,2.227399,-0.829399,0.829399
Ridge Regression,1.375000,1.118685,0.256315,0.256315
Ridge Regression,4.250000,2.932788,1.317212,1.317212
Ridge Regression,4.056000,2.660939,1.395061,1.395061
Ridge Regression,1.388000,1.878031,-0.490031,0.490031
Ridge Regression,5.000010,3.351612,1.648398,1.648398
Ridge Regression,1.621000,2.244498,-0.623498,0.623498
Ridge Regression,0.514000,0.901904,-0.387904,0.387904
Ridge Regression,1.513000,1.844768,-0.331768,0.331768
Ridge Regression,0.948000,1.637115,-0.689115,0.689115
Ridge Regression,2.041000,1.918801,0.122199,0.122199
Ridge Regression,3.615000,3.254160,0.360840,0.360840
Ridge Regression,0.851000,1.571433,-0.720433,0.720433
Ridge Regression,1.384000,1.126960,0.257040,0.257040
Ridge Regression,1.375000,2.057142,-0.682142,0.682142
Ridge Regression,4.650000,3.687807,0.962193,0.962193
Ridge Regression,2.718000,2.413291,0.304709,0.304709
Ridge Regression,2.394000,2.554031,-0.160031,0.160031
Ridge Regression,3.409000,2.797127,0.611873,0.611873
Ridge Regression,1.504000,1.854044,-0.350044,0.350044
Ridge Regression,1.281000,1.082367,0.198633,0.198633
Ridge Regression,1.560000,1.852246,-0.292246,0.292246
Ridge Regression,2.581000,3.098156,-0.517156,0.517156
Ridge Regression,0.905000,1.425061,-0.520061,0.520061
Ridge Regression,0.713000,1.044562,-0.331562,0.331562
Ridge Regression,2.197000,2.060298,0.136702,0.136702
Ridge Regression,1.510000,1.759871,-0.249871,0.249871
Ridge Regression,2.901000,1.896158,1.004842,1.004842
Ridge Regression,1.420000,2.016513,-0.596513,0.596513
Ridge Regression,2.915000,1.844271,1.070729,1.070729
Ridge Regression,2.554000,2.070978,0.483022,0.483022
Ridge Regression,0.981000,1.443073,-0.462073,0.462073
Ridge Regression,2.519000,2.403428,0.115572,0.115572
Ridge Regression,1.621000,1.726531,-0.105531,0.105531
Ridge Regression,1.294000,1.872577,-0.578577,0.578577
Ridge Regression,0.894000,0.725944,0.168056,0.168056
Ridge Regression,1.505000,1.878642,-0.373642,0.373642
Ridge Regression,1.338000,2.088484,-0.750484,0.750484
Ridge Regression,0.804000,0.846500,-0.042500,0.042500
Ridge Regression,2.111000,2.462422,-0.351422,0.351422
Ridge Regression,2.556000,2.494601,0.061399,0.061399
Ridge Regression,2.145000,2.189262,-0.044262,0.044262
Ridge Regression,5.000010,2.539042,2.460968,2.460968
Ridge Regression,2.021000,1.876990,0.144010,0.144010
Ridge Regression,0.815000,1.119176,-0.304176,0.304176
Ridge Regression,0.988000,1.300022,-0.312022,0.312022
Ridge Regression,2.819000,2.986360,-0.167360,0.167360
Ridge Regression,1.846000,2.184353,-0.338353,0.338353
Ridge Regression,2.547000,1.788993,0.758007,0.758007
Ridge Regression,1.431000,1.941987,-0.510987,0.510987
Ridge Regression,1.625000,1.566703,0.058297,0.058297
Ridge Regression,1.426000,1.725637,-0.299637,0.299637
Ridge Regression,0.859000,0.195957,0.663043,0.663043
Ridge Regression,1.869000,2.692940,-0.823940,0.823940
Ridge Regression,0.713000,1.241305,-0.528305,0.528305
Ridge Regression,1.744000,1.953274,-0.209274,0.209274
Ridge Regression,2.250000,2.193430,0.056570,0.056570
Ridge Regression,1.465000,2.007957,-0.542957,0.542957
Ridge Regression,4.050000,3.326704,0.723296,0.723296
Ridge Regression,1.896000,2.080029,-0.184029,0.184029
Ridge Regression,1.644000,2.408994,-0.764994,0.764994
Ridge Regression,3.375000,1.838219,1.536781,1.536781
Ridge Regression,0.725000,0.768869,-0.043869,0.043869
Ridge Regression,1.438000,1.614044,-0.176044,0.176044
Ridge Regression,1.600000,1.589675,0.010325,0.010325
Ridge Regression,1.181000,1.372336,-0.191336,0.191336
Ridge Regression,3.740000,3.449874,0.290126,0.290126
Ridge Regression,2.027000,2.461915,-0.434915,0.434915
Ridge Regression,0.966000,1.495201,-0.529201,0.529201
Ridge Regression,0.658000,0.791680,-0.133680,0.133680
Ridge Regression,1.674000,1.607327,0.066673,0.066673
Ridge Regression,1.798000,1.935736,-0.137736,0.137736
Ridge Regression,0.967000,1.884131,-0.917131,0.917131
Ridge Regression,2.661000,2.412123,0.248877,0.248877
Ridge Regression,0.911000,1.626228,-0.715228,0.715228
Ridge Regression,0.498000,0.761062,-0.263062,0.263062
Ridge Regression,0.907000,0.975340,-0.068340,0.068340
Ridge Regression,1.158000,1.492627,-0.334627,0.334627
Ridge Regression,2.786000,2.682272,0.103728,0.103728
Ridge Regression,2.500000,1.661878,0.838122,0.838122
Ridge Regression,0.850000,1.813199,-0.963199,0.963199
Ridge Regression,1.770000,2.120524,-0.350524,0.350524
Ridge Regression,0.997000,1.517769,-0.520769,0.520769
Ridge Regression,3.576000,4.095979,-0.519979,0.519979
Ridge Regression,4.750000,2.626244,2.123756,2.123756
Ridge Regression,2.736000,3.030477,-0.294477,0.294477
Ridge Regression,1.824000,2.213127,-0.389127,0.389127
Ridge Regression,1.578000,1.859321,-0.281321,0.281321
Ridge Regression,1.938000,1.642584,0.295416,0.295416
Ridge Regression,3.336000,2.824633,0.511367,0.511367
Ridge Regression,2.646000,2.360784,0.285216,0.285216
Ridge Regression,0.584000,1.232238,-0.648238,0.648238
Ridge Regression,1.734000,1.928695,-0.194695,0.194695
Ridge Regression,2.148000,2.519212,-0.371212,0.371212
Ridge Regression,2.000000,4.946143,-2.946143,2.946143
Ridge Regression,4.228000,3.666521,0.561479,0.561479
Ridge Regression,0.936000,1.464239,-0.528239,0.528239
Ridge Regression,1.222000,2.059146,-0.837146,0.837146
Ridge Regression,1.676000,2.115732,-0.439732,0.439732
Ridge Regression,3.036000,2.314214,0.721786,0.721786
Ridge Regression,2.693000,2.452521,0.240479,0.240479
Ridge Regression,2.644000,2.307667,0.336333,0.336333
Ridge Regression,1.910000,1.740476,0.169524,0.169524
Ridge Regression,1.538000,2.210031,-0.672031,0.672031
Ridge Regression,2.755000,2.980438,-0.225438,0.225438
Ridge Regression,2.088000,1.588765,0.499235,0.499235
Ridge Regression,1.423000,1.646740,-0.223740,0.223740
Ridge Regression,0.635000,1.123921,-0.488921,0.488921
Ridge Regression,0.958000,0.761734,0.196266,0.196266
Ridge Regression,2.317000,1.937498,0.379502,0.379502
Ridge Regression,2.215000,1.996778,0.218222,0.218222
Ridge Regression,0.895000,1.473108,-0.578108,0.578108
Ridge Regression,2.260000,2.712391,-0.452391,0.452391
Ridge Regression,5.000010,6.801388,-1.801378,1.801378
Ridge Regression,2.702000,2.864143,-0.162143,0.162143
Ridge Regression,0.596000,1.184105,-0.588105,0.588105
Ridge Regression,1.933000,2.031166,-0.098166,0.098166
Ridge Regression,1.336000,1.291610,0.044390,0.044390
Ridge Regression,1.619000,2.581515,-0.962515,0.962515
Ridge Regression,3.575000,2.455804,1.119196,1.119196
Ridge Regression,2.765000,2.266779,0.498221,0.498221
Ridge Regression,4.107000,2.702490,1.404510,1.404510
Ridge Regression,3.750000,1.654210,2.095790,2.095790
Ridge Regression,1.352000,1.679938,-0.327938,0.327938
Ridge Regression,1.672000,1.791857,-0.119857,0.119857
Ridge Regression,2.520000,1.841411,0.678589,0.678589
Ridge Regression,3.084000,3.829675,-0.745675,0.745675
Ridge Regression,1.721000,1.598692,0.122308,0.122308
Ridge Regression,5.000010,3.404569,1.595441,1.595441
Ridge Regression,1.938000,1.724026,0.213974,0.213974
Ridge Regression,1.052000,0.466831,0.585169,0.585169
Ridge Regression,0.908000,1.181677,-0.273677,0.273677
Ridge Regression,1.688000,1.509486,0.178514,0.178514
Ridge Regression,1.621000,1.460238,0.160762,0.160762
Ridge Regression,1.612000,2.260905,-0.648905,0.648905
Ridge Regression,1.375000,1.649822,-0.274822,0.274822
Ridge Regression,2.893000,2.505827,0.387173,0.387173
Ridge Regression,2.787000,2.797069,-0.010069,0.010069
Ridge Regression,1.617000,2.240579,-0.623579,0.623579
Ridge Regression,2.310000,2.649154,-0.339154,0.339154
Ridge Regression,0.875000,0.882199,-0.007199,0.007199
Ridge Regression,0.957000,1.350681,-0.393681,0.393681
Ridge Regression,2.406000,2.824893,-0.418893,0.418893
Ridge Regression,2.141000,1.969114,0.171886,0.171886
Ridge Regression,4.286000,3.676624,0.609376,0.609376
Ridge Regression,1.250000,1.840998,-0.590998,0.590998
Ridge Regression,0.764000,0.345085,0.418915,0.418915
Ridge Regression,2.638000,3.217030,-0.579030,0.579030
Ridge Regression,1.204000,2.035191,-0.831191,0.831191
Ridge Regression,1.091000,1.131433,-0.040433,0.040433
Ridge Regression,1.706000,1.839570,-0.133570,0.133570
Ridge Regression,2.574000,2.879630,-0.305630,0.305630
Ridge Regression,3.200000,2.911790,0.288210,0.288210
Ridge Regression,2.896000,2.208615,0.687385,0.687385
Ridge Regression,3.073000,2.735957,0.337043,0.337043
Ridge Regression,3.255000,2.994958,0.260042,0.260042
Ridge Regression,0.584000,0.381153,0.202847,0.202847
Ridge Regression,0.485000,-0.589343,1.074343,1.074343
Ridge Regression,2.167000,1.359841,0.807159,0.807159
Ridge Regression,0.979000,1.407416,-0.428416,0.428416
Ridge Regression,1.586000,1.458451,0.127549,0.127549
Ridge Regression,0.690000,0.932506,-0.242506,0.242506
Ridge Regression,3.223000,3.048574,0.174426,0.174426
Ridge Regression,4.677000,3.415710,1.261290,1.261290
Ridge Regression,1.630000,1.975358,-0.345358,0.345358
Ridge Regression,2.871000,2.718328,0.152672,0.152672
Ridge Regression,0.546000,0.579762,-0.033762,0.033762
Ridge Regression,0.904000,1.176239,-0.272239,0.272239
Ridge Regression,1.555000,1.783483,-0.228483,0.228483
Ridge Regression,1.750000,1.712249,0.037751,0.037751
Ridge Regression,4.112000,4.087774,0.024226,0.024226
Ridge Regression,3.321000,2.095456,1.225544,1.225544
Ridge Regression,1.412000,2.055139,-0.643139,0.643139
Ridge Regression,2.471000,2.872677,-0.401677,0.401677
Ridge Regression,1.530000,1.567319,-0.037319,0.037319
Ridge Regression,1.550000,2.065274,-0.515274,0.515274
Ridge Regression,3.908000,0.868295,3.039705,3.039705
Ridge Regression,0.900000,1.013490,-0.113490,0.113490
Ridge Regression,1.967000,2.296426,-0.329426,0.329426
Ridge Regression,0.682000,0.983090,-0.301090,0.301090
Ridge Regression,5.000010,5.096332,-0.096322,0.096322
Ridge Regression,0.921000,1.726554,-0.805554,0.805554
Ridge Regression,2.979000,2.393204,0.585796,0.585796
Ridge Regression,5.000010,4.497430,0.502580,0.502580
Ridge Regression,3.323000,2.817892,0.505108,0.505108
Ridge Regression,1.711000,2.505114,-0.794114,0.794114
Ridge Regression,1.521000,2.413842,-0.892842,0.892842
Ridge Regression,2.320000,2.066577,0.253423,0.253423
Ridge Regression,1.271000,0.493931,0.777069,0.777069
Ridge Regression,0.875000,0.635509,0.239491,0.239491
Ridge Regression,2.034000,2.393072,-0.359072,0.359072
Ridge Regression,2.286000,2.022093,0.263907,0.263907
Ridge Regression,1.167000,1.818342,-0.651342,0.651342
Ridge Regression,4.167000,5.766283,-1.599283,1.599283
Ridge Regression,2.276000,3.000151,-0.724151,0.724151
Ridge Regression,2.679000,3.002832,-0.323832,0.323832
Ridge Regression,0.972000,1.726462,-0.754462,0.754462
Ridge Regression,1.375000,1.733730,-0.358730,0.358730
Ridge Regression,1.988000,1.851583,0.136417,0.136417
Ridge Regression,0.686000,0.786508,-0.100508,0.100508
Ridge Regression,3.525000,2.451166,1.073834,1.073834
Ridge Regression,1.038000,1.683795,-0.645795,0.645795
Ridge Regression,1.078000,0.354417,0.723583,0.723583
Ridge Regression,1.317000,1.500225,-0.183225,0.183225
Ridge Regression,2.713000,2.792732,-0.079732,0.079732
Ridge Regression,0.973000,1.829937,-0.856937,0.856937
Ridge Regression,0.950000,1.689308,-0.739308,0.739308
Ridge Regression,0.675000,1.232811,-0.557811,0.557811
Ridge Regression,3.261000,2.604898,0.656102,0.656102
Ridge Regression,0.656000,0.539723,0.116277,0.116277
Ridge Regression,2.256000,2.396365,-0.140365,0.140365
Ridge Regression,2.638000,2.399124,0.238876,0.238876
Ridge Regression,3.483000,2.701739,0.781261,0.781261
Ridge Regression,3.250000,2.204693,1.045307,1.045307
Ridge Regression,1.088000,1.443185,-0.355185,0.355185
Ridge Regression,4.000000,2.928889,1.071111,1.071111
Ridge Regression,1.384000,0.737698,0.646302,0.646302
Ridge Regression,0.610000,1.102190,-0.492190,0.492190
Ridge Regression,4.531000,3.934860,0.596140,0.596140
Ridge Regression,5.000010,4.514474,0.485536,0.485536
Ridge Regression,1.202000,1.985760,-0.783760,0.783760
Ridge Regression,3.292000,2.736346,0.555654,0.555654
Ridge Regression,1.963000,2.148658,-0.185658,0.185658
Ridge Regression,1.500000,1.433599,0.066401,0.066401
Ridge Regression,1.520000,1.917064,-0.397064,0.397064
Ridge Regression,1.699000,1.709493,-0.010493,0.010493
Ridge Regression,1.375000,1.197834,0.177166,0.177166
Ridge Regression,2.830000,2.463772,0.366228,0.366228
Ridge Regression,4.045000,2.829250,1.215750,1.215750
Ridge Regression,1.935000,2.483499,-0.548499,0.548499
Ridge Regression,2.051000,2.663301,-0.612301,0.612301
Ridge Regression,1.456000,1.556369,-0.100369,0.100369
Ridge Regression,2.250000,1.050384,1.199616,1.199616
Ridge Regression,2.159000,2.326735,-0.167735,0.167735
Ridge Regression,1.585000,1.982818,-0.397818,0.397818
Ridge Regression,1.247000,1.931248,-0.684248,0.684248
Ridge Regression,0.654000,0.457517,0.196483,0.196483
Ridge Regression,2.802000,2.668659,0.133341,0.133341
Ridge Regression,1.805000,1.701315,0.103685,0.103685
Ridge Regression,1.054000,1.608618,-0.554618,0.554618
Ridge Regression,1.000000,1.175270,-0.175270,0.175270
Ridge Regression,1.663000,1.590980,0.072020,0.072020
Ridge Regression,1.580000,3.170281,-1.590281,1.590281
Ridge Regression,2.438000,2.486222,-0.048222,0.048222
Ridge Regression,3.629000,3.722177,-0.093177,0.093177
Ridge Regression,2.019000,2.509391,-0.490391,0.490391
Ridge Regression,0.526000,-0.686197,1.212197,1.212197
Ridge Regression,5.000010,2.873324,2.126686,2.126686
Ridge Regression,1.120000,1.687572,-0.567572,0.567572
Ridge Regression,2.250000,2.181740,0.068260,0.068260
Ridge Regression,4.399000,3.385449,1.013551,1.013551
Ridge Regression,0.883000,1.227077,-0.344077,0.344077
Ridge Regression,5.000010,7.016048,-2.016038,2.016038
Ridge Regression,2.768000,2.186307,0.581693,0.581693
Ridge Regression,1.792000,1.986986,-0.194986,0.194986
Ridge Regression,1.997000,2.061207,-0.064207,0.064207
Ridge Regression,1.320000,1.144338,0.175662,0.175662
Ridge Regression,0.613000,1.427636,-0.814636,0.814636
Ridge Regression,1.719000,2.518849,-0.799849,0.799849
Ridge Regression,1.238000,1.154593,0.083407,0.083407
Ridge Regression,1.353000,1.125120,0.227880,0.227880
Ridge Regression,1.371000,2.113395,-0.742395,0.742395
Ridge Regression,1.293000,1.914632,-0.621632,0.621632
Ridge Regression,2.279000,2.353751,-0.074751,0.074751
Ridge Regression,0.944000,1.177115,-0.233115,0.233115
Ridge Regression,1.035000,1.949250,-0.914250,0.914250
Ridge Regression,3.208000,2.129562,1.078438,1.078438
Ridge Regression,1.250000,3.745232,-2.495232,2.495232
Ridge Regression,3.324000,3.252906,0.071094,0.071094
Ridge Regression,1.591000,1.931587,-0.340587,0.340587
Ridge Regression,2.369000,3.303236,-0.934236,0.934236
Ridge Regression,4.616000,4.097122,0.518878,0.518878
Ridge Regression,1.569000,1.957470,-0.388470,0.388470
Ridge Regression,1.482000,1.695364,-0.213364,0.213364
Ridge Regression,1.665000,1.890174,-0.225174,0.225174
Ridge Regression,1.969000,1.515733,0.453267,0.453267
Ridge Regression,1.678000,1.922525,-0.244525,0.244525
Ridge Regression,1.267000,0.964368,0.302632,0.302632
Ridge Regression,5.000010,2.344288,2.655722,2.655722
Ridge Regression,0.579000,0.489442,0.089558,0.089558
Ridge Regression,2.380000,2.834888,-0.454888,0.454888
Ridge Regression,1.420000,2.277900,-0.857900,0.857900
Ridge Regression,0.869000,0.668971,0.200029,0.200029
Ridge Regression,0.560000,0.714066,-0.154066,0.154066
Ridge Regression,5.000010,3.699004,1.301006,1.301006
Ridge Regression,1.124000,1.768055,-0.644055,0.644055
Ridge Regression,0.636000,1.421338,-0.785338,0.785338
Ridge Regression,4.313000,3.908262,0.404738,0.404738
Ridge Regression,2.659000,1.722625,0.936375,0.936375
Ridge Regression,0.580000,1.143269,-0.563269,0.563269
Ridge Regression,1.941000,3.154331,-1.213331,1.213331
Ridge Regression,1.428000,1.961895,-0.533895,0.533895
Ridge Regression,1.787000,1.701606,0.085394,0.085394
Ridge Regression,1.875000,1.288859,0.586141,0.586141
Ridge Regression,2.250000,2.392476,-0.142476,0.142476
Ridge Regression,3.130000,2.706558,0.423442,0.423442
Ridge Regression,5.000010,6.523489,-1.523479,1.523479
Ridge Regression,1.536000,2.048871,-0.512871,0.512871
Ridge Regression,0.623000,1.035362,-0.412362,0.412362
Ridge Regression,1.945000,1.480320,0.464680,0.464680
Ridge Regression,1.639000,2.064239,-0.425239,0.425239
Ridge Regression,3.988000,3.521947,0.466053,0.466053
Ridge Regression,2.041000,2.800848,-0.759848,0.759848
Ridge Regression,1.993000,2.836489,-0.843489,0.843489
Ridge Regression,1.767000,1.622723,0.144277,0.144277
Ridge Regression,5.000010,4.420750,0.579260,0.579260
Ridge Regression,2.489000,2.517767,-0.028767,0.028767
Ridge Regression,1.500000,1.831888,-0.331888,0.331888
Ridge Regression,2.317000,2.037123,0.279877,0.279877
Ridge Regression,0.580000,0.749518,-0.169518,0.169518
Ridge Regression,1.260000,1.166745,0.093255,0.093255
Ridge Regression,1.633000,1.867356,-0.234356,0.234356
Ridge Regression,1.134000,1.373988,-0.239988,0.239988
Ridge Regression,3.000000,2.638139,0.361861,0.361861
Ridge Regression,3.109000,3.019451,0.089549,0.089549
Ridge Regression,2.188000,2.159848,0.028152,0.028152
Ridge Regression,0.704000,1.156996,-0.452996,0.452996
Ridge Regression,2.377000,2.987467,-0.610467,0.610467
Ridge Regression,1.188000,1.324863,-0.136863,0.136863
Ridge Regression,0.731000,0.434044,0.296956,0.296956
Ridge Regression,0.750000,0.930328,-0.180328,0.180328
Ridge Regression,4.507000,3.974830,0.532170,0.532170
Ridge Regression,2.402000,2.621915,-0.219915,0.219915
Ridge Regression,0.658000,0.692905,-0.034905,0.034905
Ridge Regression,0.647000,0.260210,0.386790,0.386790
Ridge Regression,1.751000,2.472258,-0.721258,0.721258
Ridge Regression,2.237000,2.121356,0.115644,0.115644
Ridge Regression,0.963000,1.357060,-0.394060,0.394060
Ridge Regression,4.051000,3.247743,0.803257,0.803257
Ridge Regression,3.768000,3.092852,0.675148,0.675148
Ridge Regression,5.000010,5.432048,-0.432038,0.432038
Ridge Regression,3.500000,2.239011,1.260989,1.260989
Ridge Regression,1.625000,1.416475,0.208525,0.208525
Ridge Regression,1.773000,2.010609,-0.237609,0.237609
Ridge Regression,0.984000,1.298699,-0.314699,0.314699
Ridge Regression,1.388000,0.436817,0.951183,0.951183
Ridge Regression,1.750000,2.530447,-0.780447,0.780447
Ridge Regression,2.609000,2.204694,0.404306,0.404306
Ridge Regression,1.047000,0.332277,0.714723,0.714723
Ridge Regression,1.595000,2.320723,-0.725723,0.725723
Ridge Regression,2.959000,2.819214,0.139786,0.139786
Ridge Regression,1.375000,2.201537,-0.826537,0.826537
Ridge Regression,5.000010,3.808494,1.191516,1.191516
Ridge Regression,2.270000,2.568287,-0.298287,0.298287
Ridge Regression,2.639000,2.016826,0.622174,0.622174
Ridge Regression,1.604000,1.655691,-0.051691,0.051691
Ridge Regression,1.420000,1.945941,-0.525941,0.525941
Ridge Regression,1.625000,2.266768,-0.641768,0.641768
Ridge Regression,2.304000,2.176714,0.127286,0.127286
Ridge Regression,5.000010,3.863201,1.136809,1.136809
Ridge Regression,2.177000,2.668219,-0.491219,0.491219
Ridge Regression,1.830000,2.290024,-0.460024,0.460024
Ridge Regression,2.458000,2.130766,0.327234,0.327234
Ridge Regression,1.292000,1.365091,-0.073091,0.073091
Ridge Regression,0.604000,0.510534,0.093466,0.093466
Ridge Regression,0.675000,1.144086,-0.469086,0.469086
Ridge Regression,2.952000,2.729953,0.222047,0.222047
Ridge Regression,1.926000,2.653651,-0.727651,0.727651
Ridge Regression,1.506000,2.141599,-0.635599,0.635599
Ridge Regression,1.257000,1.876777,-0.619777,0.619777
Ridge Regression,0.634000,0.898111,-0.264111,0.264111
Ridge Regression,1.513000,1.400698,0.112302,0.112302
Ridge Regression,2.456000,3.045050,-0.589050,0.589050
Ridge Regression,5.000010,5.227004,-0.226994,0.226994
Ridge Regression,1.655000,2.463265,-0.808265,0.808265
Ridge Regression,1.135000,1.422255,-0.287255,0.287255
Ridge Regression,3.222000,2.270762,0.951238,0.951238
Ridge Regression,3.625000,2.272895,1.352105,1.352105
Ridge Regression,0.696000,0.897766,-0.201766,0.201766
Ridge Regression,1.561000,1.932580,-0.371580,0.371580
Ridge Regression,0.875000,1.583885,-0.708885,0.708885
Ridge Regression,1.931000,2.035928,-0.104928,0.104928
Ridge Regression,2.180000,2.280561,-0.100561,0.100561
Ridge Regression,1.018000,1.648719,-0.630719,0.630719
Ridge Regression,1.291000,1.453320,-0.162320,0.162320
Ridge Regression,1.563000,1.484082,0.078918,0.078918
Ridge Regression,1.832000,2.325089,-0.493089,0.493089
Ridge Regression,1.481000,1.813493,-0.332493,0.332493
Ridge Regression,5.000010,6.913616,-1.913606,1.913606
Ridge Regression,2.221000,2.895818,-0.674818,0.674818
Ridge Regression,1.676000,2.244789,-0.568789,0.568789
Ridge Regression,1.845000,1.681525,0.163475,0.163475
Ridge Regression,3.700000,2.533286,1.166714,1.166714
Ridge Regression,2.394000,2.461470,-0.067470,0.067470
Ridge Regression,1.667000,2.155095,-0.488095,0.488095
Ridge Regression,2.333000,1.546792,0.786208,0.786208
Ridge Regression,2.400000,2.128931,0.271069,0.271069
Ridge Regression,0.913000,0.420094,0.492906,0.492906
Ridge Regression,4.835000,3.964781,0.870219,0.870219
Ridge Regression,1.505000,2.254600,-0.749600,0.749600
Ridge Regression,0.995000,1.013742,-0.018742,0.018742
Ridge Regression,2.402000,1.841739,0.560261,0.560261
Ridge Regression,0.955000,1.904271,-0.949271,0.949271
Ridge Regression,5.000010,4.895807,0.104203,0.104203
Ridge Regression,2.516000,2.332282,0.183718,0.183718
Ridge Regression,1.208000,1.036481,0.171519,0.171519
Ridge Regression,1.357000,1.485675,-0.128675,0.128675
Ridge Regression,2.254000,2.754879,-0.500879,0.500879
Ridge Regression,5.000010,2.330525,2.669485,2.669485
Ridge Regression,0.851000,0.171860,0.679140,0.679140
Ridge Regression,5.000010,2.838633,2.161377,2.161377
Ridge Regression,1.648000,1.985123,-0.337123,0.337123
Ridge Regression,1.116000,0.994373,0.121627,0.121627
Ridge Regression,1.610000,1.392147,0.217853,0.217853
Ridge Regression,2.137000,2.315683,-0.178683,0.178683
Ridge Regression,1.165000,1.008989,0.156011,0.156011
Ridge Regression,3.500000,5.276913,-1.776913,1.776913
Ridge Regression,1.599000,2.497070,-0.898070,0.898070
Ridge Regression,4.383000,1.980957,2.402043,2.402043
Ridge Regression,1.711000,2.434377,-0.723377,0.723377
Ridge Regression,2.711000,2.243394,0.467606,0.467606
Ridge Regression,5.000010,1.910413,3.089597,3.089597
Ridge Regression,0.680000,1.402224,-0.722224,0.722224
Ridge Regression,1.917000,1.842191,0.074809,0.074809
Ridge Regression,2.559000,2.786585,-0.227585,0.227585
Ridge Regression,1.125000,1.687922,-0.562922,0.562922
Ridge Regression,1.822000,1.886417,-0.064417,0.064417
Ridge Regression,3.476000,2.848575,0.627425,0.627425
Ridge Regression,3.320000,2.940716,0.379284,0.379284
Ridge Regression,1.109000,1.185080,-0.076080,0.076080
Ridge Regression,2.119000,2.079380,0.039620,0.039620
Ridge Regression,2.625000,2.414933,0.210067,0.210067
Ridge Regression,2.379000,2.382646,-0.003646,0.003646
Ridge Regression,0.900000,1.856313,-0.956313,0.956313
Ridge Regression,4.272000,2.692980,1.579020,1.579020
Ridge Regression,3.705000,2.965959,0.739041,0.739041
Ridge Regression,1.163000,0.769786,0.393214,0.393214
Ridge Regression,1.708000,1.686171,0.021829,0.021829
Ridge Regression,2.855000,3.287238,-0.432238,0.432238
Ridge Regression,1.115000,1.645921,-0.530921,0.530921
Ridge Regression,0.832000,1.572746,-0.740746,0.740746
Ridge Regression,2.482000,2.647287,-0.165287,0.165287
Ridge Regression,3.955000,2.863150,1.091850,1.091850
Ridge Regression,2.183000,1.870835,0.312165,0.312165
Ridge Regression,5.000010,3.894027,1.105983,1.105983
Ridge Regression,0.889000,0.752093,0.136907,0.136907
Ridge Regression,1.810000,1.997919,-0.187919,0.187919
Ridge Regression,2.809000,3.207378,-0.398378,0.398378
Ridge Regression,3.453000,1.982822,1.470178,1.470178
Ridge Regression,1.810000,2.365399,-0.555399,0.555399
Ridge Regression,1.922000,2.658185,-0.736185,0.736185
Ridge Regression,0.781000,0.119563,0.661437,0.661437
Ridge Regression,0.750000,0.856849,-0.106849,0.106849
Ridge Regression,4.333000,3.812307,0.520693,0.520693
Ridge Regression,1.601000,2.015789,-0.414789,0.414789
Ridge Regression,1.092000,1.063579,0.028421,0.028421
Ridge Regression,0.962000,1.399150,-0.437150,0.437150
Ridge Regression,1.914000,1.468892,0.445108,0.445108
Ridge Regression,3.600000,0.950191,2.649809,2.649809
Ridge Regression,1.856000,2.523785,-0.667785,0.667785
Ridge Regression,1.188000,0.801821,0.386179,0.386179
Ridge Regression,1.227000,1.405347,-0.178347,0.178347
Ridge Regression,2.063000,2.063621,-0.000621,0.000621
Ridge Regression,1.956000,1.844668,0.111332,0.111332
Ridge Regression,0.756000,1.701989,-0.945989,0.945989
Ridge Regression,1.043000,0.973398,0.069602,0.069602
Ridge Regression,3.859000,2.363510,1.495490,1.495490
Ridge Regression,1.139000,1.784480,-0.645480,0.645480
Ridge Regression,0.794000,1.586538,-0.792538,0.792538
Ridge Regression,0.813000,0.888129,-0.075129,0.075129
Ridge Regression,1.292000,1.948502,-0.656502,0.656502
Ridge Regression,0.735000,0.915865,-0.180865,0.180865
Ridge Regression,1.759000,2.317206,-0.558206,0.558206
Ridge Regression,1.424000,2.048787,-0.624787,0.624787
Ridge Regression,2.341000,1.925566,0.415434,0.415434
Ridge Regression,2.867000,2.429039,0.437961,0.437961
Ridge Regression,0.925000,1.468352,-0.543352,0.543352
Ridge Regression,1.701000,1.963833,-0.262833,0.262833
Ridge Regression,1.618000,2.235066,-0.617066,0.617066
Ridge Regression,2.253000,2.644316,-0.391316,0.391316
Ridge Regression,1.706000,1.765652,-0.059652,0.059652
Ridge Regression,3.194000,2.076621,1.117379,1.117379
Ridge Regression,0.958000,1.538759,-0.580759,0.580759
Ridge Regression,0.734000,0.926461,-0.192461,0.192461
Ridge Regression,0.936000,0.740561,0.195439,0.195439
Ridge Regression,0.517000,0.733224,-0.216224,0.216224
Ridge Regression,3.587000,2.251004,1.335996,1.335996
Ridge Regression,0.647000,0.748295,-0.101295,0.101295
Ridge Regression,3.442000,2.880992,0.561008,0.561008
Ridge Regression,3.140000,3.007203,0.132797,0.132797
Ridge Regression,1.857000,1.979227,-0.122227,0.122227
Ridge Regression,2.793000,2.564288,0.228712,0.228712
Ridge Regression,1.194000,2.211145,-1.017145,1.017145
Ridge Regression,2.804000,3.024695,-0.220695,0.220695
Ridge Regression,1.871000,2.141389,-0.270389,0.270389
Ridge Regression,0.838000,0.803697,0.034303,0.034303
Ridge Regression,3.093000,2.127601,0.965399,0.965399
Ridge Regression,2.292000,2.867046,-0.575046,0.575046
Ridge Regression,2.450000,2.153843,0.296157,0.296157
Ridge Regression,2.276000,3.032417,-0.756417,0.756417
Ridge Regression,5.000010,2.851915,2.148095,2.148095
Ridge Regression,3.208000,2.466361,0.741639,0.741639
Ridge Regression,1.473000,1.256108,0.216892,0.216892
Ridge Regression,1.623000,2.412323,-0.789323,0.789323
Ridge Regression,2.659000,3.045764,-0.386764,0.386764
Ridge Regression,5.000010,3.756427,1.243583,1.243583
Ridge Regression,1.891000,2.225584,-0.334584,0.334584
Ridge Regression,3.164000,3.204802,-0.040802,0.040802
Ridge Regression,1.819000,1.749602,0.069398,0.069398
Ridge Regression,2.615000,2.046338,0.568662,0.568662
Ridge Regression,0.690000,0.715439,-0.025439,0.025439
Ridge Regression,1.813000,2.063935,-0.250935,0.250935
Ridge Regression,2.930000,2.739286,0.190714,0.190714
Ridge Regression,1.111000,1.725032,-0.614032,0.614032
Ridge Regression,2.183000,2.723839,-0.540839,0.540839
Ridge Regression,1.472000,1.644568,-0.172568,0.172568
Ridge Regression,2.438000,1.833853,0.604147,0.604147
Ridge Regression,2.230000,2.140515,0.089485,0.089485
Ridge Regression,1.375000,1.605184,-0.230184,0.230184
Ridge Regression,0.606000,0.253872,0.352128,0.352128
Ridge Regression,2.750000,0.050547,2.699453,2.699453
Ridge Regression,3.500000,2.036522,1.463478,1.463478
Ridge Regression,1.712000,1.697050,0.014950,0.014950
Ridge Regression,0.835000,2.011147,-1.176147,1.176147
Ridge Regression,2.250000,2.276016,-0.026016,0.026016
Ridge Regression,1.656000,1.964754,-0.308754,0.308754
Ridge Regression,1.520000,2.125572,-0.605572,0.605572
Ridge Regression,1.920000,2.081232,-0.161232,0.161232
Ridge Regression,2.542000,2.912584,-0.370584,0.370584
Ridge Regression,1.500000,1.049184,0.450816,0.450816
Ridge Regression,2.125000,2.329969,-0.204969,0.204969
Ridge Regression,0.804000,0.203394,0.600606,0.600606
Ridge Regression,2.065000,2.964237,-0.899237,0.899237
Ridge Regression,3.311000,3.378699,-0.067699,0.067699
Ridge Regression,2.014000,2.937228,-0.923228,0.923228
Ridge Regression,1.884000,1.744454,0.139546,0.139546
Ridge Regression,1.954000,2.311520,-0.357520,0.357520
Ridge Regression,4.425000,4.046897,0.378103,0.378103
Ridge Regression,1.527000,2.899221,-1.372221,1.372221
Ridge Regression,5.000010,5.228870,-0.228860,0.228860
Ridge Regression,2.398000,2.767292,-0.369292,0.369292
Ridge Regression,1.594000,1.302642,0.291358,0.291358
Ridge Regression,0.918000,0.994210,-0.076210,0.076210
Ridge Regression,2.409000,2.734532,-0.325532,0.325532
Ridge Regression,1.364000,1.690510,-0.326510,0.326510
Ridge Regression,1.036000,1.491117,-0.455117,0.455117
Ridge Regression,1.325000,1.619124,-0.294124,0.294124
Ridge Regression,2.929000,2.433783,0.495217,0.495217
Ridge Regression,0.628000,1.271216,-0.643216,0.643216
Ridge Regression,1.121000,1.954532,-0.833532,0.833532
Ridge Regression,0.891000,1.572993,-0.681993,0.681993
Ridge Regression,1.207000,0.993065,0.213935,0.213935
Ridge Regression,4.714000,2.603509,2.110491,2.110491
Ridge Regression,3.147000,2.682801,0.464199,0.464199
Ridge Regression,2.264000,2.458376,-0.194376,0.194376
Ridge Regression,4.097000,2.431845,1.665155,1.665155
Ridge Regression,1.490000,1.369612,0.120388,0.120388
Ridge Regression,1.717000,2.917347,-1.200347,1.200347
Ridge Regression,2.355000,3.053941,-0.698941,0.698941
Ridge Regression,3.228000,2.646335,0.581665,0.581665
Ridge Regression,2.445000,2.879240,-0.434240,0.434240
Ridge Regression,1.622000,1.545780,0.076220,0.076220
Ridge Regression,3.409000,3.209544,0.199456,0.199456
Ridge Regression,0.574000,1.031972,-0.457972,0.457972
Ridge Regression,1.989000,2.044746,-0.055746,0.055746
Ridge Regression,1.097000,2.060974,-0.963974,0.963974
Ridge Regression,1.375000,1.384995,-0.009995,0.009995
Ridge Regression,0.857000,1.161899,-0.304899,0.304899
Ridge Regression,0.983000,0.801561,0.181439,0.181439
Ridge Regression,1.782000,2.113509,-0.331509,0.331509
Ridge Regression,1.375000,1.501662,-0.126662,0.126662
Ridge Regression,2.750000,2.604782,0.145218,0.145218
Ridge Regression,3.815000,3.192496,0.622504,0.622504
Ridge Regression,5.000010,4.047437,0.952573,0.952573
Ridge Regression,5.000010,4.795960,0.204050,0.204050
Ridge Regression,1.792000,0.707535,1.084465,1.084465
Ridge Regression,2.045000,2.433721,-0.388721,0.388721
Ridge Regression,3.941000,3.368662,0.572338,0.572338
Ridge Regression,1.844000,1.963722,-0.119722,0.119722
Ridge Regression,1.740000,1.897480,-0.157480,0.157480
Ridge Regression,0.807000,1.264581,-0.457581,0.457581
Ridge Regression,1.896000,2.337032,-0.441032,0.441032
Ridge Regression,0.600000,1.185624,-0.585624,0.585624
Ridge Regression,1.266000,1.732539,-0.466539,0.466539
Ridge Regression,2.625000,2.077402,0.547598,0.547598
Ridge Regression,1.392000,1.986210,-0.594210,0.594210
Ridge Regression,0.513000,0.532194,-0.019194,0.019194
Ridge Regression,2.292000,2.971396,-0.679396,0.679396
Ridge Regression,1.011000,1.774459,-0.763459,0.763459
Ridge Regression,0.977000,1.300313,-0.323313,0.323313
Ridge Regression,1.583000,1.439981,0.143019,0.143019
Ridge Regression,3.491000,3.555137,-0.064137,0.064137
Ridge Regression,0.855000,1.422406,-0.567406,0.567406
Ridge Regression,2.141000,2.743696,-0.602696,0.602696
Ridge Regression,2.271000,2.555813,-0.284813,0.284813
Ridge Regression,1.557000,1.537469,0.019531,0.019531
Ridge Regression,0.668000,0.976283,-0.308283,0.308283
Ridge Regression,2.073000,2.631774,-0.558774,0.558774
Ridge Regression,2.228000,1.894534,0.333466,0.333466
Ridge Regression,3.545000,2.267839,1.277161,1.277161
Ridge Regression,3.405000,2.310459,1.094541,1.094541
Ridge Regression,0.529000,0.877372,-0.348372,0.348372
Ridge Regression,1.406000,2.133530,-0.727530,0.727530
Ridge Regression,1.508000,1.564393,-0.056393,0.056393
Ridge Regression,0.561000,-1.011766,1.572766,1.572766
Ridge Regression,2.596000,2.809518,-0.213518,0.213518
Ridge Regression,3.189000,2.513095,0.675905,0.675905
Ridge Regression,1.484000,2.537069,-1.053069,1.053069
Ridge Regression,2.899000,2.320938,0.578062,0.578062
Ridge Regression,1.618000,2.504535,-0.886535,0.886535
Ridge Regression,2.550000,1.826926,0.723074,0.723074
Ridge Regression,0.875000,1.264909,-0.389909,0.389909
Ridge Regression,2.450000,2.797681,-0.347681,0.347681
Ridge Regression,3.050000,2.074115,0.975885,0.975885
Ridge Regression,2.150000,2.193561,-0.043561,0.043561
Ridge Regression,2.490000,2.271173,0.218827,0.218827
Ridge Regression,5.000010,6.838657,-1.838647,1.838647
Ridge Regression,3.200000,1.998374,1.201626,1.201626
Ridge Regression,1.740000,2.451026,-0.711026,0.711026
Ridge Regression,2.925000,2.848165,0.076835,0.076835
Ridge Regression,5.000010,4.043920,0.956090,0.956090
Ridge Regression,2.899000,3.028049,-0.129049,0.129049
Ridge Regression,4.384000,3.074378,1.309622,1.309622
Ridge Regression,1.820000,2.256576,-0.436576,0.436576
Ridge Regression,1.705000,0.776563,0.928437,0.928437
Ridge Regression,0.692000,1.170493,-0.478493,0.478493
Ridge Regression,0.956000,1.498434,-0.542434,0.542434
Ridge Regression,2.728000,3.137896,-0.409896,0.409896
Ridge Regression,0.813000,2.139392,-1.326392,1.326392
Ridge Regression,2.724000,2.653027,0.070973,0.070973
Ridge Regression,1.526000,2.174696,-0.648696,0.648696
Ridge Regression,0.559000,1.227202,-0.668202,0.668202
Ridge Regression,2.135000,2.417306,-0.282306,0.282306
Ridge Regression,3.313000,1.502877,1.810123,1.810123
Ridge Regression,2.018000,2.339071,-0.321071,0.321071
Ridge Regression,0.571000,1.248190,-0.677190,0.677190
Ridge Regression,3.318000,2.544873,0.773127,0.773127
Ridge Regression,3.659000,2.312640,1.346360,1.346360
Ridge Regression,1.275000,1.315685,-0.040685,0.040685
Ridge Regression,1.118000,1.074755,0.043245,0.043245
Ridge Regression,3.537000,2.809653,0.727347,0.727347
Ridge Regression,2.293000,2.478184,-0.185184,0.185184
Ridge Regression,0.875000,1.173454,-0.298454,0.298454
Ridge Regression,2.375000,1.713521,0.661479,0.661479
Ridge Regression,1.133000,0.517060,0.615940,0.615940
Ridge Regression,1.125000,1.010228,0.114772,0.114772
Ridge Regression,1.385000,1.073062,0.311938,0.311938
Ridge Regression,3.074000,2.135016,0.938984,0.938984
Ridge Regression,1.009000,1.761988,-0.752988,0.752988
Ridge Regression,0.978000,1.081144,-0.103144,0.103144
Ridge Regression,1.767000,1.958117,-0.191117,0.191117
Ridge Regression,2.180000,2.179712,0.000288,0.000288
Ridge Regression,2.906000,2.214214,0.691786,0.691786
Ridge Regression,1.577000,2.216618,-0.639618,0.639618
Ridge Regression,3.480000,3.317215,0.162785,0.162785
Ridge Regression,0.672000,1.288524,-0.616524,0.616524
Ridge Regression,2.604000,1.988814,0.615186,0.615186
Ridge Regression,1.236000,1.224814,0.011186,0.011186
Ridge Regression,0.675000,0.752395,-0.077395,0.077395
Ridge Regression,1.307000,1.329852,-0.022852,0.022852
Ridge Regression,0.660000,0.510421,0.149579,0.149579
Ridge Regression,1.666000,2.476016,-0.810016,0.810016
Ridge Regression,2.256000,2.113042,0.142958,0.142958
Ridge Regression,2.571000,1.974765,0.596235,0.596235
Ridge Regression,5.000010,5.346739,-0.346729,0.346729
Ridge Regression,1.139000,1.868396,-0.729396,0.729396
Ridge Regression,0.910000,1.600822,-0.690822,0.690822
Ridge Regression,2.174000,1.907649,0.266351,0.266351
Ridge Regression,0.960000,1.003510,-0.043510,0.043510
Ridge Regression,1.292000,0.793179,0.498821,0.498821
Ridge Regression,3.502000,3.229467,0.272533,0.272533
Ridge Regression,4.421000,4.965663,-0.544663,0.544663
Ridge Regression,2.229000,1.516925,0.712075,0.712075
Ridge Regression,0.813000,1.048500,-0.235500,0.235500
Ridge Regression,1.606000,1.876190,-0.270190,0.270190
Ridge Regression,5.000010,3.215687,1.784323,1.784323
Ridge Regression,3.412000,3.242750,0.169250,0.169250
Ridge Regression,2.879000,3.118313,-0.239313,0.239313
Ridge Regression,3.447000,3.501980,-0.054980,0.054980
Ridge Regression,1.800000,2.435889,-0.635889,0.635889
Ridge Regression,1.678000,2.362219,-0.684219,0.684219
Ridge Regression,0.550000,0.924823,-0.374823,0.374823
Ridge Regression,0.508000,1.069710,-0.561710,0.561710
Ridge Regression,1.426000,2.122334,-0.696334,0.696334
Ridge Regression,2.358000,2.349382,0.008618,0.008618
Ridge Regression,1.127000,1.917898,-0.790898,0.790898
Ridge Regression,2.102000,2.450521,-0.348521,0.348521
Ridge Regression,2.107000,1.769417,0.337583,0.337583
Ridge Regression,0.654000,0.888779,-0.234779,0.234779
Ridge Regression,1.625000,1.830925,-0.205925,0.205925
Ridge Regression,1.503000,1.466709,0.036291,0.036291
Ridge Regression,5.000010,2.766998,2.233012,2.233012
Ridge Regression,1.014000,1.985670,-0.971670,0.971670
Ridge Regression,2.218000,2.179236,0.038764,0.038764
Ridge Regression,2.603000,2.433128,0.169872,0.169872
Ridge Regression,1.788000,1.642673,0.145327,0.145327
Ridge Regression,1.704000,1.768779,-0.064779,0.064779
Ridge Regression,3.194000,3.288371,-0.094371,0.094371
Ridge Regression,1.906000,2.536055,-0.630055,0.630055
Ridge Regression,1.841000,1.796658,0.044342,0.044342
Ridge Regression,1.911000,1.957379,-0.046379,0.046379
Ridge Regression,1.496000,2.689905,-1.193905,1.193905
Ridge Regression,5.000010,3.086544,1.913466,1.913466
Ridge Regression,1.834000,2.172790,-0.338790,0.338790
Ridge Regression,4.441000,3.580357,0.860643,0.860643
Ridge Regression,2.427000,2.386098,0.040902,0.040902
Ridge Regression,0.762000,1.168857,-0.406857,0.406857
Ridge Regression,1.329000,2.250520,-0.921520,0.921520
Ridge Regression,4.098000,2.192016,1.905984,1.905984
Ridge Regression,1.125000,1.022154,0.102846,0.102846
Ridge Regression,3.766000,3.144996,0.621004,0.621004
Ridge Regression,0.505000,1.352452,-0.847452,0.847452
Ridge Regression,5.000010,3.287112,1.712898,1.712898
Ridge Regression,2.095000,2.305456,-0.210456,0.210456
Ridge Regression,0.778000,0.321054,0.456946,0.456946
Ridge Regression,2.997000,2.958501,0.038499,0.038499
Ridge Regression,3.750000,2.440772,1.309228,1.309228
Ridge Regression,1.565000,1.633741,-0.068741,0.068741
Ridge Regression,2.400000,2.414238,-0.014238,0.014238
Ridge Regression,0.772000,0.576416,0.195584,0.195584
Ridge Regression,0.985000,1.190320,-0.205320,0.205320
Ridge Regression,5.000010,2.444953,2.555057,2.555057
Ridge Regression,1.104000,2.054509,-0.950509,0.950509
Ridge Regression,0.864000,1.780039,-0.916039,0.916039
Ridge Regression,2.304000,1.848380,0.455620,0.455620
Ridge Regression,1.639000,1.982079,-0.343079,0.343079
Ridge Regression,5.000010,3.993388,1.006622,1.006622
Ridge Regression,0.495000,0.190162,0.304838,0.304838
Ridge Regression,1.074000,1.871652,-0.797652,0.797652
Ridge Regression,3.625000,2.344543,1.280457,1.280457
Ridge Regression,1.450000,1.778796,-0.328796,0.328796
Ridge Regression,2.185000,2.297190,-0.112190,0.112190
Ridge Regression,1.301000,1.860174,-0.559174,0.559174
Ridge Regression,1.460000,2.061321,-0.601321,0.601321
Ridge Regression,1.525000,0.966345,0.558655,0.558655
Ridge Regression,4.572000,3.596769,0.975231,0.975231
Ridge Regression,1.652000,2.197948,-0.545948,0.545948
Ridge Regression,3.947000,2.031771,1.915229,1.915229
Ridge Regression,1.444000,2.050125,-0.606125,0.606125
Ridge Regression,1.366000,1.323518,0.042482,0.042482
Ridge Regression,2.164000,2.711120,-0.547120,0.547120
Ridge Regression,1.390000,1.418534,-0.028534,0.028534
Ridge Regression,1.038000,0.714551,0.323449,0.323449
Ridge Regression,4.885000,3.221463,1.663537,1.663537
Ridge Regression,2.271000,2.153134,0.117866,0.117866
Ridge Regression,2.380000,1.907077,0.472923,0.472923
Ridge Regression,2.156000,3.084950,-0.928950,0.928950
Ridge Regression,2.923000,3.288808,-0.365808,0.365808
Ridge Regression,1.459000,1.931203,-0.472203,0.472203
Ridge Regression,1.873000,1.473019,0.399981,0.399981
Ridge Regression,1.854000,1.069190,0.784810,0.784810
Ridge Regression,2.800000,1.653896,1.146104,1.146104
Ridge Regression,1.411000,1.866258,-0.455258,0.455258
Ridge Regression,1.909000,1.983534,-0.074534,0.074534
Ridge Regression,2.625000,1.977454,0.647546,0.647546
Ridge Regression,4.420000,3.004047,1.415953,1.415953
Ridge Regression,2.748000,3.097638,-0.349638,0.349638
Ridge Regression,0.855000,1.022670,-0.167670,0.167670
Ridge Regression,2.318000,2.889031,-0.571031,0.571031
Ridge Regression,3.020000,2.993520,0.026480,0.026480
Ridge Regression,2.358000,2.947245,-0.589245,0.589245
Ridge Regression,0.722000,0.967804,-0.245804,0.245804
Ridge Regression,1.824000,2.186713,-0.362713,0.362713
Ridge Regression,5.000010,3.263181,1.736829,1.736829
Ridge Regression,0.787000,0.641901,0.145099,0.145099
Ridge Regression,1.813000,1.553950,0.259050,0.259050
Ridge Regression,1.980000,2.214921,-0.234921,0.234921
Ridge Regression,1.996000,2.085793,-0.089793,0.089793
Ridge Regression,0.633000,0.996016,-0.363016,0.363016
Ridge Regression,0.940000,1.218606,-0.278606,0.278606
Ridge Regression,1.868000,2.329957,-0.461957,0.461957
Ridge Regression,1.170000,2.061175,-0.891175,0.891175
Ridge Regression,1.178000,1.764782,-0.586782,0.586782
Ridge Regression,1.210000,1.611611,-0.401611,0.401611
Ridge Regression,2.309000,2.410450,-0.101450,0.101450
Ridge Regression,4.273000,2.679954,1.593046,1.593046
Ridge Regression,1.281000,1.377722,-0.096722,0.096722
Ridge Regression,3.847000,2.096478,1.750522,1.750522
Ridge Regression,2.904000,2.710817,0.193183,0.193183
Ridge Regression,0.913000,1.097134,-0.184134,0.184134
Ridge Regression,0.619000,0.881464,-0.262464,0.262464
Ridge Regression,2.322000,2.518224,-0.196224,0.196224
Ridge Regression,1.296000,1.187806,0.108194,0.108194
Ridge Regression,1.275000,1.233586,0.041414,0.041414
Ridge Regression,1.505000,2.094882,-0.589882,0.589882
Ridge Regression,1.875000,1.640207,0.234793,0.234793
Ridge Regression,4.379000,4.329125,0.049875,0.049875
Ridge Regression,1.265000,2.115993,-0.850993,0.850993
Ridge Regression,4.534000,4.105686,0.428314,0.428314
Ridge Regression,2.294000,2.541120,-0.247120,0.247120
Ridge Regression,3.649000,2.818027,0.830973,0.830973
Ridge Regression,1.919000,1.977057,-0.058057,0.058057
Ridge Regression,0.875000,0.935614,-0.060614,0.060614
Ridge Regression,0.300000,1.803419,-1.503419,1.503419
Ridge Regression,3.357000,2.645169,0.711831,0.711831
Ridge Regression,2.421000,2.028319,0.392681,0.392681
Ridge Regression,1.737000,2.305823,-0.568823,0.568823
Ridge Regression,0.541000,0.503812,0.037188,0.037188
Ridge Regression,2.078000,2.518711,-0.440711,0.440711
Ridge Regression,1.125000,0.420937,0.704063,0.704063
Ridge Regression,1.667000,2.102870,-0.435870,0.435870
Ridge Regression,2.718000,2.840253,-0.122253,0.122253
Ridge Regression,1.411000,2.348768,-0.937768,0.937768
Ridge Regression,3.750000,1.327221,2.422779,2.422779
Ridge Regression,1.616000,1.594101,0.021899,0.021899
Ridge Regression,1.594000,2.270242,-0.676242,0.676242
Ridge Regression,0.863000,1.349497,-0.486497,0.486497
Ridge Regression,2.563000,2.867410,-0.304410,0.304410
Ridge Regression,2.132000,1.832112,0.299888,0.299888
Ridge Regression,2.541000,2.180084,0.360916,0.360916
Ridge Regression,1.326000,1.863291,-0.537291,0.537291
Ridge Regression,1.693000,1.142987,0.550013,0.550013
Ridge Regression,3.477000,2.705190,0.771810,0.771810
Ridge Regression,1.597000,1.921472,-0.324472,0.324472
Ridge Regression,0.909000,1.853685,-0.944685,0.944685
Ridge Regression,2.905000,2.397564,0.507436,0.507436
Ridge Regression,1.899000,2.111745,-0.212745,0.212745
Ridge Regression,4.956000,4.001221,0.954779,0.954779
Ridge Regression,3.333000,3.504094,-0.171094,0.171094
Ridge Regression,1.838000,2.047333,-0.209333,0.209333
Ridge Regression,1.890000,1.736457,0.153543,0.153543
Ridge Regression,1.575000,1.080290,0.494710,0.494710
Ridge Regression,0.666000,1.160543,-0.494543,0.494543
Ridge Regression,1.324000,1.763329,-0.439329,0.439329
Ridge Regression,1.560000,1.945170,-0.385170,0.385170
Ridge Regression,3.481000,2.170648,1.310352,1.310352
Ridge Regression,2.264000,2.887800,-0.623800,0.623800
Ridge Regression,0.742000,0.304184,0.437816,0.437816
Ridge Regression,1.583000,1.639320,-0.056320,0.056320
Ridge Regression,5.000010,4.833037,0.166973,0.166973
Ridge Regression,1.655000,1.807973,-0.152973,0.152973
Ridge Regression,3.295000,2.308896,0.986104,0.986104
Ridge Regression,1.396000,1.932401,-0.536401,0.536401
Ridge Regression,1.529000,2.051107,-0.522107,0.522107
Ridge Regression,3.673000,2.657847,1.015153,1.015153
Ridge Regression,0.700000,0.741866,-0.041866,0.041866
Ridge Regression,0.974000,1.848953,-0.874953,0.874953
Ridge Regression,0.659000,0.967349,-0.308349,0.308349
Ridge Regression,0.493000,0.859282,-0.366282,0.366282
Ridge Regression,1.541000,1.860977,-0.319977,0.319977
Ridge Regression,2.728000,1.948791,0.779209,0.779209
Ridge Regression,2.471000,2.775090,-0.304090,0.304090
Ridge Regression,2.688000,1.572675,1.115325,1.115325
Ridge Regression,2.476000,2.040623,0.435377,0.435377
Ridge Regression,4.168000,3.310824,0.857176,0.857176
Ridge Regression,1.216000,1.387111,-0.171111,0.171111
Ridge Regression,1.717000,2.114735,-0.397735,0.397735
Ridge Regression,1.738000,2.163908,-0.425908,0.425908
Ridge Regression,2.356000,2.556672,-0.200672,0.200672
Ridge Regression,2.601000,2.357255,0.243745,0.243745
Ridge Regression,2.000000,1.864925,0.135075,0.135075
Ridge Regression,2.966000,2.636365,0.329635,0.329635
Ridge Regression,3.746000,2.156373,1.589627,1.589627
Ridge Regression,1.778000,2.598564,-0.820564,0.820564
Ridge Regression,2.695000,2.537470,0.157530,0.157530
Ridge Regression,0.620000,1.292894,-0.672894,0.672894
Ridge Regression,1.976000,2.051911,-0.075911,0.075911
Ridge Regression,0.527000,1.191676,-0.664676,0.664676
Ridge Regression,1.914000,2.361098,-0.447098,0.447098
Ridge Regression,3.177000,2.837961,0.339039,0.339039
Ridge Regression,3.294000,2.336367,0.957633,0.957633
Ridge Regression,3.307000,3.164962,0.142038,0.142038
Ridge Regression,1.874000,2.599392,-0.725392,0.725392
Ridge Regression,2.865000,2.118565,0.746435,0.746435
Ridge Regression,5.000010,1.320471,3.679539,3.679539
Ridge Regression,1.339000,2.090535,-0.751535,0.751535
Ridge Regression,1.998000,2.559415,-0.561415,0.561415
Ridge Regression,0.450000,-0.149507,0.599507,0.599507
Ridge Regression,3.546000,3.461131,0.084869,0.084869
Ridge Regression,2.638000,2.731619,-0.093619,0.093619
Ridge Regression,2.784000,1.965112,0.818888,0.818888
Ridge Regression,1.604000,1.709570,-0.105570,0.105570
Ridge Regression,2.413000,2.766469,-0.353469,0.353469
Ridge Regression,2.083000,1.930008,0.152992,0.152992
Ridge Regression,2.636000,2.872957,-0.236957,0.236957
Ridge Regression,1.450000,2.083470,-0.633470,0.633470
Ridge Regression,1.325000,2.044901,-0.719901,0.719901
Ridge Regression,1.838000,1.813918,0.024082,0.024082
Ridge Regression,0.811000,1.229866,-0.418866,0.418866
Ridge Regression,1.765000,1.944263,-0.179263,0.179263
Ridge Regression,2.555000,2.018565,0.536435,0.536435
Ridge Regression,1.661000,2.172469,-0.511469,0.511469
Ridge Regression,1.020000,1.602434,-0.582434,0.582434
Ridge Regression,0.861000,1.494605,-0.633605,0.633605
Ridge Regression,1.006000,0.532566,0.473434,0.473434
Ridge Regression,5.000000,2.467065,2.532935,2.532935
Ridge Regression,2.099000,3.000139,-0.901139,0.901139
Ridge Regression,0.525000,1.032233,-0.507233,0.507233
Ridge Regression,2.629000,1.989309,0.639691,0.639691
Ridge Regression,1.588000,1.954897,-0.366897,0.366897
Ridge Regression,2.095000,1.535158,0.559842,0.559842
Ridge Regression,3.500000,1.628229,1.871771,1.871771
Ridge Regression,2.171000,2.633322,-0.462322,0.462322
Ridge Regression,1.414000,1.302660,0.111340,0.111340
Ridge Regression,0.934000,0.866175,0.067825,0.067825
Ridge Regression,1.982000,1.750518,0.231482,0.231482
Ridge Regression,1.872000,1.739972,0.132028,0.132028
Ridge Regression,1.853000,1.818333,0.034667,0.034667
Ridge Regression,5.000010,6.659782,-1.659772,1.659772
Ridge Regression,2.813000,3.061609,-0.248609,0.248609
Ridge Regression,1.036000,1.791543,-0.755543,0.755543
Ridge Regression,2.879000,3.011785,-0.132785,0.132785
Ridge Regression,2.083000,1.761090,0.321910,0.321910
Ridge Regression,1.750000,2.950157,-1.200157,1.200157
Ridge Regression,1.327000,1.823594,-0.496594,0.496594
Ridge Regression,1.720000,1.601724,0.118276,0.118276
Ridge Regression,5.000010,4.740684,0.259326,0.259326
Ridge Regression,0.640000,0.517104,0.122896,0.122896
Ridge Regression,2.279000,2.176962,0.102038,0.102038
Ridge Regression,0.631000,0.952627,-0.321627,0.321627
Ridge Regression,0.841000,1.522942,-0.681942,0.681942
Ridge Regression,3.392000,2.819962,0.572038,0.572038
Ridge Regression,1.563000,1.248772,0.314228,0.314228
Ridge Regression,3.836000,2.657111,1.178889,1.178889
Ridge Regression,1.371000,1.819117,-0.448117,0.448117
Ridge Regression,0.568000,1.153766,-0.585766,0.585766
Ridge Regression,0.700000,1.345675,-0.645675,0.645675
Ridge Regression,0.963000,1.040685,-0.077685,0.077685
Ridge Regression,0.926000,1.684936,-0.758936,0.758936
Ridge Regression,3.591000,3.101045,0.489955,0.489955
Ridge Regression,1.587000,2.228068,-0.641068,0.641068
Ridge Regression,5.000010,2.983740,2.016270,2.016270
Ridge Regression,1.146000,2.233111,-1.087111,1.087111
Ridge Regression,4.102000,3.355571,0.746429,0.746429
Ridge Regression,2.819000,1.860911,0.958089,0.958089
Ridge Regression,1.017000,0.620529,0.396471,0.396471
Ridge Regression,1.693000,2.072395,-0.379395,0.379395
Ridge Regression,2.078000,1.996456,0.081544,0.081544
Ridge Regression,3.272000,2.518484,0.753516,0.753516
Ridge Regression,2.779000,2.439075,0.339925,0.339925
Ridge Regression,1.114000,1.081794,0.032206,0.032206
Ridge Regression,0.806000,1.642646,-0.836646,0.836646
Ridge Regression,2.075000,2.612989,-0.537989,0.537989
Ridge Regression,2.753000,2.528450,0.224550,0.224550
Ridge Regression,4.210000,3.084241,1.125759,1.125759
Ridge Regression,1.288000,1.297281,-0.009281,0.009281
Ridge Regression,3.139000,2.546314,0.592686,0.592686
Ridge Regression,0.676000,1.610972,-0.934972,0.934972
Ridge Regression,0.644000,1.176846,-0.532846,0.532846
Ridge Regression,1.539000,1.817107,-0.278107,0.278107
Ridge Regression,1.307000,0.942028,0.364972,0.364972
Ridge Regression,2.385000,1.960402,0.424598,0.424598
Ridge Regression,3.796000,3.355683,0.440317,0.440317
Ridge Regression,1.465000,1.674529,-0.209529,0.209529
Ridge Regression,1.503000,2.247322,-0.744322,0.744322
Ridge Regression,0.803000,1.536497,-0.733497,0.733497
Ridge Regression,2.933000,0.646018,2.286982,2.286982
Ridge Regression,2.880000,2.702119,0.177881,0.177881
Ridge Regression,1.441000,2.236213,-0.795213,0.795213
Ridge Regression,1.270000,1.519063,-0.249063,0.249063
Ridge Regression,1.521000,2.105471,-0.584471,0.584471
Ridge Regression,1.568000,0.803975,0.764025,0.764025
Ridge Regression,1.049000,0.972444,0.076556,0.076556
Ridge Regression,5.000010,5.430854,-0.430844,0.430844
Ridge Regression,1.344000,2.097914,-0.753914,0.753914
Ridge Regression,5.000010,5.736949,-0.736939,0.736939
Ridge Regression,2.728000,3.003011,-0.275011,0.275011
Ridge Regression,1.516000,0.854095,0.661905,0.661905
Ridge Regression,3.626000,2.294605,1.331395,1.331395
Ridge Regression,1.692000,2.230439,-0.538439,0.538439
Ridge Regression,1.404000,1.984679,-0.580679,0.580679
Ridge Regression,0.437000,0.902567,-0.465567,0.465567
Ridge Regression,1.360000,2.563919,-1.203919,1.203919
Ridge Regression,2.644000,2.692152,-0.048152,0.048152
Ridge Regression,1.522000,2.133371,-0.611371,0.611371
Ridge Regression,1.375000,1.656421,-0.281421,0.281421
Ridge Regression,2.147000,1.452113,0.694887,0.694887
Ridge Regression,1.709000,2.259125,-0.550125,0.550125
Ridge Regression,2.362000,2.299544,0.062456,0.062456
Ridge Regression,2.978000,2.473441,0.504559,0.504559
Ridge Regression,0.885000,0.955563,-0.070563,0.070563
Ridge Regression,1.276000,1.646095,-0.370095,0.370095
Ridge Regression,0.802000,0.996612,-0.194612,0.194612
Ridge Regression,3.060000,2.503876,0.556124,0.556124
Ridge Regression,4.364000,2.051495,2.312505,2.312505
Ridge Regression,2.389000,2.420285,-0.031285,0.031285
Ridge Regression,2.317000,3.147271,-0.830271,0.830271
Ridge Regression,1.229000,1.666331,-0.437331,0.437331
Ridge Regression,2.182000,2.476904,-0.294904,0.294904
Ridge Regression,3.970000,4.909015,-0.939015,0.939015
Ridge Regression,2.603000,1.646933,0.956067,0.956067
Ridge Regression,4.357000,3.180251,1.176749,1.176749
Ridge Regression,1.640000,2.394149,-0.754149,0.754149
Ridge Regression,4.405000,3.022958,1.382042,1.382042
Ridge Regression,0.854000,1.138034,-0.284034,0.284034
Ridge Regression,1.019000,0.968701,0.050299,0.050299
Ridge Regression,1.594000,2.130061,-0.536061,0.536061
Ridge Regression,1.903000,2.606737,-0.703737,0.703737
Ridge Regression,1.000000,1.382255,-0.382255,0.382255
Ridge Regression,1.396000,1.530709,-0.134709,0.134709
Ridge Regression,5.000010,4.870263,0.129747,0.129747
Ridge Regression,1.545000,2.702928,-1.157928,1.157928
Ridge Regression,1.705000,2.099904,-0.394904,0.394904
Ridge Regression,1.106000,1.391238,-0.285238,0.285238
Ridge Regression,1.912000,2.601078,-0.689078,0.689078
Ridge Regression,2.872000,3.459210,-0.587210,0.587210
Ridge Regression,1.501000,1.987413,-0.486413,0.486413
Ridge Regression,2.383000,2.300028,0.082972,0.082972
Ridge Regression,1.542000,0.952346,0.589654,0.589654
Ridge Regression,2.805000,2.416413,0.388587,0.388587
Ridge Regression,1.619000,2.575744,-0.956744,0.956744
Ridge Regression,2.656000,2.768801,-0.112801,0.112801
Ridge Regression,1.227000,2.371712,-1.144712,1.144712
Ridge Regression,2.312000,2.726425,-0.414425,0.414425
Ridge Regression,3.191000,2.567614,0.623386,0.623386
Ridge Regression,2.313000,2.288604,0.024396,0.024396
Ridge Regression,5.000010,4.582647,0.417363,0.417363
Ridge Regression,1.212000,1.258623,-0.046623,0.046623
Ridge Regression,2.225000,2.311100,-0.086100,0.086100
Ridge Regression,4.500000,3.108921,1.391079,1.391079
Ridge Regression,1.021000,1.416620,-0.395620,0.395620
Ridge Regression,2.012000,2.281950,-0.269950,0.269950
Ridge Regression,1.042000,0.872442,0.169558,0.169558
Ridge Regression,5.000010,5.433416,-0.433406,0.433406
Ridge Regression,1.320000,1.921098,-0.601098,0.601098
Ridge Regression,2.211000,2.515219,-0.304219,0.304219
Ridge Regression,1.516000,1.951615,-0.435615,0.435615
Ridge Regression,1.469000,1.547416,-0.078416,0.078416
Ridge Regression,1.512000,2.125826,-0.613826,0.613826
Ridge Regression,1.651000,2.248258,-0.597258,0.597258
Ridge Regression,2.136000,2.674339,-0.538339,0.538339
Ridge Regression,2.135000,2.007138,0.127862,0.127862
Ridge Regression,5.000010,3.418805,1.581205,1.581205
Ridge Regression,4.380000,3.435873,0.944127,0.944127
Ridge Regression,1.838000,2.437287,-0.599287,0.599287
Ridge Regression,3.500000,2.611628,0.888372,0.888372
Ridge Regression,1.593000,1.011215,0.581785,0.581785
Ridge Regression,1.291000,1.674995,-0.383995,0.383995
Ridge Regression,0.766000,1.110057,-0.344057,0.344057
Ridge Regression,2.250000,1.952401,0.297599,0.297599
Ridge Regression,2.308000,1.703370,0.604630,0.604630
Ridge Regression,4.318000,3.835000,0.483000,0.483000
Ridge Regression,1.910000,3.010542,-1.100542,1.100542
Ridge Regression,0.847000,1.262742,-0.415742,0.415742
Ridge Regression,1.525000,1.257542,0.267458,0.267458
Ridge Regression,0.676000,0.568497,0.107503,0.107503
Ridge Regression,1.982000,2.080709,-0.098709,0.098709
Ridge Regression,3.063000,2.041983,1.021017,1.021017
Ridge Regression,1.221000,2.060974,-0.839974,0.839974
Ridge Regression,2.761000,2.125920,0.635080,0.635080
Ridge Regression,1.030000,0.992009,0.037991,0.037991
Ridge Regression,4.091000,3.018307,1.072693,1.072693
Ridge Regression,1.352000,1.834615,-0.482615,0.482615
Ridge Regression,1.216000,1.117623,0.098377,0.098377
Ridge Regression,1.828000,1.724199,0.103801,0.103801
Ridge Regression,2.280000,1.791549,0.488451,0.488451
Ridge Regression,1.100000,1.101226,-0.001226,0.001226
Ridge Regression,1.112000,0.824495,0.287505,0.287505
Ridge Regression,0.847000,1.204128,-0.357128,0.357128
Ridge Regression,4.473000,3.879929,0.593071,0.593071
Ridge Regression,0.883000,0.797141,0.085859,0.085859
Ridge Regression,0.871000,1.379704,-0.508704,0.508704
Ridge Regression,1.875000,2.202897,-0.327897,0.327897
Ridge Regression,1.469000,1.731746,-0.262746,0.262746
Ridge Regression,1.031000,1.295304,-0.264304,0.264304
Ridge Regression,3.437000,3.669356,-0.232356,0.232356
Ridge Regression,0.982000,2.177539,-1.195539,1.195539
Ridge Regression,2.625000,1.832144,0.792856,0.792856
Ridge Regression,0.774000,0.420078,0.353922,0.353922
Ridge Regression,1.351000,2.155970,-0.804970,0.804970
Ridge Regression,1.347000,1.120080,0.226920,0.226920
Ridge Regression,2.313000,1.630792,0.682208,0.682208
Ridge Regression,1.586000,1.667273,-0.081273,0.081273
Ridge Regression,1.016000,0.908900,0.107100,0.107100
Ridge Regression,1.220000,1.756667,-0.536667,0.536667
Ridge Regression,3.800000,3.460429,0.339571,0.339571
Ridge Regression,1.894000,1.740934,0.153066,0.153066
Ridge Regression,4.400000,3.314432,1.085568,1.085568
Ridge Regression,0.700000,1.305170,-0.605170,0.605170
Ridge Regression,0.700000,1.198710,-0.498710,0.498710
Ridge Regression,3.335000,2.700874,0.634126,0.634126
Ridge Regression,1.018000,1.491659,-0.473659,0.473659
Ridge Regression,5.000010,6.925923,-1.925913,1.925913
Ridge Regression,3.605000,2.816537,0.788463,0.788463
Ridge Regression,1.695000,1.710635,-0.015635,0.015635
Ridge Regression,2.056000,1.639193,0.416807,0.416807
Ridge Regression,1.663000,1.873363,-0.210363,0.210363
Ridge Regression,0.325000,0.805295,-0.480295,0.480295
Ridge Regression,3.627000,3.149017,0.477983,0.477983
Ridge Regression,1.745000,1.636007,0.108993,0.108993
Ridge Regression,1.976000,1.964423,0.011577,0.011577
Ridge Regression,1.830000,2.380999,-0.550999,0.550999
Ridge Regression,1.583000,1.569326,0.013674,0.013674
Ridge Regression,1.002000,1.839718,-0.837718,0.837718
Ridge Regression,0.875000,0.938736,-0.063736,0.063736
Ridge Regression,4.611000,2.181315,2.429685,2.429685
Ridge Regression,1.902000,2.883937,-0.981937,0.981937
Ridge Regression,2.323000,1.852173,0.470827,0.470827
Ridge Regression,2.216000,2.737917,-0.521917,0.521917
Ridge Regression,2.269000,2.264268,0.004732,0.004732
Ridge Regression,2.242000,2.341419,-0.099419,0.099419
Ridge Regression,1.198000,1.749422,-0.551422,0.551422
Ridge Regression,0.782000,1.145759,-0.363759,0.363759
Ridge Regression,1.651000,1.555920,0.095080,0.095080
Ridge Regression,2.139000,3.482180,-1.343180,1.343180
Ridge Regression,0.697000,0.663232,0.033768,0.033768
Ridge Regression,1.058000,1.608587,-0.550587,0.550587
Ridge Regression,0.750000,1.216894,-0.466894,0.466894
Ridge Regression,0.917000,1.368812,-0.451812,0.451812
Ridge Regression,2.695000,2.793913,-0.098913,0.098913
Ridge Regression,0.682000,0.971765,-0.289765,0.289765
Ridge Regression,1.658000,1.779595,-0.121595,0.121595
Ridge Regression,1.546000,1.678563,-0.132563,0.132563
Ridge Regression,4.727000,3.275392,1.451608,1.451608
Ridge Regression,3.459000,3.673124,-0.214124,0.214124
Ridge Regression,2.307000,2.891531,-0.584531,0.584531
Ridge Regression,3.000000,1.641841,1.358159,1.358159
Ridge Regression,2.494000,2.275116,0.218884,0.218884
Ridge Regression,4.357000,2.629032,1.727968,1.727968
Ridge Regression,2.258000,2.252768,0.005232,0.005232
Ridge Regression,1.750000,1.217578,0.532422,0.532422
Ridge Regression,1.784000,1.301799,0.482201,0.482201
Ridge Regression,2.760000,2.457507,0.302493,0.302493
Ridge Regression,1.159000,0.723908,0.435092,0.435092
Ridge Regression,2.143000,1.302858,0.840142,0.840142
Ridge Regression,1.183000,0.657983,0.525017,0.525017
Ridge Regression,5.000010,2.101250,2.898760,2.898760
Ridge Regression,1.521000,2.116247,-0.595247,0.595247
Ridge Regression,1.404000,2.231095,-0.827095,0.827095
Ridge Regression,2.226000,2.005933,0.220067,0.220067
Ridge Regression,4.445000,3.109006,1.335994,1.335994
Ridge Regression,5.000000,3.426654,1.573346,1.573346
Ridge Regression,1.633000,1.552715,0.080285,0.080285
Ridge Regression,1.938000,2.597650,-0.659650,0.659650
Ridge Regression,0.905000,1.408841,-0.503841,0.503841
Ridge Regression,1.152000,1.751625,-0.599625,0.599625
Ridge Regression,1.470000,1.678395,-0.208395,0.208395
Ridge Regression,2.739000,2.822284,-0.083284,0.083284
Ridge Regression,1.909000,2.165093,-0.256093,0.256093
Ridge Regression,0.748000,0.919889,-0.171889,0.171889
Ridge Regression,5.000010,1.642583,3.357427,3.357427
Ridge Regression,1.185000,1.459692,-0.274692,0.274692
Ridge Regression,5.000010,1.115064,3.884946,3.884946
Ridge Regression,0.550000,2.119030,-1.569030,1.569030
Ridge Regression,0.584000,1.263724,-0.679724,0.679724
Ridge Regression,0.958000,1.213200,-0.255200,0.255200
Ridge Regression,0.992000,1.615636,-0.623636,0.623636
Ridge Regression,1.674000,3.012802,-1.338802,1.338802
Ridge Regression,0.705000,1.066911,-0.361911,0.361911
Ridge Regression,0.675000,0.991758,-0.316758,0.316758
Ridge Regression,0.757000,1.225372,-0.468372,0.468372
Ridge Regression,1.830000,2.038098,-0.208098,0.208098
Ridge Regression,5.000010,4.803144,0.196866,0.196866
Ridge Regression,0.973000,1.371005,-0.398005,0.398005
Ridge Regression,2.300000,2.593530,-0.293530,0.293530
Ridge Regression,0.829000,1.557636,-0.728636,0.728636
Ridge Regression,0.522000,1.201416,-0.679416,0.679416
Ridge Regression,1.148000,1.969369,-0.821369,0.821369
Ridge Regression,0.880000,1.645619,-0.765619,0.765619
Ridge Regression,2.242000,2.254947,-0.012947,0.012947
Ridge Regression,1.500000,1.732757,-0.232757,0.232757
Ridge Regression,3.417000,2.950685,0.466315,0.466315
Ridge Regression,1.817000,1.919851,-0.102851,0.102851
Ridge Regression,1.406000,1.723763,-0.317763,0.317763
Ridge Regression,0.727000,0.508291,0.218709,0.218709
Ridge Regression,2.109000,1.887397,0.221603,0.221603
Ridge Regression,0.977000,0.545192,0.431808,0.431808
Ridge Regression,1.097000,0.851148,0.245852,0.245852
Ridge Regression,1.656000,1.888291,-0.232291,0.232291
Ridge Regression,2.306000,1.863470,0.442530,0.442530
Ridge Regression,1.638000,1.938947,-0.300947,0.300947
Ridge Regression,0.958000,0.349072,0.608928,0.608928
Ridge Regression,0.481000,0.342634,0.138366,0.138366
Ridge Regression,0.444000,0.805739,-0.361739,0.361739
Ridge Regression,2.379000,2.933965,-0.554965,0.554965
Ridge Regression,2.848000,3.430846,-0.582846,0.582846
Ridge Regression,1.648000,1.508076,0.139924,0.139924
Ridge Regression,2.000000,1.626407,0.373593,0.373593
Ridge Regression,0.778000,0.969956,-0.191956,0.191956
Ridge Regression,1.860000,1.904727,-0.044727,0.044727
Ridge Regression,1.697000,1.887493,-0.190493,0.190493
Ridge Regression,4.188000,2.287150,1.900850,1.900850
Ridge Regression,0.733000,0.935930,-0.202930,0.202930
Ridge Regression,0.870000,1.735275,-0.865275,0.865275
Ridge Regression,1.682000,2.377440,-0.695440,0.695440
Ridge Regression,1.543000,1.927271,-0.384271,0.384271
Ridge Regression,2.250000,4.012827,-1.762827,1.762827
Ridge Regression,3.330000,2.872056,0.457944,0.457944
Ridge Regression,2.259000,2.198393,0.060607,0.060607
Ridge Regression,1.381000,1.639685,-0.258685,0.258685
Ridge Regression,1.127000,1.340216,-0.213216,0.213216
Ridge Regression,2.316000,2.255258,0.060742,0.060742
Ridge Regression,4.191000,2.309210,1.881790,1.881790
Ridge Regression,2.211000,1.866858,0.344142,0.344142
Ridge Regression,1.554000,1.608841,-0.054841,0.054841
Ridge Regression,1.517000,1.143995,0.373005,0.373005
Ridge Regression,2.489000,3.263884,-0.774884,0.774884
Ridge Regression,1.532000,0.830534,0.701466,0.701466
Ridge Regression,1.265000,1.509505,-0.244505,0.244505
Ridge Regression,2.400000,2.366360,0.033640,0.033640
Ridge Regression,1.861000,2.062300,-0.201300,0.201300
Ridge Regression,5.000010,4.073481,0.926529,0.926529
Ridge Regression,1.816000,1.566436,0.249564,0.249564
Ridge Regression,1.781000,2.326326,-0.545326,0.545326
Ridge Regression,0.692000,0.793124,-0.101124,0.101124
Ridge Regression,0.668000,0.785766,-0.117766,0.117766
Ridge Regression,5.000010,4.278262,0.721748,0.721748
Ridge Regression,1.813000,2.362845,-0.549845,0.549845
Ridge Regression,3.964000,3.596222,0.367778,0.367778
Ridge Regression,1.875000,2.511431,-0.636431,0.636431
Ridge Regression,2.979000,3.166397,-0.187397,0.187397
Ridge Regression,3.454000,2.620764,0.833236,0.833236
Ridge Regression,2.451000,2.527489,-0.076489,0.076489
Ridge Regression,1.055000,1.582820,-0.527820,0.527820
Ridge Regression,1.011000,0.789227,0.221773,0.221773
Ridge Regression,1.417000,1.762088,-0.345088,0.345088
Ridge Regression,4.309000,3.112303,1.196697,1.196697
Ridge Regression,2.863000,2.168964,0.694036,0.694036
Ridge Regression,1.130000,1.362187,-0.232187,0.232187
Ridge Regression,4.667000,3.762402,0.904598,0.904598
Ridge Regression,1.686000,1.879450,-0.193450,0.193450
Ridge Regression,3.605000,2.619942,0.985058,0.985058
Ridge Regression,2.564000,2.463675,0.100325,0.100325
Ridge Regression,1.139000,1.971580,-0.832580,0.832580
Ridge Regression,3.504000,3.212798,0.291202,0.291202
Ridge Regression,2.091000,2.372500,-0.281500,0.281500
Ridge Regression,1.315000,1.713116,-0.398116,0.398116
Ridge Regression,2.167000,2.845150,-0.678150,0.678150
Ridge Regression,1.013000,0.914927,0.098073,0.098073
Ridge Regression,2.028000,2.275386,-0.247386,0.247386
Ridge Regression,1.176000,1.947841,-0.771841,0.771841
Ridge Regression,2.926000,2.549562,0.376438,0.376438
Ridge Regression,5.000010,6.077105,-1.077095,1.077095
Ridge Regression,1.303000,1.336960,-0.033960,0.033960
Ridge Regression,0.924000,0.735528,0.188472,0.188472
Ridge Regression,1.125000,1.443427,-0.318427,0.318427
Ridge Regression,1.542000,1.067116,0.474884,0.474884
Ridge Regression,1.040000,1.120529,-0.080529,0.080529
Ridge Regression,1.216000,1.826069,-0.610069,0.610069
Ridge Regression,2.063000,1.985602,0.077398,0.077398
Ridge Regression,1.083000,1.613327,-0.530327,0.530327
Ridge Regression,3.494000,3.245785,0.248215,0.248215
Ridge Regression,0.833000,-0.052285,0.885285,0.885285
Ridge Regression,2.458000,2.867730,-0.409730,0.409730
Ridge Regression,0.915000,1.652273,-0.737273,0.737273
Ridge Regression,5.000010,4.692386,0.307624,0.307624
Ridge Regression,5.000010,2.122567,2.877443,2.877443
Ridge Regression,1.905000,1.756833,0.148167,0.148167
Ridge Regression,1.083000,1.380241,-0.297241,0.297241
Ridge Regression,0.896000,1.034111,-0.138111,0.138111
Ridge Regression,5.000010,5.085103,-0.085093,0.085093
Ridge Regression,0.946000,1.771890,-0.825890,0.825890
Ridge Regression,0.675000,4.236031,-3.561031,3.561031
Ridge Regression,1.775000,2.617546,-0.842546,0.842546
Ridge Regression,2.613000,2.651565,-0.038565,0.038565
Ridge Regression,5.000010,1.991897,3.008113,3.008113
Ridge Regression,1.684000,2.519486,-0.835486,0.835486
Ridge Regression,2.453000,2.690431,-0.237431,0.237431
Ridge Regression,2.400000,3.089690,-0.689690,0.689690
Ridge Regression,1.565000,1.329428,0.235572,0.235572
Ridge Regression,5.000010,2.281984,2.718026,2.718026
Ridge Regression,2.356000,2.559186,-0.203186,0.203186
Ridge Regression,1.856000,2.449396,-0.593396,0.593396
Ridge Regression,3.167000,1.697929,1.469071,1.469071
Ridge Regression,1.188000,0.332105,0.855895,0.855895
Ridge Regression,2.485000,2.428902,0.056098,0.056098
Ridge Regression,2.365000,2.451350,-0.086350,0.086350
Ridge Regression,0.946000,1.128637,-0.182637,0.182637
Ridge Regression,1.768000,1.877123,-0.109123,0.109123
Ridge Regression,1.486000,1.821998,-0.335998,0.335998
Ridge Regression,1.953000,2.431224,-0.478224,0.478224
Ridge Regression,2.159000,2.655344,-0.496344,0.496344
Ridge Regression,1.266000,2.308802,-1.042802,1.042802
Ridge Regression,1.739000,1.723017,0.015983,0.015983
Ridge Regression,1.830000,1.786938,0.043062,0.043062
Ridge Regression,0.743000,1.037824,-0.294824,0.294824
Ridge Regression,2.247000,2.205883,0.041117,0.041117
Ridge Regression,1.016000,1.488116,-0.472116,0.472116
Ridge Regression,3.910000,3.048999,0.861001,0.861001
Ridge Regression,2.650000,2.189521,0.460479,0.460479
Ridge Regression,5.000010,4.305836,0.694174,0.694174
Ridge Regression,1.865000,2.623254,-0.758254,0.758254
Ridge Regression,0.780000,0.634130,0.145870,0.145870
Ridge Regression,0.808000,1.138291,-0.330291,0.330291
Ridge Regression,1.896000,2.387717,-0.491717,0.491717
Ridge Regression,1.992000,2.268442,-0.276442,0.276442
Ridge Regression,1.896000,2.488200,-0.592200,0.592200
Ridge Regression,1.600000,1.982469,-0.382469,0.382469
Ridge Regression,3.753000,3.898396,-0.145396,0.145396
Ridge Regression,1.667000,1.749046,-0.082046,0.082046
Ridge Regression,2.156000,2.284267,-0.128267,0.128267
Ridge Regression,2.286000,2.463117,-0.177117,0.177117
Ridge Regression,1.713000,2.049548,-0.336548,0.336548
Ridge Regression,4.310000,3.513389,0.796611,0.796611
Ridge Regression,2.751000,2.759368,-0.008368,0.008368
Ridge Regression,2.768000,3.518785,-0.750785,0.750785
Ridge Regression,0.463000,0.858784,-0.395784,0.395784
Ridge Regression,1.440000,1.551109,-0.111109,0.111109
Ridge Regression,0.943000,0.645733,0.297267,0.297267
Ridge Regression,1.576000,1.338605,0.237395,0.237395
Ridge Regression,1.945000,2.273598,-0.328598,0.328598
Ridge Regression,3.511000,2.098020,1.412980,1.412980
Ridge Regression,4.534000,2.038432,2.495568,2.495568
Ridge Regression,2.246000,1.803856,0.442144,0.442144
Ridge Regression,1.556000,1.883097,-0.327097,0.327097
Ridge Regression,2.420000,4.114034,-1.694034,1.694034
Ridge Regression,0.700000,1.576734,-0.876734,0.876734
Ridge Regression,0.713000,1.253571,-0.540571,0.540571
Ridge Regression,0.668000,1.001550,-0.333550,0.333550
Ridge Regression,1.531000,2.516951,-0.985951,0.985951
Ridge Regression,1.375000,1.763635,-0.388635,0.388635
Ridge Regression,2.304000,2.652402,-0.348402,0.348402
Ridge Regression,2.422000,2.883730,-0.461730,0.461730
Ridge Regression,3.019000,2.543381,0.475619,0.475619
Ridge Regression,4.158000,3.175250,0.982750,0.982750
Ridge Regression,1.565000,2.125614,-0.560614,0.560614
Ridge Regression,0.786000,0.344081,0.441919,0.441919
Ridge Regression,4.414000,3.674052,0.739948,0.739948
Ridge Regression,1.843000,1.981215,-0.138215,0.138215
Ridge Regression,2.765000,3.219576,-0.454576,0.454576
Ridge Regression,2.328000,1.948621,0.379379,0.379379
Ridge Regression,0.604000,0.815763,-0.211763,0.211763
Ridge Regression,2.241000,2.176514,0.064486,0.064486
Ridge Regression,4.390000,2.973880,1.416120,1.416120
Ridge Regression,1.231000,0.730686,0.500314,0.500314
Ridge Regression,2.557000,2.966038,-0.409038,0.409038
Ridge Regression,0.576000,0.666804,-0.090804,0.090804
Ridge Regression,1.998000,2.490894,-0.492894,0.492894
Ridge Regression,0.513000,0.955761,-0.442761,0.442761
Ridge Regression,3.482000,3.448391,0.033609,0.033609
Ridge Regression,3.628000,3.213746,0.414254,0.414254
Ridge Regression,2.403000,2.391626,0.011374,0.011374
Ridge Regression,0.736000,1.169868,-0.433868,0.433868
Ridge Regression,1.726000,1.783504,-0.057504,0.057504
Ridge Regression,2.290000,2.294358,-0.004358,0.004358
Ridge Regression,1.663000,2.020017,-0.357017,0.357017
Ridge Regression,0.833000,1.061338,-0.228338,0.228338
Ridge Regression,5.000010,3.957874,1.042136,1.042136
Ridge Regression,3.329000,3.135087,0.193913,0.193913
Ridge Regression,0.543000,1.240210,-0.697210,0.697210
Ridge Regression,2.417000,2.424060,-0.007060,0.007060
Ridge Regression,3.875000,3.070580,0.804420,0.804420
Ridge Regression,1.364000,1.720792,-0.356792,0.356792
Ridge Regression,0.983000,2.116488,-1.133488,1.133488
Ridge Regression,1.760000,1.878490,-0.118490,0.118490
Ridge Regression,0.630000,0.836593,-0.206593,0.206593
Ridge Regression,2.369000,1.909268,0.459732,0.459732
Ridge Regression,0.972000,1.869045,-0.897045,0.897045
Ridge Regression,2.200000,1.355232,0.844768,0.844768
Ridge Regression,1.058000,1.627775,-0.569775,0.569775
Ridge Regression,2.709000,2.929511,-0.220511,0.220511
Ridge Regression,0.994000,1.503626,-0.509626,0.509626
Ridge Regression,1.663000,1.551984,0.111016,0.111016
Ridge Regression,1.438000,1.714357,-0.276357,0.276357
Ridge Regression,1.406000,1.955269,-0.549269,0.549269
Ridge Regression,3.309000,3.071267,0.237733,0.237733
Ridge Regression,1.569000,2.129890,-0.560890,0.560890
Ridge Regression,5.000010,3.443997,1.556013,1.556013
Ridge Regression,1.625000,0.850482,0.774518,0.774518
Ridge Regression,1.248000,0.752652,0.495348,0.495348
Ridge Regression,2.161000,1.558140,0.602860,0.602860
Ridge Regression,1.714000,1.844361,-0.130361,0.130361
Ridge Regression,3.256000,2.720887,0.535113,0.535113
Ridge Regression,1.098000,1.031126,0.066874,0.066874
Ridge Regression,2.762000,2.550285,0.211715,0.211715
Ridge Regression,1.299000,1.628703,-0.329703,0.329703
Ridge Regression,2.923000,2.406099,0.516901,0.516901
Ridge Regression,3.415000,3.185437,0.229563,0.229563
Ridge Regression,0.668000,0.415689,0.252311,0.252311
Ridge Regression,2.388000,2.241166,0.146834,0.146834
Ridge Regression,0.774000,0.677427,0.096573,0.096573
Ridge Regression,0.824000,0.267999,0.556001,0.556001
Ridge Regression,3.599000,2.961738,0.637262,0.637262
Ridge Regression,4.657000,3.402583,1.254417,1.254417
Ridge Regression,2.140000,2.310641,-0.170641,0.170641
Ridge Regression,1.071000,1.425751,-0.354751,0.354751
Ridge Regression,1.578000,2.282684,-0.704684,0.704684
Ridge Regression,1.193000,1.881904,-0.688904,0.688904
Ridge Regression,2.329000,2.359971,-0.030971,0.030971
Ridge Regression,1.795000,2.436685,-0.641685,0.641685
Ridge Regression,0.701000,0.464124,0.236876,0.236876
Ridge Regression,0.550000,0.622674,-0.072674,0.072674
Ridge Regression,0.659000,0.828006,-0.169006,0.169006
Ridge Regression,0.996000,1.145279,-0.149279,0.149279
Ridge Regression,5.000010,4.730093,0.269917,0.269917
Ridge Regression,1.641000,2.492575,-0.851575,0.851575
Ridge Regression,0.770000,0.683929,0.086071,0.086071
Ridge Regression,1.403000,1.006030,0.396970,0.396970
Ridge Regression,1.729000,1.411345,0.317655,0.317655
Ridge Regression,5.000010,2.068448,2.931562,2.931562
Ridge Regression,3.143000,1.974390,1.168610,1.168610
Ridge Regression,5.000010,2.628726,2.371284,2.371284
Ridge Regression,5.000010,5.894758,-0.894748,0.894748
Ridge Regression,1.430000,1.716115,-0.286115,0.286115
Ridge Regression,2.806000,2.386448,0.419552,0.419552
Ridge Regression,3.750000,2.079327,1.670673,1.670673
Ridge Regression,1.375000,1.588620,-0.213620,0.213620
Ridge Regression,3.371000,3.223295,0.147705,0.147705
Ridge Regression,1.280000,1.370000,-0.090000,0.090000
Ridge Regression,1.854000,1.950999,-0.096999,0.096999
Ridge Regression,0.630000,0.624971,0.005029,0.005029
Ridge Regression,1.095000,2.341073,-1.246073,1.246073
Ridge Regression,4.000000,1.207458,2.792542,2.792542
Ridge Regression,1.519000,2.596428,-1.077428,1.077428
Ridge Regression,0.563000,0.626799,-0.063799,0.063799
Ridge Regression,1.025000,0.483408,0.541592,0.541592
Ridge Regression,2.250000,2.131859,0.118141,0.118141
Ridge Regression,1.455000,1.995019,-0.540019,0.540019
Ridge Regression,3.631000,2.303121,1.327879,1.327879
Ridge Regression,2.490000,1.810106,0.679894,0.679894
Ridge Regression,4.153000,3.311735,0.841265,0.841265
Ridge Regression,2.674000,2.487580,0.186420,0.186420
Ridge Regression,0.750000,1.122145,-0.372145,0.372145
Ridge Regression,2.500000,2.177405,0.322595,0.322595
Ridge Regression,1.618000,1.446903,0.171097,0.171097
Ridge Regression,0.975000,0.695698,0.279302,0.279302
Ridge Regression,1.115000,1.861818,-0.746818,0.746818
Ridge Regression,0.873000,0.883545,-0.010545,0.010545
Ridge Regression,2.729000,1.891853,0.837147,0.837147
Ridge Regression,1.244000,0.980206,0.263794,0.263794
Ridge Regression,2.287000,2.895129,-0.608129,0.608129
Ridge Regression,2.295000,2.693536,-0.398536,0.398536
Ridge Regression,1.625000,1.900548,-0.275548,0.275548
Ridge Regression,0.800000,2.111982,-1.311982,1.311982
Ridge Regression,1.188000,1.691155,-0.503155,0.503155
Ridge Regression,2.442000,3.281583,-0.839583,0.839583
Ridge Regression,1.875000,2.176979,-0.301979,0.301979
Ridge Regression,2.460000,2.324964,0.135036,0.135036
Ridge Regression,1.026000,1.345195,-0.319195,0.319195
Ridge Regression,1.167000,0.720275,0.446725,0.446725
Ridge Regression,1.375000,1.170761,0.204239,0.204239
Ridge Regression,1.719000,2.828640,-1.109640,1.109640
Ridge Regression,1.031000,1.359679,-0.328679,0.328679
Ridge Regression,2.391000,2.463859,-0.072859,0.072859
Ridge Regression,1.940000,2.465914,-0.525914,0.525914
Ridge Regression,2.199000,2.158509,0.040491,0.040491
Ridge Regression,3.800000,3.786842,0.013158,0.013158
Ridge Regression,1.557000,1.721618,-0.164618,0.164618
Ridge Regression,0.899000,0.377789,0.521211,0.521211
Ridge Regression,0.893000,1.811395,-0.918395,0.918395
Ridge Regression,0.550000,0.646316,-0.096316,0.096316
Ridge Regression,0.498000,0.972956,-0.474956,0.474956
Ridge Regression,1.464000,1.696141,-0.232141,0.232141
Ridge Regression,2.780000,3.148562,-0.368562,0.368562
Ridge Regression,2.887000,3.318205,-0.431205,0.431205
Ridge Regression,1.292000,2.193796,-0.901796,0.901796
Ridge Regression,2.216000,2.569375,-0.353375,0.353375
Ridge Regression,0.856000,2.819894,-1.963894,1.963894
Ridge Regression,1.604000,1.942189,-0.338189,0.338189
Ridge Regression,0.576000,0.597210,-0.021210,0.021210
Ridge Regression,3.485000,2.549237,0.935763,0.935763
Ridge Regression,1.994000,2.730037,-0.736037,0.736037
Ridge Regression,0.971000,1.603415,-0.632415,0.632415
Ridge Regression,0.581000,1.134248,-0.553248,0.553248
Ridge Regression,3.010000,2.652367,0.357633,0.357633
Ridge Regression,0.742000,1.415141,-0.673141,0.673141
Ridge Regression,2.494000,1.923356,0.570644,0.570644
Ridge Regression,2.670000,2.732179,-0.062179,0.062179
Ridge Regression,1.199000,1.189374,0.009626,0.009626
Ridge Regression,0.777000,0.384836,0.392164,0.392164
Ridge Regression,1.434000,1.454010,-0.020010,0.020010
Ridge Regression,0.612000,0.580034,0.031966,0.031966
Ridge Regression,2.068000,2.411804,-0.343804,0.343804
Ridge Regression,3.282000,3.014314,0.267686,0.267686
Ridge Regression,3.606000,2.677584,0.928416,0.928416
Ridge Regression,1.078000,1.691201,-0.613201,0.613201
Ridge Regression,0.515000,0.466326,0.048674,0.048674
Ridge Regression,0.675000,1.111278,-0.436278,0.436278
Ridge Regression,1.841000,1.715580,0.125420,0.125420
Ridge Regression,2.000000,1.755872,0.244128,0.244128
Ridge Regression,3.540000,1.614445,1.925555,1.925555
Ridge Regression,3.938000,2.002770,1.935230,1.935230
Ridge Regression,1.321000,2.119338,-0.798338,0.798338
Ridge Regression,3.065000,2.844279,0.220721,0.220721
Ridge Regression,1.349000,1.612790,-0.263790,0.263790
Ridge Regression,3.193000,3.094709,0.098291,0.098291
Ridge Regression,3.039000,2.641188,0.397812,0.397812
Ridge Regression,3.500000,1.574044,1.925956,1.925956
Ridge Regression,2.312000,2.445419,-0.133419,0.133419
Ridge Regression,1.313000,2.354443,-1.041443,1.041443
Ridge Regression,1.208000,1.876415,-0.668415,0.668415
Ridge Regression,1.352000,1.103764,0.248236,0.248236
Ridge Regression,0.689000,1.377200,-0.688200,0.688200
Ridge Regression,4.250000,2.665313,1.584687,1.584687
Ridge Regression,1.605000,1.743724,-0.138724,0.138724
Ridge Regression,1.510000,2.085857,-0.575857,0.575857
Ridge Regression,3.495000,3.913953,-0.418953,0.418953
Ridge Regression,0.602000,1.006435,-0.404435,0.404435
Ridge Regression,3.964000,2.936209,1.027791,1.027791
Ridge Regression,2.785000,2.371080,0.413920,0.413920
Ridge Regression,2.393000,1.077694,1.315306,1.315306
Ridge Regression,2.249000,2.199110,0.049890,0.049890
Ridge Regression,0.913000,1.404910,-0.491910,0.491910
Ridge Regression,1.114000,1.485282,-0.371282,0.371282
Ridge Regression,1.508000,1.748950,-0.240950,0.240950
Ridge Regression,0.647000,0.627529,0.019471,0.019471
Ridge Regression,3.588000,2.921150,0.666850,0.666850
Ridge Regression,2.328000,2.482594,-0.154594,0.154594
Ridge Regression,0.544000,-0.133695,0.677695,0.677695
Ridge Regression,0.982000,0.876026,0.105974,0.105974
Ridge Regression,2.258000,2.129499,0.128501,0.128501
Ridge Regression,1.161000,1.939698,-0.778698,0.778698
Ridge Regression,1.964000,1.931722,0.032278,0.032278
Ridge Regression,1.232000,0.719065,0.512935,0.512935
Ridge Regression,1.564000,2.519550,-0.955550,0.955550
Ridge Regression,1.668000,2.120207,-0.452207,0.452207
Ridge Regression,2.159000,2.131195,0.027805,0.027805
Ridge Regression,1.173000,1.600451,-0.427451,0.427451
Ridge Regression,2.432000,1.580980,0.851020,0.851020
Ridge Regression,0.729000,1.299154,-0.570154,0.570154
Ridge Regression,1.917000,2.362641,-0.445641,0.445641
Ridge Regression,0.600000,1.550007,-0.950007,0.950007
Ridge Regression,1.954000,2.260233,-0.306233,0.306233
Ridge Regression,1.116000,2.009220,-0.893220,0.893220
Ridge Regression,2.685000,2.225568,0.459432,0.459432
Ridge Regression,2.600000,2.555921,0.044079,0.044079
Ridge Regression,0.894000,0.976228,-0.082228,0.082228
Ridge Regression,2.352000,3.391451,-1.039451,1.039451
Ridge Regression,3.861000,2.059858,1.801142,1.801142
Ridge Regression,1.875000,1.527711,0.347289,0.347289
Ridge Regression,2.234000,2.033046,0.200954,0.200954
Ridge Regression,1.203000,1.951862,-0.748862,0.748862
Ridge Regression,1.358000,1.023434,0.334566,0.334566
Ridge Regression,3.074000,2.284772,0.789228,0.789228
Ridge Regression,3.268000,2.761651,0.506349,0.506349
Ridge Regression,0.703000,0.368754,0.334246,0.334246
Ridge Regression,0.682000,0.802502,-0.120502,0.120502
Ridge Regression,1.146000,0.879549,0.266451,0.266451
Ridge Regression,1.772000,2.682901,-0.910901,0.910901
Ridge Regression,0.819000,1.304208,-0.485208,0.485208
Ridge Regression,0.906000,1.742854,-0.836854,0.836854
Ridge Regression,0.568000,0.995552,-0.427552,0.427552
Ridge Regression,3.238000,2.989266,0.248734,0.248734
Ridge Regression,2.444000,1.045731,1.398269,1.398269
Ridge Regression,1.443000,1.709027,-0.266027,0.266027
Ridge Regression,1.642000,1.512074,0.129926,0.129926
Ridge Regression,2.376000,2.905815,-0.529815,0.529815
Ridge Regression,2.430000,2.558467,-0.128467,0.128467
Ridge Regression,0.833000,1.125625,-0.292625,0.292625
Ridge Regression,0.875000,2.131229,-1.256229,1.256229
Ridge Regression,1.317000,1.471074,-0.154074,0.154074
Ridge Regression,0.470000,0.414337,0.055663,0.055663
Ridge Regression,1.953000,1.919113,0.033887,0.033887
Ridge Regression,1.841000,2.174212,-0.333212,0.333212
Ridge Regression,1.288000,0.564809,0.723191,0.723191
Ridge Regression,1.182000,0.514542,0.667458,0.667458
Ridge Regression,2.128000,1.739007,0.388993,0.388993
Ridge Regression,1.413000,0.667149,0.745851,0.745851
Ridge Regression,2.271000,1.873095,0.397905,0.397905
Ridge Regression,0.808000,2.265095,-1.457095,1.457095
Ridge Regression,2.013000,2.012724,0.000276,0.000276
Ridge Regression,1.833000,1.934000,-0.101000,0.101000
Ridge Regression,1.550000,1.653790,-0.103790,0.103790
Ridge Regression,1.438000,2.030913,-0.592913,0.592913
Ridge Regression,1.375000,2.566038,-1.191038,1.191038
Ridge Regression,2.801000,1.801510,0.999490,0.999490
Ridge Regression,2.459000,2.459588,-0.000588,0.000588
Ridge Regression,2.436000,2.137148,0.298852,0.298852
Ridge Regression,1.030000,1.618109,-0.588109,0.588109
Ridge Regression,1.038000,0.980623,0.057377,0.057377
Ridge Regression,2.359000,1.828479,0.530521,0.530521
Ridge Regression,1.619000,2.303321,-0.684321,0.684321
Ridge Regression,3.944000,2.341629,1.602371,1.602371
Ridge Regression,1.458000,1.206959,0.251041,0.251041
Ridge Regression,1.848000,2.511021,-0.663021,0.663021
Ridge Regression,2.423000,2.350943,0.072057,0.072057
Ridge Regression,3.355000,2.160940,1.194060,1.194060
Ridge Regression,1.655000,1.413684,0.241316,0.241316
Ridge Regression,2.048000,3.135969,-1.087969,1.087969
Ridge Regression,1.597000,1.249683,0.347317,0.347317
Ridge Regression,1.691000,1.537326,0.153674,0.153674
Ridge Regression,4.786000,2.302511,2.483489,2.483489
Ridge Regression,2.589000,2.143531,0.445469,0.445469
Ridge Regression,3.240000,2.444105,0.795895,0.795895
Ridge Regression,1.031000,0.583414,0.447586,0.447586
Ridge Regression,1.381000,1.592959,-0.211959,0.211959
Ridge Regression,0.916000,1.309193,-0.393193,0.393193
Ridge Regression,2.289000,3.008654,-0.719654,0.719654
Ridge Regression,1.388000,1.447029,-0.059029,0.059029
Ridge Regression,2.522000,2.208577,0.313423,0.313423
Ridge Regression,4.203000,3.511754,0.691246,0.691246
Ridge Regression,2.436000,2.821080,-0.385080,0.385080
Ridge Regression,1.421000,1.825237,-0.404237,0.404237
Ridge Regression,0.675000,0.949010,-0.274010,0.274010
Ridge Regression,0.928000,1.818428,-0.890428,0.890428
Ridge Regression,1.908000,2.447406,-0.539406,0.539406
Ridge Regression,2.239000,2.034099,0.204901,0.204901
Ridge Regression,1.434000,1.877928,-0.443928,0.443928
Ridge Regression,1.327000,0.367318,0.959682,0.959682
Ridge Regression,0.990000,1.148311,-0.158311,0.158311
Ridge Regression,0.677000,0.770584,-0.093584,0.093584
Ridge Regression,2.274000,2.875402,-0.601402,0.601402
Ridge Regression,2.286000,2.431731,-0.145731,0.145731
Ridge Regression,1.358000,1.585340,-0.227340,0.227340
Ridge Regression,3.621000,3.154456,0.466544,0.466544
Ridge Regression,2.813000,2.660868,0.152132,0.152132
Ridge Regression,5.000010,5.018902,-0.018892,0.018892
Ridge Regression,0.906000,1.780669,-0.874669,0.874669
Ridge Regression,0.663000,1.183788,-0.520788,0.520788
Ridge Regression,1.502000,1.306173,0.195827,0.195827
Ridge Regression,1.703000,1.702931,0.000069,0.000069
Ridge Regression,0.993000,0.099605,0.893395,0.893395
Ridge Regression,3.229000,2.583588,0.645412,0.645412
Ridge Regression,2.132000,0.614736,1.517264,1.517264
Ridge Regression,2.170000,2.313090,-0.143090,0.143090
Ridge Regression,2.679000,1.934468,0.744532,0.744532
Ridge Regression,2.063000,1.820705,0.242295,0.242295
Ridge Regression,3.768000,2.347454,1.420546,1.420546
Ridge Regression,0.875000,0.785410,0.089590,0.089590
Ridge Regression,3.047000,2.395115,0.651885,0.651885
Ridge Regression,4.602000,2.888399,1.713601,1.713601
Ridge Regression,1.285000,1.598265,-0.313265,0.313265
Ridge Regression,2.846000,3.253860,-0.407860,0.407860
Ridge Regression,1.196000,1.525389,-0.329389,0.329389
Ridge Regression,2.086000,2.218756,-0.132756,0.132756
Ridge Regression,1.175000,2.339041,-1.164041,1.164041
Ridge Regression,0.669000,0.827122,-0.158122,0.158122
Ridge Regression,2.048000,1.791904,0.256096,0.256096
Ridge Regression,0.746000,1.252832,-0.506832,0.506832
Ridge Regression,1.091000,1.581728,-0.490728,0.490728
Ridge Regression,1.143000,1.954461,-0.811461,0.811461
Ridge Regression,3.083000,2.499903,0.583097,0.583097
Ridge Regression,1.130000,1.143636,-0.013636,0.013636
Ridge Regression,0.917000,0.634908,0.282092,0.282092
Ridge Regression,1.342000,1.592433,-0.250433,0.250433
Ridge Regression,4.250000,2.049805,2.200195,2.200195
Ridge Regression,0.539000,0.816783,-0.277783,0.277783
Ridge Regression,3.106000,2.280761,0.825239,0.825239
Ridge Regression,2.417000,2.300450,0.116550,0.116550
Ridge Regression,2.268000,2.640293,-0.372293,0.372293
Ridge Regression,1.008000,2.070993,-1.062993,1.062993
Ridge Regression,2.380000,2.153451,0.226549,0.226549
Ridge Regression,2.455000,2.021280,0.433720,0.433720
Ridge Regression,1.565000,2.340518,-0.775518,0.775518
Ridge Regression,1.156000,2.570163,-1.414163,1.414163
Ridge Regression,0.664000,1.039680,-0.375680,0.375680
Ridge Regression,0.588000,1.056614,-0.468614,0.468614
Ridge Regression,2.236000,2.159319,0.076681,0.076681
Ridge Regression,1.693000,2.206766,-0.513766,0.513766
Ridge Regression,1.667000,1.411431,0.255569,0.255569
Ridge Regression,2.250000,2.485162,-0.235162,0.235162
Ridge Regression,0.726000,0.803409,-0.077409,0.077409
Ridge Regression,1.603000,2.040581,-0.437581,0.437581
Ridge Regression,1.475000,1.492594,-0.017594,0.017594
Ridge Regression,0.912000,1.575271,-0.663271,0.663271
Ridge Regression,2.083000,1.502890,0.580110,0.580110
Ridge Regression,3.353000,2.347330,1.005670,1.005670
Ridge Regression,0.580000,0.372687,0.207313,0.207313
Ridge Regression,2.265000,1.992651,0.272349,0.272349
Ridge Regression,3.452000,3.845074,-0.393074,0.393074
Ridge Regression,1.068000,1.303264,-0.235264,0.235264
Ridge Regression,5.000010,0.851472,4.148538,4.148538
Ridge Regression,2.750000,2.401871,0.348129,0.348129
Ridge Regression,0.958000,0.970845,-0.012845,0.012845
Ridge Regression,0.972000,1.576632,-0.604632,0.604632
Ridge Regression,1.550000,1.456995,0.093005,0.093005
Ridge Regression,4.000000,3.900431,0.099569,0.099569
Ridge Regression,5.000010,1.876280,3.123730,3.123730
Ridge Regression,3.043000,3.033443,0.009557,0.009557
Ridge Regression,3.592000,3.163780,0.428220,0.428220
Ridge Regression,1.447000,1.723155,-0.276155,0.276155
Ridge Regression,3.528000,2.342586,1.185414,1.185414
Ridge Regression,3.556000,2.831889,0.724111,0.724111
Ridge Regression,0.991000,1.591949,-0.600949,0.600949
Ridge Regression,2.504000,2.293430,0.210570,0.210570
Ridge Regression,1.056000,1.311421,-0.255421,0.255421
Ridge Regression,5.000010,3.995590,1.004420,1.004420
Ridge Regression,1.620000,1.961114,-0.341114,0.341114
Ridge Regression,2.722000,2.878811,-0.156811,0.156811
Ridge Regression,2.459000,3.226014,-0.767014,0.767014
Ridge Regression,1.833000,1.864817,-0.031817,0.031817
Ridge Regression,2.207000,2.842313,-0.635313,0.635313
Ridge Regression,1.610000,2.292830,-0.682830,0.682830
Ridge Regression,3.039000,3.046893,-0.007893,0.007893
Ridge Regression,2.662000,2.264105,0.397895,0.397895
Ridge Regression,0.901000,1.244605,-0.343605,0.343605
Ridge Regression,0.875000,1.563974,-0.688974,0.688974
Ridge Regression,2.094000,1.869704,0.224296,0.224296
Ridge Regression,1.887000,1.794318,0.092682,0.092682
Ridge Regression,1.014000,1.653912,-0.639912,0.639912
Ridge Regression,3.875000,3.665641,0.209359,0.209359
Ridge Regression,3.591000,2.643952,0.947048,0.947048
Ridge Regression,3.273000,1.978628,1.294372,1.294372
Ridge Regression,2.792000,2.421585,0.370415,0.370415
Ridge Regression,2.336000,3.161573,-0.825573,0.825573
Ridge Regression,1.635000,2.730613,-1.095613,1.095613
Ridge Regression,1.242000,2.331179,-1.089179,1.089179
Ridge Regression,4.500000,2.428803,2.071197,2.071197
Ridge Regression,1.119000,1.581886,-0.462886,0.462886
Ridge Regression,0.908000,1.508780,-0.600780,0.600780
Ridge Regression,1.206000,2.631707,-1.425707,1.425707
Ridge Regression,4.838000,3.197510,1.640490,1.640490
Ridge Regression,3.667000,2.373244,1.293756,1.293756
Ridge Regression,2.010000,1.991688,0.018312,0.018312
Ridge Regression,3.336000,2.731570,0.604430,0.604430
Ridge Regression,3.625000,2.155776,1.469224,1.469224
Ridge Regression,1.701000,1.941986,-0.240986,0.240986
Ridge Regression,2.467000,2.868857,-0.401857,0.401857
Ridge Regression,1.612000,1.856158,-0.244158,0.244158
Ridge Regression,1.470000,1.005820,0.464180,0.464180
Ridge Regression,1.179000,1.861847,-0.682847,0.682847
Ridge Regression,1.113000,0.827979,0.285021,0.285021
Ridge Regression,2.665000,2.644834,0.020166,0.020166
Ridge Regression,1.135000,1.627233,-0.492233,0.492233
Ridge Regression,3.291000,2.338564,0.952436,0.952436
Ridge Regression,5.000010,2.977904,2.022106,2.022106
Ridge Regression,2.365000,1.895029,0.469971,0.469971
Ridge Regression,1.222000,1.318301,-0.096301,0.096301
Ridge Regression,0.819000,0.338502,0.480498,0.480498
Ridge Regression,3.864000,3.329590,0.534410,0.534410
Ridge Regression,1.848000,2.119389,-0.271389,0.271389
Ridge Regression,1.607000,2.806215,-1.199215,1.199215
Ridge Regression,1.016000,1.102200,-0.086200,0.086200
Ridge Regression,4.240000,3.173005,1.066995,1.066995
Ridge Regression,2.625000,2.656944,-0.031944,0.031944
Ridge Regression,3.694000,2.157066,1.536934,1.536934
Ridge Regression,1.151000,2.245675,-1.094675,1.094675
Ridge Regression,2.817000,2.199226,0.617774,0.617774
Ridge Regression,0.981000,1.669432,-0.688432,0.688432
Ridge Regression,1.311000,1.793408,-0.482408,0.482408
Ridge Regression,2.518000,2.125703,0.392297,0.392297
Ridge Regression,2.327000,2.660259,-0.333259,0.333259
Ridge Regression,1.392000,1.203801,0.188199,0.188199
Ridge Regression,0.715000,1.269871,-0.554871,0.554871
Ridge Regression,3.405000,2.834019,0.570981,0.570981
Ridge Regression,2.708000,2.188633,0.519367,0.519367
Ridge Regression,1.556000,1.601380,-0.045380,0.045380
Ridge Regression,0.892000,1.015481,-0.123481,0.123481
Ridge Regression,1.670000,2.478109,-0.808109,0.808109
Ridge Regression,1.031000,0.808853,0.222147,0.222147
Ridge Regression,1.805000,2.285633,-0.480633,0.480633
Ridge Regression,0.512000,1.078382,-0.566382,0.566382
Ridge Regression,2.046000,2.393888,-0.347888,0.347888
Ridge Regression,3.872000,2.149804,1.722196,1.722196
Ridge Regression,1.625000,1.536342,0.088658,0.088658
Ridge Regression,1.204000,1.604912,-0.400912,0.400912
Ridge Regression,1.397000,1.330129,0.066871,0.066871
Ridge Regression,0.982000,1.131514,-0.149514,0.149514
Ridge Regression,2.694000,2.935460,-0.241460,0.241460
Ridge Regression,2.691000,2.311008,0.379992,0.379992
Ridge Regression,5.000010,2.800738,2.199272,2.199272
Ridge Regression,0.496000,0.774835,-0.278835,0.278835
Ridge Regression,0.580000,0.799538,-0.219538,0.219538
Ridge Regression,0.659000,0.911430,-0.252430,0.252430
Ridge Regression,1.754000,2.320439,-0.566439,0.566439
Ridge Regression,3.918000,3.426607,0.491393,0.491393
Ridge Regression,2.808000,2.084740,0.723260,0.723260
Ridge Regression,0.907000,1.524557,-0.617557,0.617557
Ridge Regression,5.000010,5.054651,-0.054641,0.054641
Ridge Regression,0.923000,1.638964,-0.715964,0.715964
Ridge Regression,2.271000,2.755258,-0.484258,0.484258
Ridge Regression,1.625000,1.582536,0.042464,0.042464
Ridge Regression,2.909000,2.961874,-0.052874,0.052874
Ridge Regression,1.831000,1.893154,-0.062154,0.062154
Ridge Regression,2.832000,3.272444,-0.440444,0.440444
Ridge Regression,1.774000,2.729972,-0.955972,0.955972
Ridge Regression,2.387000,2.745353,-0.358353,0.358353
Ridge Regression,3.213000,2.468445,0.744555,0.744555
Ridge Regression,2.615000,2.848537,-0.233537,0.233537
Ridge Regression,0.993000,1.629419,-0.636419,0.636419
Ridge Regression,2.261000,2.496533,-0.235533,0.235533
Ridge Regression,0.517000,0.578857,-0.061857,0.061857
Ridge Regression,1.569000,1.986752,-0.417752,0.417752
Ridge Regression,1.609000,2.015774,-0.406774,0.406774
Ridge Regression,2.224000,2.212653,0.011347,0.011347
Ridge Regression,3.052000,2.770805,0.281195,0.281195
Ridge Regression,1.388000,1.999881,-0.611881,0.611881
Ridge Regression,2.307000,2.854265,-0.547265,0.547265
Ridge Regression,0.943000,1.295978,-0.352978,0.352978
Ridge Regression,0.972000,1.612660,-0.640660,0.640660
Ridge Regression,3.821000,2.771793,1.049207,1.049207
Ridge Regression,1.932000,2.560323,-0.628323,0.628323
Ridge Regression,2.095000,1.860122,0.234878,0.234878
Ridge Regression,2.314000,1.915093,0.398907,0.398907
Ridge Regression,0.893000,1.856218,-0.963218,0.963218
Ridge Regression,1.961000,2.201922,-0.240922,0.240922
Ridge Regression,1.135000,1.130190,0.004810,0.004810
Ridge Regression,1.784000,2.321250,-0.537250,0.537250
Ridge Regression,4.065000,2.422865,1.642135,1.642135
Ridge Regression,2.282000,2.319834,-0.037834,0.037834
Ridge Regression,2.348000,2.342996,0.005004,0.005004
Ridge Regression,2.313000,2.036377,0.276623,0.276623
Ridge Regression,5.000010,3.803566,1.196444,1.196444
Ridge Regression,1.841000,2.056380,-0.215380,0.215380
Ridge Regression,2.137000,2.629773,-0.492773,0.492773
Ridge Regression,5.000010,4.015950,0.984060,0.984060
Ridge Regression,1.692000,1.988092,-0.296092,0.296092
Ridge Regression,2.324000,2.655168,-0.331168,0.331168
Ridge Regression,3.517000,3.774426,-0.257426,0.257426
Ridge Regression,2.346000,2.118995,0.227005,0.227005
Ridge Regression,1.125000,2.106352,-0.981352,0.981352
Ridge Regression,1.452000,1.567854,-0.115854,0.115854
Ridge Regression,0.872000,1.053398,-0.181398,0.181398
Ridge Regression,0.535000,0.853740,-0.318740,0.318740
Ridge Regression,0.438000,1.070065,-0.632065,0.632065
Ridge Regression,0.942000,0.131727,0.810273,0.810273
Ridge Regression,2.188000,1.321822,0.866178,0.866178
Ridge Regression,1.919000,2.052783,-0.133783,0.133783
Ridge Regression,1.322000,1.793732,-0.471732,0.471732
Ridge Regression,0.468000,1.134502,-0.666502,0.666502
Ridge Regression,1.497000,2.460520,-0.963520,0.963520
Ridge Regression,1.263000,1.583641,-0.320641,0.320641
Ridge Regression,2.559000,2.664503,-0.105503,0.105503
Ridge Regression,0.945000,1.413073,-0.468073,0.468073
Ridge Regression,2.371000,2.400833,-0.029833,0.029833
Ridge Regression,5.000010,3.119634,1.880376,1.880376
Ridge Regression,0.875000,1.681055,-0.806055,0.806055
Ridge Regression,1.266000,1.064081,0.201919,0.201919
Ridge Regression,2.451000,2.616865,-0.165865,0.165865
Ridge Regression,1.574000,1.969575,-0.395575,0.395575
Ridge Regression,0.784000,0.891560,-0.107560,0.107560
Ridge Regression,2.181000,2.197635,-0.016635,0.016635
Ridge Regression,3.500000,2.242990,1.257010,1.257010
Ridge Regression,1.984000,1.922897,0.061103,0.061103
Ridge Regression,1.439000,1.624270,-0.185270,0.185270
Ridge Regression,3.379000,3.018595,0.360405,0.360405
Ridge Regression,0.763000,1.290630,-0.527630,0.527630
Ridge Regression,1.601000,2.295358,-0.694358,0.694358
Ridge Regression,1.306000,1.641476,-0.335476,0.335476
Ridge Regression,1.125000,1.356841,-0.231841,0.231841
Ridge Regression,3.292000,2.697303,0.594697,0.594697
Ridge Regression,2.333000,1.888905,0.444095,0.444095
Ridge Regression,0.992000,1.571288,-0.579288,0.579288
Ridge Regression,1.979000,1.970907,0.008093,0.008093
Ridge Regression,2.041000,3.062781,-1.021781,1.021781
Ridge Regression,3.500000,2.726563,0.773437,0.773437
Ridge Regression,0.621000,1.185859,-0.564859,0.564859
Ridge Regression,1.404000,1.346229,0.057771,0.057771
Ridge Regression,1.521000,2.286629,-0.765629,0.765629
Ridge Regression,1.305000,0.190432,1.114568,1.114568
Ridge Regression,1.951000,2.488822,-0.537822,0.537822
Ridge Regression,1.995000,2.432129,-0.437129,0.437129
Ridge Regression,1.375000,1.686478,-0.311478,0.311478
Ridge Regression,2.750000,2.119398,0.630602,0.630602
Ridge Regression,1.229000,2.242375,-1.013375,1.013375
Ridge Regression,1.090000,1.574622,-0.484622,0.484622
Ridge Regression,1.217000,1.024215,0.192785,0.192785
Ridge Regression,3.020000,3.303335,-0.283335,0.283335
Ridge Regression,2.417000,1.958996,0.458004,0.458004
Ridge Regression,1.532000,2.243935,-0.711935,0.711935
Ridge Regression,1.693000,2.689324,-0.996324,0.996324
Ridge Regression,3.585000,3.965199,-0.380199,0.380199
Ridge Regression,1.750000,1.953756,-0.203756,0.203756
Ridge Regression,1.125000,1.162671,-0.037671,0.037671
Ridge Regression,3.760000,3.638500,0.121500,0.121500
Ridge Regression,1.188000,0.750809,0.437191,0.437191
Ridge Regression,4.010000,3.232862,0.777138,0.777138
Ridge Regression,1.079000,0.948793,0.130207,0.130207
Ridge Regression,3.397000,2.456690,0.940310,0.940310
Ridge Regression,1.580000,2.114880,-0.534880,0.534880
Ridge Regression,4.688000,2.898080,1.789920,1.789920
Ridge Regression,0.631000,0.808383,-0.177383,0.177383
Ridge Regression,1.846000,2.187997,-0.341997,0.341997
Ridge Regression,1.897000,2.388437,-0.491437,0.491437
Ridge Regression,1.909000,2.110323,-0.201323,0.201323
Ridge Regression,0.675000,1.720178,-1.045178,1.045178
Ridge Regression,0.853000,1.316809,-0.463809,0.463809
Ridge Regression,1.736000,2.243155,-0.507155,0.507155
Ridge Regression,1.297000,1.606655,-0.309655,0.309655
Ridge Regression,1.810000,2.569793,-0.759793,0.759793
Ridge Regression,5.000010,6.987465,-1.987455,1.987455
Ridge Regression,3.762000,3.635638,0.126362,0.126362
Ridge Regression,2.430000,2.713624,-0.283624,0.283624
Ridge Regression,1.482000,1.466261,0.015739,0.015739
Ridge Regression,2.381000,2.962715,-0.581715,0.581715
Ridge Regression,4.500000,2.970996,1.529004,1.529004
Ridge Regression,2.400000,2.699855,-0.299855,0.299855
Ridge Regression,5.000010,1.547358,3.452652,3.452652
Ridge Regression,2.741000,2.615620,0.125380,0.125380
Ridge Regression,1.901000,2.643609,-0.742609,0.742609
Ridge Regression,2.684000,2.742082,-0.058082,0.058082
Ridge Regression,3.493000,2.170573,1.322427,1.322427
Ridge Regression,2.757000,2.474292,0.282708,0.282708
Ridge Regression,1.828000,2.002806,-0.174806,0.174806
Ridge Regression,5.000010,5.911661,-0.911651,0.911651
Ridge Regression,2.132000,2.158661,-0.026661,0.026661
Ridge Regression,1.795000,2.412492,-0.617492,0.617492
Ridge Regression,1.385000,1.363956,0.021044,0.021044
Ridge Regression,1.813000,1.488658,0.324342,0.324342
Ridge Regression,3.405000,2.143511,1.261489,1.261489
Ridge Regression,2.250000,1.945644,0.304356,0.304356
Ridge Regression,0.683000,1.032508,-0.349508,0.349508
Ridge Regression,2.379000,2.724723,-0.345723,0.345723
Ridge Regression,1.497000,1.843653,-0.346653,0.346653
Ridge Regression,1.258000,1.924143,-0.666143,0.666143
Ridge Regression,0.876000,1.777631,-0.901631,0.901631
Ridge Regression,1.250000,1.567505,-0.317505,0.317505
Ridge Regression,1.688000,1.137530,0.550470,0.550470
Ridge Regression,1.350000,2.160098,-0.810098,0.810098
Ridge Regression,0.863000,1.344112,-0.481112,0.481112
Ridge Regression,0.649000,1.083789,-0.434789,0.434789
Ridge Regression,1.063000,1.762027,-0.699027,0.699027
Ridge Regression,2.857000,3.023234,-0.166234,0.166234
Ridge Regression,2.724000,3.130198,-0.406198,0.406198
Ridge Regression,2.177000,2.788262,-0.611262,0.611262
Ridge Regression,0.918000,1.793402,-0.875402,0.875402
Ridge Regression,1.630000,2.038879,-0.408879,0.408879
Ridge Regression,1.951000,2.161157,-0.210157,0.210157
Ridge Regression,0.325000,0.841529,-0.516529,0.516529
Ridge Regression,2.753000,1.879434,0.873566,0.873566
Ridge Regression,1.369000,1.666045,-0.297045,0.297045
Ridge Regression,1.941000,2.268265,-0.327265,0.327265
Ridge Regression,2.302000,2.202653,0.099347,0.099347
Ridge Regression,1.436000,1.359292,0.076708,0.076708
Ridge Regression,0.396000,0.740381,-0.344381,0.344381
Ridge Regression,0.598000,0.377240,0.220760,0.220760
Ridge Regression,2.107000,2.452699,-0.345699,0.345699
Ridge Regression,1.563000,0.894284,0.668716,0.668716
Ridge Regression,2.156000,2.264762,-0.108762,0.108762
Ridge Regression,1.775000,1.732826,0.042174,0.042174
Ridge Regression,2.189000,2.112298,0.076702,0.076702
Ridge Regression,1.284000,1.841131,-0.557131,0.557131
Ridge Regression,1.906000,1.730775,0.175225,0.175225
Ridge Regression,3.983000,2.516255,1.466745,1.466745
Ridge Regression,3.671000,1.627738,2.043262,2.043262
Ridge Regression,1.225000,1.875984,-0.650984,0.650984
Ridge Regression,3.761000,1.599818,2.161182,2.161182
Ridge Regression,1.576000,1.641023,-0.065023,0.065023
Ridge Regression,1.781000,1.477247,0.303753,0.303753
Ridge Regression,0.724000,0.745381,-0.021381,0.021381
Ridge Regression,2.876000,2.678426,0.197574,0.197574
Ridge Regression,1.750000,1.701477,0.048523,0.048523
Ridge Regression,2.808000,2.045341,0.762659,0.762659
Ridge Regression,1.605000,2.128660,-0.523660,0.523660
Ridge Regression,1.586000,1.878632,-0.292632,0.292632
Ridge Regression,1.443000,1.529330,-0.086330,0.086330
Ridge Regression,1.363000,1.845652,-0.482652,0.482652
Ridge Regression,2.182000,2.534193,-0.352193,0.352193
Ridge Regression,4.664000,3.277963,1.386037,1.386037
Ridge Regression,3.861000,4.548359,-0.687359,0.687359
Ridge Regression,2.512000,1.879185,0.632815,0.632815
Ridge Regression,1.904000,1.763507,0.140493,0.140493
Ridge Regression,2.231000,2.354552,-0.123552,0.123552
Ridge Regression,3.610000,2.410774,1.199226,1.199226
Ridge Regression,2.750000,0.719068,2.030932,2.030932
Ridge Regression,0.708000,1.096433,-0.388433,0.388433
Ridge Regression,4.600000,2.375521,2.224479,2.224479
Ridge Regression,0.675000,1.023484,-0.348484,0.348484
Ridge Regression,2.250000,1.077359,1.172641,1.172641
Ridge Regression,1.761000,2.056752,-0.295752,0.295752
Ridge Regression,0.524000,0.668941,-0.144941,0.144941
Ridge Regression,1.676000,2.438991,-0.762991,0.762991
Ridge Regression,0.997000,1.337134,-0.340134,0.340134
Ridge Regression,0.889000,1.502383,-0.613383,0.613383
Ridge Regression,2.237000,2.333929,-0.096929,0.096929
Ridge Regression,1.805000,2.144431,-0.339431,0.339431
Ridge Regression,0.932000,1.580825,-0.648825,0.648825
Ridge Regression,1.738000,1.712277,0.025723,0.025723
Ridge Regression,4.908000,3.874787,1.033213,1.033213
Ridge Regression,1.042000,1.481880,-0.439880,0.439880
Ridge Regression,2.761000,2.268717,0.492283,0.492283
Ridge Regression,2.547000,2.506238,0.040762,0.040762
Ridge Regression,2.123000,2.761129,-0.638129,0.638129
Ridge Regression,0.875000,1.583934,-0.708934,0.708934
Ridge Regression,0.942000,1.482938,-0.540938,0.540938
Ridge Regression,1.635000,2.584436,-0.949436,0.949436
Ridge Regression,5.000010,2.398198,2.601812,2.601812
Ridge Regression,1.250000,1.682148,-0.432148,0.432148
Ridge Regression,1.823000,1.916774,-0.093774,0.093774
Ridge Regression,1.117000,1.446296,-0.329296,0.329296
Ridge Regression,1.460000,1.668083,-0.208083,0.208083
Ridge Regression,5.000010,4.015477,0.984533,0.984533
Ridge Regression,3.205000,2.838137,0.366863,0.366863
Ridge Regression,0.480000,1.012300,-0.532300,0.532300
Ridge Regression,1.688000,2.956231,-1.268231,1.268231
Ridge Regression,0.675000,0.449128,0.225872,0.225872
Ridge Regression,1.731000,1.583919,0.147081,0.147081
Ridge Regression,1.500000,1.190829,0.309171,0.309171
Ridge Regression,3.292000,2.822294,0.469706,0.469706
Ridge Regression,1.410000,1.753562,-0.343562,0.343562
Ridge Regression,3.780000,3.305577,0.474423,0.474423
Ridge Regression,0.802000,0.477695,0.324305,0.324305
Ridge Regression,2.033000,1.949532,0.083468,0.083468
Ridge Regression,3.949000,4.029803,-0.080803,0.080803
Ridge Regression,0.845000,1.189402,-0.344402,0.344402
Ridge Regression,3.273000,2.003993,1.269007,1.269007
Ridge Regression,2.012000,2.010079,0.001921,0.001921
Ridge Regression,1.625000,2.444667,-0.819667,0.819667
Ridge Regression,2.660000,3.096750,-0.436750,0.436750
Ridge Regression,2.212000,2.602470,-0.390470,0.390470
Ridge Regression,1.765000,2.127526,-0.362526,0.362526
Ridge Regression,2.063000,2.265407,-0.202407,0.202407
Ridge Regression,5.000010,3.065451,1.934559,1.934559
Ridge Regression,1.867000,2.016257,-0.149257,0.149257
Ridge Regression,1.125000,2.567836,-1.442836,1.442836
Ridge Regression,0.905000,1.196280,-0.291280,0.291280
Ridge Regression,1.908000,2.172961,-0.264961,0.264961
Ridge Regression,1.988000,1.554626,0.433374,0.433374
Ridge Regression,1.656000,1.924857,-0.268857,0.268857
Ridge Regression,5.000010,3.962012,1.037998,1.037998
Ridge Regression,1.457000,2.239506,-0.782506,0.782506
Ridge Regression,0.913000,1.238856,-0.325856,0.325856
Ridge Regression,1.404000,1.978510,-0.574510,0.574510
Ridge Regression,1.917000,1.934347,-0.017347,0.017347
Ridge Regression,0.611000,0.763378,-0.152378,0.152378
Ridge Regression,1.530000,1.585420,-0.055420,0.055420
Ridge Regression,0.855000,1.365536,-0.510536,0.510536
Ridge Regression,1.645000,0.999478,0.645522,0.645522
Ridge Regression,3.862000,3.559441,0.302559,0.302559
Ridge Regression,3.413000,3.258674,0.154326,0.154326
Ridge Regression,2.464000,2.336154,0.127846,0.127846
Ridge Regression,1.218000,1.714756,-0.496756,0.496756
Ridge Regression,1.325000,2.004374,-0.679374,0.679374
Ridge Regression,0.980000,1.710076,-0.730076,0.730076
Ridge Regression,2.414000,2.290155,0.123845,0.123845
Ridge Regression,1.713000,2.512627,-0.799627,0.799627
Ridge Regression,1.201000,1.355563,-0.154563,0.154563
Ridge Regression,5.000010,6.730372,-1.730362,1.730362
Ridge Regression,1.927000,1.643737,0.283263,0.283263
Ridge Regression,2.328000,2.203704,0.124296,0.124296
Ridge Regression,1.918000,2.190207,-0.272207,0.272207
Ridge Regression,1.963000,2.439401,-0.476401,0.476401
Ridge Regression,2.939000,2.952293,-0.013293,0.013293
Ridge Regression,0.846000,1.711025,-0.865025,0.865025
Ridge Regression,5.000010,4.059990,0.940020,0.940020
Ridge Regression,5.000010,3.815248,1.184762,1.184762
Ridge Regression,1.073000,2.143144,-1.070144,1.070144
Ridge Regression,1.500000,2.451576,-0.951576,0.951576
Ridge Regression,2.042000,2.361857,-0.319857,0.319857
Ridge Regression,2.683000,3.271789,-0.588789,0.588789
Ridge Regression,1.035000,0.663533,0.371467,0.371467
Ridge Regression,1.615000,1.771698,-0.156698,0.156698
Ridge Regression,2.224000,2.092359,0.131641,0.131641
Ridge Regression,1.669000,1.656074,0.012926,0.012926
Ridge Regression,2.292000,2.266736,0.025264,0.025264
Ridge Regression,2.059000,1.743131,0.315869,0.315869
Ridge Regression,0.955000,0.526079,0.428921,0.428921
Ridge Regression,1.625000,2.566625,-0.941625,0.941625
Ridge Regression,2.407000,2.375837,0.031163,0.031163
Ridge Regression,0.828000,1.406671,-0.578671,0.578671
Ridge Regression,2.302000,1.351381,0.950619,0.950619
Ridge Regression,1.859000,1.717747,0.141253,0.141253
Ridge Regression,1.058000,1.314945,-0.256945,0.256945
Ridge Regression,1.188000,1.415341,-0.227341,0.227341
Ridge Regression,1.944000,2.256170,-0.312170,0.312170
Ridge Regression,1.833000,2.115626,-0.282626,0.282626
Ridge Regression,2.925000,2.069907,0.855093,0.855093
Ridge Regression,1.442000,1.798281,-0.356281,0.356281
Ridge Regression,5.000010,2.426806,2.573204,2.573204
Ridge Regression,1.342000,2.197811,-0.855811,0.855811
Ridge Regression,0.528000,0.733924,-0.205924,0.205924
Ridge Regression,1.887000,2.152263,-0.265263,0.265263
Ridge Regression,2.040000,2.256308,-0.216308,0.216308
Ridge Regression,1.795000,2.008971,-0.213971,0.213971
Ridge Regression,0.989000,1.159211,-0.170211,0.170211
Ridge Regression,2.799000,2.245229,0.553771,0.553771
Ridge Regression,3.277000,2.643550,0.633450,0.633450
Ridge Regression,2.080000,1.706843,0.373157,0.373157
Ridge Regression,2.083000,2.487867,-0.404867,0.404867
Ridge Regression,1.125000,3.593777,-2.468777,2.468777
Ridge Regression,2.347000,3.072461,-0.725461,0.725461
Ridge Regression,2.145000,2.241236,-0.096236,0.096236
Ridge Regression,3.385000,3.147000,0.238000,0.238000
Ridge Regression,5.000010,7.087047,-2.087037,2.087037
Ridge Regression,2.841000,2.453635,0.387365,0.387365
Ridge Regression,5.000010,3.978292,1.021718,1.021718
Ridge Regression,1.813000,1.569583,0.243417,0.243417
Ridge Regression,1.250000,1.714170,-0.464170,0.464170
Ridge Regression,4.125000,1.935967,2.189033,2.189033
Ridge Regression,1.125000,0.912983,0.212017,0.212017
Ridge Regression,0.903000,-0.224842,1.127842,1.127842
Ridge Regression,0.960000,1.892569,-0.932569,0.932569
Ridge Regression,1.425000,1.880886,-0.455886,0.455886
Ridge Regression,2.663000,2.676182,-0.013182,0.013182
Ridge Regression,1.650000,1.695128,-0.045128,0.045128
Ridge Regression,1.180000,1.723452,-0.543452,0.543452
Ridge Regression,1.564000,2.388698,-0.824698,0.824698
Ridge Regression,4.268000,4.252267,0.015733,0.015733
Ridge Regression,3.086000,2.551545,0.534455,0.534455
Ridge Regression,2.392000,0.954208,1.437792,1.437792
Ridge Regression,1.094000,1.789230,-0.695230,0.695230
Ridge Regression,0.666000,0.854325,-0.188325,0.188325
Ridge Regression,3.685000,3.101510,0.583490,0.583490
Ridge Regression,3.305000,3.419877,-0.114877,0.114877
Ridge Regression,2.736000,2.664935,0.071065,0.071065
Ridge Regression,5.000010,4.732489,0.267521,0.267521
Ridge Regression,3.211000,3.267718,-0.056718,0.056718
Ridge Regression,2.426000,1.745954,0.680046,0.680046
Ridge Regression,2.319000,2.500716,-0.181716,0.181716
Ridge Regression,1.514000,2.516226,-1.002226,1.002226
Ridge Regression,2.278000,2.425803,-0.147803,0.147803
Ridge Regression,3.800000,3.284185,0.515815,0.515815
Ridge Regression,0.952000,1.950994,-0.998994,0.998994
Ridge Regression,1.939000,2.089589,-0.150589,0.150589
Ridge Regression,2.607000,2.404909,0.202091,0.202091
Ridge Regression,1.910000,1.580169,0.329831,0.329831
Ridge Regression,0.649000,1.112237,-0.463237,0.463237
Ridge Regression,1.283000,1.918375,-0.635375,0.635375
Ridge Regression,1.898000,2.313637,-0.415637,0.415637
Ridge Regression,1.833000,1.843932,-0.010932,0.010932
Ridge Regression,1.518000,0.293985,1.224015,1.224015
Ridge Regression,2.573000,2.016780,0.556220,0.556220
Ridge Regression,1.375000,-0.076560,1.451560,1.451560
Ridge Regression,1.250000,1.040859,0.209141,0.209141
Ridge Regression,2.181000,2.151400,0.029600,0.029600
Ridge Regression,1.681000,2.288482,-0.607482,0.607482
Ridge Regression,2.318000,1.588261,0.729739,0.729739
Ridge Regression,1.490000,1.933847,-0.443847,0.443847
Ridge Regression,1.703000,2.321224,-0.618224,0.618224
Ridge Regression,3.913000,2.800075,1.112925,1.112925
Ridge Regression,2.823000,2.492571,0.330429,0.330429
Ridge Regression,5.000010,3.726196,1.273814,1.273814
Ridge Regression,1.354000,0.944992,0.409008,0.409008
Ridge Regression,3.284000,2.498595,0.785405,0.785405
Ridge Regression,3.500000,1.754145,1.745855,1.745855
Ridge Regression,1.823000,2.074786,-0.251786,0.251786
Ridge Regression,5.000010,5.516496,-0.516486,0.516486
Ridge Regression,1.920000,1.645126,0.274874,0.274874
Ridge Regression,2.408000,2.725097,-0.317097,0.317097
Ridge Regression,1.750000,2.290781,-0.540781,0.540781
Ridge Regression,1.264000,1.572292,-0.308292,0.308292
Ridge Regression,1.259000,1.602578,-0.343578,0.343578
Ridge Regression,1.947000,2.411641,-0.464641,0.464641
Ridge Regression,3.418000,3.383005,0.034995,0.034995
Ridge Regression,2.119000,1.769895,0.349105,0.349105
Ridge Regression,1.375000,0.128629,1.246371,1.246371
Ridge Regression,2.706000,2.133918,0.572082,0.572082
Ridge Regression,1.723000,2.006091,-0.283091,0.283091
Ridge Regression,2.621000,1.892993,0.728007,0.728007
Ridge Regression,1.491000,1.736788,-0.245788,0.245788
Ridge Regression,3.391000,2.549450,0.841550,0.841550
Ridge Regression,2.486000,2.432272,0.053728,0.053728
Ridge Regression,1.287000,2.250372,-0.963372,0.963372
Ridge Regression,3.439000,2.398818,1.040182,1.040182
Ridge Regression,1.750000,1.732461,0.017539,0.017539
Ridge Regression,2.875000,2.069385,0.805615,0.805615
Ridge Regression,1.436000,2.329756,-0.893756,0.893756
Ridge Regression,3.462000,2.733255,0.728745,0.728745
Ridge Regression,2.322000,2.986337,-0.664337,0.664337
Ridge Regression,2.000000,2.324469,-0.324469,0.324469
Ridge Regression,2.415000,2.340101,0.074899,0.074899
Ridge Regression,0.675000,0.857285,-0.182285,0.182285
Ridge Regression,1.917000,0.948558,0.968442,0.968442
Ridge Regression,1.783000,2.213020,-0.430020,0.430020
Ridge Regression,1.782000,2.393158,-0.611158,0.611158
Ridge Regression,1.332000,1.611381,-0.279381,0.279381
Ridge Regression,2.738000,2.727540,0.010460,0.010460
Ridge Regression,1.522000,1.785839,-0.263839,0.263839
Ridge Regression,1.871000,2.206052,-0.335052,0.335052
Ridge Regression,1.375000,1.107752,0.267248,0.267248
Ridge Regression,1.104000,1.437635,-0.333635,0.333635
Ridge Regression,2.406000,1.672862,0.733138,0.733138
Ridge Regression,1.625000,1.726890,-0.101890,0.101890
Ridge Regression,0.838000,0.849263,-0.011263,0.011263
Ridge Regression,2.656000,2.758333,-0.102333,0.102333
Ridge Regression,2.115000,2.563313,-0.448313,0.448313
Ridge Regression,1.734000,2.370556,-0.636556,0.636556
Ridge Regression,3.100000,1.262117,1.837883,1.837883
Ridge Regression,0.995000,1.741653,-0.746653,0.746653
Ridge Regression,1.914000,2.311569,-0.397569,0.397569
Ridge Regression,2.201000,1.958756,0.242244,0.242244
Ridge Regression,1.673000,2.316093,-0.643093,0.643093
Ridge Regression,0.650000,1.073523,-0.423523,0.423523
Ridge Regression,1.418000,2.304796,-0.886796,0.886796
Ridge Regression,2.906000,2.177020,0.728980,0.728980
Ridge Regression,3.192000,2.457361,0.734639,0.734639
Ridge Regression,1.188000,1.499742,-0.311742,0.311742
Ridge Regression,2.000000,1.700272,0.299728,0.299728
Ridge Regression,2.195000,1.850753,0.344247,0.344247
Ridge Regression,2.894000,3.149998,-0.255998,0.255998
Ridge Regression,1.164000,1.691062,-0.527062,0.527062
Ridge Regression,1.623000,2.220520,-0.597520,0.597520
Ridge Regression,1.141000,1.251303,-0.110303,0.110303
Ridge Regression,0.713000,1.240503,-0.527503,0.527503
Ridge Regression,1.905000,2.329833,-0.424833,0.424833
Ridge Regression,1.973000,2.359058,-0.386058,0.386058
Ridge Regression,0.722000,0.589948,0.132052,0.132052
Ridge Regression,1.033000,2.059789,-1.026789,1.026789
Ridge Regression,1.430000,1.591316,-0.161316,0.161316
Ridge Regression,2.449000,2.081742,0.367258,0.367258
Ridge Regression,5.000010,3.529665,1.470345,1.470345
Ridge Regression,1.833000,1.764304,0.068696,0.068696
Ridge Regression,0.861000,1.967491,-1.106491,1.106491
Ridge Regression,2.184000,2.524336,-0.340336,0.340336
Ridge Regression,1.108000,1.358010,-0.250010,0.250010
Ridge Regression,2.113000,1.982945,0.130055,0.130055
Ridge Regression,3.388000,3.156926,0.231074,0.231074
Ridge Regression,1.231000,0.851055,0.379945,0.379945
Ridge Regression,2.695000,1.179131,1.515869,1.515869
Ridge Regression,3.214000,1.988124,1.225876,1.225876
Ridge Regression,0.819000,1.164288,-0.345288,0.345288
Ridge Regression,5.000010,4.694373,0.305637,0.305637
Ridge Regression,3.046000,2.671431,0.374569,0.374569
Ridge Regression,0.729000,1.014525,-0.285525,0.285525
Ridge Regression,1.580000,1.967735,-0.387735,0.387735
Ridge Regression,0.622000,1.156369,-0.534369,0.534369
Ridge Regression,1.163000,-0.542717,1.705717,1.705717
Ridge Regression,3.141000,1.517977,1.623023,1.623023
Ridge Regression,3.625000,2.780852,0.844148,0.844148
Ridge Regression,5.000010,3.892346,1.107664,1.107664
Ridge Regression,0.741000,1.679327,-0.938327,0.938327
Ridge Regression,1.500000,1.814490,-0.314490,0.314490
Ridge Regression,2.700000,2.906545,-0.206545,0.206545
Ridge Regression,1.208000,1.341439,-0.133439,0.133439
Ridge Regression,2.500000,2.890273,-0.390273,0.390273
Ridge Regression,0.722000,1.325761,-0.603761,0.603761
Ridge Regression,3.750000,2.375174,1.374826,1.374826
Ridge Regression,2.396000,2.782917,-0.386917,0.386917
Ridge Regression,1.833000,2.173169,-0.340169,0.340169
Ridge Regression,1.612000,2.468613,-0.856613,0.856613
Ridge Regression,2.510000,2.390839,0.119161,0.119161
Ridge Regression,0.455000,1.145711,-0.690711,0.690711
Ridge Regression,1.781000,2.023869,-0.242869,0.242869
Ridge Regression,2.589000,2.757569,-0.168569,0.168569
Ridge Regression,1.458000,2.106831,-0.648831,0.648831
Ridge Regression,0.847000,0.306716,0.540284,0.540284
Ridge Regression,2.167000,1.769194,0.397806,0.397806
Ridge Regression,1.304000,1.079164,0.224836,0.224836
Ridge Regression,1.585000,1.627927,-0.042927,0.042927
Ridge Regression,1.178000,0.870996,0.307004,0.307004
Ridge Regression,2.150000,2.375131,-0.225131,0.225131
Ridge Regression,2.686000,2.614789,0.071211,0.071211
Ridge Regression,1.000000,1.168459,-0.168459,0.168459
Ridge Regression,3.327000,3.979253,-0.652253,0.652253
Ridge Regression,1.867000,1.737035,0.129965,0.129965
Ridge Regression,0.530000,1.055636,-0.525636,0.525636
Ridge Regression,1.497000,2.134330,-0.637330,0.637330
Ridge Regression,3.458000,2.604895,0.853105,0.853105
Ridge Regression,1.245000,1.247520,-0.002520,0.002520
Ridge Regression,4.758000,5.031214,-0.273214,0.273214
Ridge Regression,5.000010,3.296816,1.703194,1.703194
Ridge Regression,5.000010,5.696107,-0.696097,0.696097
Ridge Regression,1.759000,2.290972,-0.531972,0.531972
Ridge Regression,1.833000,2.406506,-0.573506,0.573506
Ridge Regression,2.531000,2.937808,-0.406808,0.406808
Ridge Regression,1.178000,1.782282,-0.604282,0.604282
Ridge Regression,1.435000,1.775479,-0.340479,0.340479
Ridge Regression,5.000010,2.933059,2.066951,2.066951
Ridge Regression,1.423000,0.616335,0.806665,0.806665
Ridge Regression,1.210000,1.883299,-0.673299,0.673299
Ridge Regression,2.688000,2.404255,0.283745,0.283745
Ridge Regression,3.302000,2.901015,0.400985,0.400985
Ridge Regression,1.218000,1.808714,-0.590714,0.590714
Ridge Regression,4.169000,2.940742,1.228258,1.228258
Ridge Regression,2.667000,3.097798,-0.430798,0.430798
Ridge Regression,1.894000,1.873031,0.020969,0.020969
Ridge Regression,4.436000,3.004959,1.431041,1.431041
Ridge Regression,1.630000,1.646571,-0.016571,0.016571
Ridge Regression,3.825000,2.982378,0.842622,0.842622
Ridge Regression,1.063000,1.564973,-0.501973,0.501973
Ridge Regression,0.578000,-0.016059,0.594059,0.594059
Ridge Regression,0.575000,-0.259778,0.834778,0.834778
Ridge Regression,2.380000,2.189354,0.190646,0.190646
Ridge Regression,2.189000,2.588305,-0.399305,0.399305
Ridge Regression,1.186000,1.523453,-0.337453,0.337453
Ridge Regression,3.091000,2.905936,0.185064,0.185064
Ridge Regression,2.132000,2.304972,-0.172972,0.172972
Ridge Regression,1.802000,1.882338,-0.080338,0.080338
Ridge Regression,4.708000,2.880748,1.827252,1.827252
Ridge Regression,3.372000,1.237733,2.134267,2.134267
Ridge Regression,0.953000,1.247946,-0.294946,0.294946
Ridge Regression,1.039000,1.704885,-0.665885,0.665885
Ridge Regression,5.000010,2.411623,2.588387,2.588387
Ridge Regression,2.150000,2.050046,0.099954,0.099954
Ridge Regression,1.894000,2.169725,-0.275725,0.275725
Ridge Regression,1.714000,1.796078,-0.082078,0.082078
Ridge Regression,3.570000,2.620626,0.949374,0.949374
Ridge Regression,1.962000,2.348697,-0.386697,0.386697
Ridge Regression,0.985000,1.402463,-0.417463,0.417463
Ridge Regression,1.788000,1.997473,-0.209473,0.209473
Ridge Regression,2.266000,2.377021,-0.111021,0.111021
Ridge Regression,1.714000,1.919862,-0.205862,0.205862
Ridge Regression,2.714000,2.021339,0.692661,0.692661
Ridge Regression,2.168000,2.563358,-0.395358,0.395358
Ridge Regression,0.679000,1.687455,-1.008455,1.008455
Ridge Regression,1.713000,1.757277,-0.044277,0.044277
Ridge Regression,1.109000,1.596606,-0.487606,0.487606
Ridge Regression,3.325000,2.680890,0.644110,0.644110
Ridge Regression,1.500000,1.559149,-0.059149,0.059149
Ridge Regression,1.734000,2.576579,-0.842579,0.842579
Ridge Regression,2.375000,2.918252,-0.543252,0.543252
Ridge Regression,0.658000,1.505997,-0.847997,0.847997
Ridge Regression,1.731000,2.343249,-0.612249,0.612249
Ridge Regression,3.212000,2.487594,0.724406,0.724406
Ridge Regression,2.650000,2.361712,0.288288,0.288288
Ridge Regression,0.875000,0.396432,0.478568,0.478568
Ridge Regression,2.103000,2.676335,-0.573335,0.573335
Ridge Regression,2.478000,2.378481,0.099519,0.099519
Ridge Regression,3.757000,3.280811,0.476189,0.476189
Ridge Regression,1.137000,0.631115,0.505885,0.505885
Ridge Regression,5.000010,3.808593,1.191417,1.191417
Ridge Regression,0.456000,0.878663,-0.422663,0.422663
Ridge Regression,1.306000,0.961076,0.344924,0.344924
Ridge Regression,1.986000,2.089419,-0.103419,0.103419
Ridge Regression,4.367000,2.603964,1.763036,1.763036
Ridge Regression,0.926000,1.338361,-0.412361,0.412361
Ridge Regression,1.500000,1.699607,-0.199607,0.199607
Ridge Regression,3.599000,2.812902,0.786098,0.786098
Ridge Regression,5.000010,4.904525,0.095485,0.095485
Ridge Regression,0.938000,1.459319,-0.521319,0.521319
Ridge Regression,3.833000,3.353223,0.479777,0.479777
Ridge Regression,1.917000,1.747169,0.169831,0.169831
Ridge Regression,2.672000,2.795965,-0.123965,0.123965
Ridge Regression,2.802000,2.281303,0.520697,0.520697
Ridge Regression,0.521000,0.852545,-0.331545,0.331545
Ridge Regression,1.102000,0.745584,0.356416,0.356416
Ridge Regression,1.646000,1.387170,0.258830,0.258830
Ridge Regression,3.248000,3.393656,-0.145656,0.145656
Ridge Regression,1.227000,1.616056,-0.389056,0.389056
Ridge Regression,2.167000,1.934225,0.232775,0.232775
Ridge Regression,0.736000,1.591926,-0.855926,0.855926
Ridge Regression,2.541000,2.378327,0.162673,0.162673
Ridge Regression,1.875000,1.680003,0.194997,0.194997
Ridge Regression,1.660000,2.673105,-1.013105,1.013105
Ridge Regression,1.579000,2.031195,-0.452195,0.452195
Ridge Regression,1.938000,1.980162,-0.042162,0.042162
Ridge Regression,1.408000,1.413625,-0.005625,0.005625
Ridge Regression,0.953000,0.929280,0.023720,0.023720
Ridge Regression,2.270000,3.011197,-0.741197,0.741197
Ridge Regression,2.656000,2.606438,0.049562,0.049562
Ridge Regression,0.902000,2.011101,-1.109101,1.109101
Ridge Regression,1.832000,1.831683,0.000317,0.000317
Ridge Regression,1.846000,1.896589,-0.050589,0.050589
Ridge Regression,1.625000,1.732556,-0.107556,0.107556
Ridge Regression,1.250000,1.231608,0.018392,0.018392
Ridge Regression,0.972000,1.528795,-0.556795,0.556795
Ridge Regression,3.553000,2.019175,1.533825,1.533825
Ridge Regression,1.362000,1.787998,-0.425998,0.425998
Ridge Regression,1.250000,1.729769,-0.479769,0.479769
Ridge Regression,3.056000,3.208882,-0.152882,0.152882
Ridge Regression,1.766000,1.686399,0.079601,0.079601
Ridge Regression,3.486000,2.839836,0.646164,0.646164
Ridge Regression,2.992000,2.651814,0.340186,0.340186
Ridge Regression,0.721000,1.392714,-0.671714,0.671714
Ridge Regression,1.095000,2.025805,-0.930805,0.930805
Ridge Regression,2.811000,2.238826,0.572174,0.572174
Ridge Regression,1.563000,1.696770,-0.133770,0.133770
Ridge Regression,2.342000,2.349809,-0.007809,0.007809
Ridge Regression,0.597000,1.281271,-0.684271,0.684271
Ridge Regression,2.500000,2.808095,-0.308095,0.308095
Ridge Regression,2.033000,1.676378,0.356622,0.356622
Ridge Regression,1.731000,1.797931,-0.066931,0.066931
Ridge Regression,3.003000,2.764634,0.238366,0.238366
Ridge Regression,2.380000,2.199296,0.180704,0.180704
Ridge Regression,1.790000,2.074369,-0.284369,0.284369
Ridge Regression,1.660000,2.466150,-0.806150,0.806150
Ridge Regression,1.607000,2.109714,-0.502714,0.502714
Ridge Regression,1.475000,1.539308,-0.064308,0.064308
Ridge Regression,1.921000,1.692892,0.228108,0.228108
Ridge Regression,0.564000,0.678239,-0.114239,0.114239
Ridge Regression,3.048000,2.270627,0.777373,0.777373
Ridge Regression,4.398000,3.266043,1.131957,1.131957
Ridge Regression,1.375000,1.586254,-0.211254,0.211254
Ridge Regression,1.375000,1.473420,-0.098420,0.098420
Ridge Regression,1.346000,1.604287,-0.258287,0.258287
Ridge Regression,2.625000,2.557321,0.067679,0.067679
Ridge Regression,0.834000,1.184683,-0.350683,0.350683
Ridge Regression,1.135000,0.930599,0.204401,0.204401
Ridge Regression,0.714000,1.550275,-0.836275,0.836275
Ridge Regression,2.045000,2.314364,-0.269364,0.269364
Ridge Regression,2.824000,3.014530,-0.190530,0.190530
Ridge Regression,1.457000,2.035066,-0.578066,0.578066
Ridge Regression,2.647000,3.140996,-0.493996,0.493996
Ridge Regression,2.750000,1.817966,0.932034,0.932034
Ridge Regression,1.716000,1.709248,0.006752,0.006752
Ridge Regression,2.167000,1.578486,0.588514,0.588514
Ridge Regression,1.807000,1.890345,-0.083345,0.083345
Ridge Regression,2.125000,0.009243,2.115757,2.115757
Ridge Regression,1.677000,1.986551,-0.309551,0.309551
Ridge Regression,0.425000,0.970089,-0.545089,0.545089
Ridge Regression,2.384000,2.083920,0.300080,0.300080
Ridge Regression,1.440000,0.539604,0.900396,0.900396
Ridge Regression,0.436000,0.931443,-0.495443,0.495443
Ridge Regression,3.635000,2.462464,1.172536,1.172536
Ridge Regression,1.862000,2.271986,-0.409986,0.409986
Ridge Regression,0.675000,0.625458,0.049542,0.049542
Ridge Regression,1.596000,2.613068,-1.017068,1.017068
Ridge Regression,1.956000,1.652088,0.303912,0.303912
Ridge Regression,1.548000,2.104172,-0.556172,0.556172
Ridge Regression,4.507000,3.951249,0.555751,0.555751
Ridge Regression,0.699000,0.906591,-0.207591,0.207591
Ridge Regression,1.322000,1.775473,-0.453473,0.453473
Ridge Regression,3.280000,3.621265,-0.341265,0.341265
Ridge Regression,2.728000,2.737132,-0.009132,0.009132
Ridge Regression,0.663000,1.007054,-0.344054,0.344054
Ridge Regression,1.293000,1.404354,-0.111354,0.111354
Ridge Regression,0.771000,0.646364,0.124636,0.124636
Ridge Regression,1.555000,1.822532,-0.267532,0.267532
Ridge Regression,1.260000,1.579507,-0.319507,0.319507
Ridge Regression,2.403000,1.981751,0.421249,0.421249
Ridge Regression,1.330000,1.468843,-0.138843,0.138843
Ridge Regression,0.949000,1.149149,-0.200149,0.200149
Ridge Regression,2.039000,2.165312,-0.126312,0.126312
Ridge Regression,0.610000,0.662771,-0.052771,0.052771
Ridge Regression,1.392000,1.626004,-0.234004,0.234004
Ridge Regression,2.292000,1.632232,0.659768,0.659768
Ridge Regression,2.606000,2.992434,-0.386434,0.386434
Ridge Regression,2.511000,1.940854,0.570146,0.570146
Ridge Regression,3.276000,2.700332,0.575668,0.575668
Ridge Regression,1.679000,2.398210,-0.719210,0.719210
Ridge Regression,2.120000,2.189973,-0.069973,0.069973
Ridge Regression,2.333000,2.347719,-0.014719,0.014719
Ridge Regression,2.554000,2.710132,-0.156132,0.156132
Ridge Regression,0.675000,1.281822,-0.606822,0.606822
Ridge Regression,1.620000,2.124182,-0.504182,0.504182
Ridge Regression,1.172000,1.847499,-0.675499,0.675499
Ridge Regression,1.097000,0.682284,0.414716,0.414716
Ridge Regression,2.750000,1.241614,1.508386,1.508386
Ridge Regression,1.118000,0.449559,0.668441,0.668441
Ridge Regression,1.660000,2.172659,-0.512659,0.512659
Ridge Regression,0.927000,0.960065,-0.033065,0.033065
Ridge Regression,1.860000,2.590466,-0.730466,0.730466
Ridge Regression,0.973000,1.482330,-0.509330,0.509330
Ridge Regression,2.413000,2.915757,-0.502757,0.502757
Ridge Regression,2.585000,2.837749,-0.252749,0.252749
Ridge Regression,1.382000,2.177117,-0.795117,0.795117
Ridge Regression,1.961000,2.618864,-0.657864,0.657864
Ridge Regression,4.192000,4.254965,-0.062965,0.062965
Ridge Regression,1.388000,2.060065,-0.672065,0.672065
Ridge Regression,3.766000,3.295064,0.470936,0.470936
Ridge Regression,1.651000,2.395257,-0.744257,0.744257
Ridge Regression,1.818000,1.539173,0.278827,0.278827
Ridge Regression,2.118000,2.029592,0.088408,0.088408
Ridge Regression,1.125000,2.107555,-0.982555,0.982555
Ridge Regression,1.443000,2.044376,-0.601376,0.601376
Ridge Regression,2.220000,2.563552,-0.343552,0.343552
Ridge Regression,0.536000,0.470070,0.065930,0.065930
Ridge Regression,1.308000,2.234244,-0.926244,0.926244
Ridge Regression,2.276000,2.592786,-0.316786,0.316786
Ridge Regression,2.750000,2.462847,0.287153,0.287153
Ridge Regression,1.919000,2.008304,-0.089304,0.089304
Ridge Regression,0.641000,1.117903,-0.476903,0.476903
Ridge Regression,0.681000,1.160705,-0.479705,0.479705
Ridge Regression,2.552000,2.350388,0.201612,0.201612
Ridge Regression,2.441000,2.943243,-0.502243,0.502243
Ridge Regression,3.370000,2.334929,1.035071,1.035071
Ridge Regression,2.083000,1.253549,0.829451,0.829451
Ridge Regression,5.000010,4.204379,0.795631,0.795631
Ridge Regression,1.721000,1.796153,-0.075153,0.075153
Ridge Regression,1.289000,0.939684,0.349316,0.349316
Ridge Regression,1.449000,1.541648,-0.092648,0.092648
Ridge Regression,0.720000,0.602336,0.117664,0.117664
Ridge Regression,1.429000,1.925469,-0.496469,0.496469
Ridge Regression,4.361000,2.755817,1.605183,1.605183
Ridge Regression,2.042000,1.967775,0.074225,0.074225
Ridge Regression,1.957000,2.637273,-0.680273,0.680273
Ridge Regression,0.905000,1.152153,-0.247153,0.247153
Ridge Regression,2.361000,1.636297,0.724703,0.724703
Ridge Regression,1.869000,1.857814,0.011186,0.011186
Ridge Regression,1.625000,1.752869,-0.127869,0.127869
Ridge Regression,1.125000,1.406717,-0.281717,0.281717
Ridge Regression,0.580000,1.279045,-0.699045,0.699045
Ridge Regression,3.074000,3.290541,-0.216541,0.216541
Ridge Regression,3.538000,2.692322,0.845678,0.845678
Ridge Regression,2.909000,2.666547,0.242453,0.242453
Ridge Regression,3.586000,2.754741,0.831259,0.831259
Ridge Regression,2.462000,2.304238,0.157762,0.157762
Ridge Regression,0.721000,1.593690,-0.872690,0.872690
Ridge Regression,1.075000,1.635945,-0.560945,0.560945
Ridge Regression,0.786000,1.138222,-0.352222,0.352222
Ridge Regression,1.876000,2.528478,-0.652478,0.652478
Ridge Regression,0.979000,0.858852,0.120148,0.120148
Ridge Regression,1.866000,2.211969,-0.345969,0.345969
Ridge Regression,1.969000,1.842228,0.126772,0.126772
Ridge Regression,1.115000,1.313190,-0.198190,0.198190
Ridge Regression,1.563000,2.357179,-0.794179,0.794179
Ridge Regression,2.182000,2.760211,-0.578211,0.578211
Ridge Regression,2.935000,4.216799,-1.281799,1.281799
Ridge Regression,0.590000,1.450508,-0.860508,0.860508
Ridge Regression,1.628000,1.690289,-0.062289,0.062289
Ridge Regression,1.029000,1.378187,-0.349187,0.349187
Ridge Regression,0.543000,0.961010,-0.418010,0.418010
Ridge Regression,1.663000,1.660087,0.002913,0.002913
Ridge Regression,1.525000,1.628508,-0.103508,0.103508
Ridge Regression,1.426000,1.800018,-0.374018,0.374018
Ridge Regression,1.500000,1.742330,-0.242330,0.242330
Ridge Regression,0.844000,0.981250,-0.137250,0.137250
Ridge Regression,2.100000,1.466454,0.633546,0.633546
Ridge Regression,1.375000,1.702087,-0.327087,0.327087
Ridge Regression,3.500000,2.450646,1.049354,1.049354
Ridge Regression,1.719000,0.565724,1.153276,1.153276
Ridge Regression,1.431000,1.865646,-0.434646,0.434646
Ridge Regression,4.523000,3.086760,1.436240,1.436240
Ridge Regression,1.760000,2.051052,-0.291052,0.291052
Ridge Regression,1.127000,1.339823,-0.212823,0.212823
Ridge Regression,0.684000,1.207549,-0.523549,0.523549
Ridge Regression,1.907000,2.193349,-0.286349,0.286349
Ridge Regression,3.318000,3.905582,-0.587582,0.587582
Ridge Regression,1.840000,2.250282,-0.410282,0.410282
Ridge Regression,1.625000,1.083306,0.541694,0.541694
Ridge Regression,1.294000,2.053265,-0.759265,0.759265
Ridge Regression,1.728000,2.039582,-0.311582,0.311582
Ridge Regression,1.911000,2.196013,-0.285013,0.285013
Ridge Regression,2.949000,3.100467,-0.151467,0.151467
Ridge Regression,1.886000,2.117240,-0.231240,0.231240
Ridge Regression,0.638000,0.812944,-0.174944,0.174944
Ridge Regression,4.661000,4.068695,0.592305,0.592305
Ridge Regression,1.868000,2.066871,-0.198871,0.198871
Ridge Regression,1.393000,2.122684,-0.729684,0.729684
Ridge Regression,3.303000,2.323213,0.979787,0.979787
Ridge Regression,2.848000,2.659233,0.188767,0.188767
Ridge Regression,1.988000,2.142214,-0.154214,0.154214
Ridge Regression,0.693000,0.835121,-0.142121,0.142121
Ridge Regression,1.455000,1.635161,-0.180161,0.180161
Ridge Regression,1.662000,2.148403,-0.486403,0.486403
Ridge Regression,2.738000,2.412400,0.325600,0.325600
Ridge Regression,1.490000,1.556247,-0.066247,0.066247
Ridge Regression,2.154000,2.780561,-0.626561,0.626561
Ridge Regression,2.878000,3.161134,-0.283134,0.283134
Ridge Regression,4.063000,2.842304,1.220696,1.220696
Ridge Regression,1.603000,1.864977,-0.261977,0.261977
Ridge Regression,2.400000,2.734248,-0.334248,0.334248
Ridge Regression,0.609000,1.269910,-0.660910,0.660910
Ridge Regression,1.423000,1.758401,-0.335401,0.335401
Ridge Regression,0.848000,0.897462,-0.049462,0.049462
Ridge Regression,2.054000,2.670465,-0.616465,0.616465
Ridge Regression,3.968000,2.559548,1.408452,1.408452
Ridge Regression,1.354000,1.558370,-0.204370,0.204370
Ridge Regression,1.154000,1.798265,-0.644265,0.644265
Ridge Regression,1.625000,2.120714,-0.495714,0.495714
Ridge Regression,4.250000,1.886627,2.363373,2.363373
Ridge Regression,1.143000,1.453156,-0.310156,0.310156
Ridge Regression,5.000010,5.394968,-0.394958,0.394958
Ridge Regression,5.000010,3.894708,1.105302,1.105302
Ridge Regression,0.487000,0.764991,-0.277991,0.277991
Ridge Regression,2.947000,2.723454,0.223546,0.223546
Ridge Regression,3.005000,1.990415,1.014585,1.014585
Ridge Regression,3.432000,2.150164,1.281836,1.281836
Ridge Regression,0.920000,1.414253,-0.494253,0.494253
Ridge Regression,2.781000,2.920400,-0.139400,0.139400
Ridge Regression,3.809000,3.339554,0.469446,0.469446
Ridge Regression,3.398000,2.217411,1.180589,1.180589
Ridge Regression,0.968000,1.469899,-0.501899,0.501899
Ridge Regression,2.700000,1.848179,0.851821,0.851821
Ridge Regression,1.900000,2.390761,-0.490761,0.490761
Ridge Regression,1.813000,1.662528,0.150472,0.150472
Ridge Regression,1.006000,1.539463,-0.533463,0.533463
Ridge Regression,1.708000,1.441861,0.266139,0.266139
Ridge Regression,1.527000,1.907728,-0.380728,0.380728
Ridge Regression,3.536000,2.302665,1.233335,1.233335
Ridge Regression,2.000000,1.488990,0.511010,0.511010
Ridge Regression,2.134000,2.347541,-0.213541,0.213541
Ridge Regression,1.531000,2.027615,-0.496615,0.496615
Ridge Regression,3.797000,2.224647,1.572353,1.572353
Ridge Regression,2.750000,2.138172,0.611828,0.611828
Ridge Regression,0.786000,2.075118,-1.289118,1.289118
Ridge Regression,1.883000,2.711427,-0.828427,0.828427
Ridge Regression,1.380000,1.821638,-0.441638,0.441638
Ridge Regression,5.000010,4.352942,0.647068,0.647068
Ridge Regression,1.974000,1.881812,0.092188,0.092188
Ridge Regression,2.446000,2.487640,-0.041640,0.041640
Ridge Regression,1.653000,2.462441,-0.809441,0.809441
Ridge Regression,3.004000,3.043971,-0.039971,0.039971
Ridge Regression,0.882000,1.298613,-0.416613,0.416613
Ridge Regression,5.000010,4.918264,0.081746,0.081746
Ridge Regression,1.631000,1.803993,-0.172993,0.172993
Ridge Regression,1.919000,2.672849,-0.753849,0.753849
Ridge Regression,3.553000,3.208358,0.344642,0.344642
Ridge Regression,4.303000,3.016662,1.286338,1.286338
Ridge Regression,0.427000,0.725591,-0.298591,0.298591
Ridge Regression,3.781000,3.350651,0.430349,0.430349
Ridge Regression,2.640000,2.186104,0.453896,0.453896
Ridge Regression,1.119000,2.373704,-1.254704,1.254704
Ridge Regression,2.245000,2.214480,0.030520,0.030520
Ridge Regression,1.250000,2.022274,-0.772274,0.772274
Ridge Regression,0.641000,0.047966,0.593034,0.593034
Ridge Regression,0.884000,0.711648,0.172352,0.172352
Ridge Regression,3.892000,2.480842,1.411158,1.411158
Ridge Regression,1.938000,0.742808,1.195192,1.195192
Ridge Regression,5.000010,2.383472,2.616538,2.616538
Ridge Regression,1.875000,4.271654,-2.396654,2.396654
Ridge Regression,2.103000,2.446378,-0.343378,0.343378
Ridge Regression,2.128000,2.310962,-0.182962,0.182962
Ridge Regression,1.775000,1.636279,0.138721,0.138721
Ridge Regression,1.813000,1.059296,0.753704,0.753704
Ridge Regression,1.595000,2.158252,-0.563252,0.563252
Ridge Regression,1.775000,2.042933,-0.267933,0.267933
Ridge Regression,1.161000,1.303471,-0.142471,0.142471
Ridge Regression,5.000010,2.676727,2.323283,2.323283
Ridge Regression,1.625000,1.605164,0.019836,0.019836
Ridge Regression,1.355000,1.834282,-0.479282,0.479282
Ridge Regression,0.996000,1.890430,-0.894430,0.894430
Ridge Regression,1.185000,1.575645,-0.390645,0.390645
Ridge Regression,1.569000,1.325324,0.243676,0.243676
Ridge Regression,1.472000,1.767741,-0.295741,0.295741
Ridge Regression,0.858000,0.790304,0.067696,0.067696
Ridge Regression,5.000010,2.128243,2.871767,2.871767
Ridge Regression,1.709000,1.639290,0.069710,0.069710
Ridge Regression,2.579000,3.185352,-0.606352,0.606352
Ridge Regression,1.643000,2.123118,-0.480118,0.480118
Ridge Regression,4.389000,2.396045,1.992955,1.992955
Ridge Regression,0.980000,1.567359,-0.587359,0.587359
Ridge Regression,2.887000,2.953666,-0.066666,0.066666
Ridge Regression,2.032000,2.200870,-0.168870,0.168870
Ridge Regression,2.836000,2.396546,0.439454,0.439454
Ridge Regression,1.625000,2.243448,-0.618448,0.618448
Ridge Regression,0.953000,1.670681,-0.717681,0.717681
Ridge Regression,1.617000,2.100082,-0.483082,0.483082
Ridge Regression,1.875000,1.752989,0.122011,0.122011
Ridge Regression,1.580000,1.656014,-0.076014,0.076014
Ridge Regression,4.561000,2.783338,1.777662,1.777662
Ridge Regression,1.029000,1.800830,-0.771830,0.771830
Ridge Regression,1.654000,2.204145,-0.550145,0.550145
Ridge Regression,0.544000,0.700416,-0.156416,0.156416
Ridge Regression,1.472000,1.670028,-0.198028,0.198028
Ridge Regression,0.950000,1.460446,-0.510446,0.510446
Ridge Regression,1.430000,2.013541,-0.583541,0.583541
Ridge Regression,0.972000,1.019129,-0.047129,0.047129
Ridge Regression,1.129000,1.418233,-0.289233,0.289233
Ridge Regression,1.733000,2.148380,-0.415380,0.415380
Ridge Regression,3.931000,3.158143,0.772857,0.772857
Ridge Regression,0.630000,0.600765,0.029235,0.029235
Ridge Regression,2.973000,2.755084,0.217916,0.217916
Ridge Regression,2.421000,1.935957,0.485043,0.485043
Ridge Regression,2.939000,3.103669,-0.164669,0.164669
Ridge Regression,1.131000,1.696383,-0.565383,0.565383
Ridge Regression,1.372000,1.563093,-0.191093,0.191093
Ridge Regression,2.971000,1.789783,1.181217,1.181217
Ridge Regression,2.435000,2.563368,-0.128368,0.128368
Ridge Regression,0.988000,0.275192,0.712808,0.712808
Ridge Regression,2.448000,2.516983,-0.068983,0.068983
Ridge Regression,3.278000,2.731898,0.546102,0.546102
Ridge Regression,4.375000,2.837732,1.537268,1.537268
Ridge Regression,1.635000,1.828623,-0.193623,0.193623
Ridge Regression,1.024000,2.035356,-1.011356,1.011356
Ridge Regression,1.122000,1.396865,-0.274865,0.274865
Ridge Regression,1.659000,2.733061,-1.074061,1.074061
Ridge Regression,2.500000,2.286978,0.213022,0.213022
Ridge Regression,1.581000,1.978742,-0.397742,0.397742
Ridge Regression,0.875000,0.517451,0.357549,0.357549
Ridge Regression,1.350000,1.579721,-0.229721,0.229721
Ridge Regression,0.795000,1.040229,-0.245229,0.245229
Ridge Regression,1.621000,1.219669,0.401331,0.401331
Ridge Regression,2.284000,1.689394,0.594606,0.594606
Ridge Regression,1.406000,1.602758,-0.196758,0.196758
Ridge Regression,0.713000,1.375968,-0.662968,0.662968
Ridge Regression,2.663000,2.813786,-0.150786,0.150786
Ridge Regression,0.813000,0.521114,0.291886,0.291886
Ridge Regression,1.850000,2.554471,-0.704471,0.704471
Ridge Regression,3.293000,3.755667,-0.462667,0.462667
Ridge Regression,1.688000,1.630344,0.057656,0.057656
Ridge Regression,1.104000,2.172785,-1.068785,1.068785
Ridge Regression,5.000010,2.541134,2.458876,2.458876
Ridge Regression,0.857000,1.299902,-0.442902,0.442902
Ridge Regression,0.633000,0.564642,0.068358,0.068358
Ridge Regression,5.000010,4.954074,0.045936,0.045936
Ridge Regression,1.838000,1.642603,0.195397,0.195397
Ridge Regression,1.507000,1.591108,-0.084108,0.084108
Ridge Regression,2.429000,2.798241,-0.369241,0.369241
Ridge Regression,3.267000,2.951766,0.315234,0.315234
Ridge Regression,2.204000,2.214763,-0.010763,0.010763
Ridge Regression,2.407000,2.604380,-0.197380,0.197380
Ridge Regression,5.000010,5.637961,-0.637951,0.637951
Ridge Regression,0.984000,1.573711,-0.589711,0.589711
Ridge Regression,1.669000,1.922441,-0.253441,0.253441
Ridge Regression,2.054000,2.628773,-0.574773,0.574773
Ridge Regression,0.901000,1.209675,-0.308675,0.308675
Ridge Regression,1.898000,1.828875,0.069125,0.069125
Ridge Regression,1.625000,-0.009979,1.634979,1.634979
Ridge Regression,3.337000,2.104613,1.232387,1.232387
Ridge Regression,0.851000,1.453403,-0.602403,0.602403
Ridge Regression,1.344000,1.462603,-0.118603,0.118603
Ridge Regression,1.446000,1.770291,-0.324291,0.324291
Ridge Regression,2.150000,1.794173,0.355827,0.355827
Ridge Regression,0.975000,1.770690,-0.795690,0.795690
Ridge Regression,2.100000,2.244075,-0.144075,0.144075
Ridge Regression,3.120000,3.211382,-0.091382,0.091382
Ridge Regression,3.000000,2.279727,0.720273,0.720273
Ridge Regression,2.024000,2.397243,-0.373243,0.373243
Ridge Regression,2.541000,3.234154,-0.693154,0.693154
Ridge Regression,1.160000,1.544326,-0.384326,0.384326
Ridge Regression,1.670000,1.692895,-0.022895,0.022895
Ridge Regression,3.969000,3.282923,0.686077,0.686077
Ridge Regression,2.270000,1.712853,0.557147,0.557147
Ridge Regression,5.000010,2.811526,2.188484,2.188484
Ridge Regression,5.000010,4.712325,0.287685,0.287685
Ridge Regression,1.990000,1.783990,0.206010,0.206010
Ridge Regression,3.691000,3.625284,0.065716,0.065716
Ridge Regression,0.225000,1.417689,-1.192689,1.192689
Ridge Regression,0.957000,1.245325,-0.288325,0.288325
Ridge Regression,3.659000,4.053463,-0.394463,0.394463
Ridge Regression,2.158000,2.287098,-0.129098,0.129098
Ridge Regression,2.055000,1.923927,0.131073,0.131073
Ridge Regression,5.000010,3.347653,1.652357,1.652357
Ridge Regression,2.508000,2.136183,0.371817,0.371817
Ridge Regression,3.636000,3.592902,0.043098,0.043098
Ridge Regression,2.942000,2.763400,0.178600,0.178600
Ridge Regression,1.714000,1.579401,0.134599,0.134599
Ridge Regression,2.613000,2.659701,-0.046701,0.046701
Ridge Regression,1.149000,1.214398,-0.065398,0.065398
Ridge Regression,2.584000,2.202478,0.381522,0.381522
Ridge Regression,1.063000,1.234739,-0.171739,0.171739
Ridge Regression,0.989000,1.441429,-0.452429,0.452429
Ridge Regression,2.420000,2.335076,0.084924,0.084924
Ridge Regression,1.461000,1.657485,-0.196485,0.196485
Ridge Regression,1.546000,2.059659,-0.513659,0.513659
Ridge Regression,1.975000,1.703064,0.271936,0.271936
Ridge Regression,2.896000,2.727606,0.168394,0.168394
Ridge Regression,3.257000,2.330342,0.926658,0.926658
Ridge Regression,0.533000,1.039873,-0.506873,0.506873
Ridge Regression,0.878000,1.239099,-0.361099,0.361099
Ridge Regression,1.783000,1.652261,0.130739,0.130739
Ridge Regression,1.971000,2.617744,-0.646744,0.646744
Ridge Regression,1.234000,1.899138,-0.665138,0.665138
Ridge Regression,2.929000,2.763399,0.165601,0.165601
Ridge Regression,1.098000,1.838185,-0.740185,0.740185
Ridge Regression,1.242000,2.158453,-0.916453,0.916453
Ridge Regression,0.573000,1.108533,-0.535533,0.535533
Ridge Regression,4.047000,3.269212,0.777788,0.777788
Ridge Regression,1.875000,1.819443,0.055557,0.055557
Ridge Regression,0.637000,0.578787,0.058213,0.058213
Ridge Regression,1.012000,1.636014,-0.624014,0.624014
Ridge Regression,5.000000,3.174034,1.825966,1.825966
Ridge Regression,0.455000,0.421782,0.033218,0.033218
Ridge Regression,4.635000,3.131598,1.503402,1.503402
Ridge Regression,1.813000,2.700970,-0.887970,0.887970
Ridge Regression,3.074000,2.004326,1.069674,1.069674
Ridge Regression,3.718000,4.270825,-0.552825,0.552825
Ridge Regression,0.560000,1.275148,-0.715148,0.715148
Ridge Regression,2.893000,2.269649,0.623351,0.623351
Ridge Regression,1.282000,1.520783,-0.238783,0.238783
Ridge Regression,2.714000,2.607156,0.106844,0.106844
Ridge Regression,1.821000,2.542518,-0.721518,0.721518
Ridge Regression,2.194000,2.904199,-0.710199,0.710199
Ridge Regression,0.784000,1.206069,-0.422069,0.422069
Ridge Regression,0.961000,0.963068,-0.002068,0.002068
Ridge Regression,3.947000,3.480739,0.466261,0.466261
Ridge Regression,2.225000,2.610373,-0.385373,0.385373
Ridge Regression,0.875000,1.227007,-0.352007,0.352007
Ridge Regression,1.375000,2.116086,-0.741086,0.741086
Ridge Regression,2.461000,2.013021,0.447979,0.447979
Ridge Regression,1.757000,2.254515,-0.497515,0.497515
Ridge Regression,1.641000,1.801309,-0.160309,0.160309
Ridge Regression,1.328000,1.631469,-0.303469,0.303469
Ridge Regression,1.292000,0.996588,0.295412,0.295412
Ridge Regression,2.241000,2.125210,0.115790,0.115790
Ridge Regression,1.039000,1.129682,-0.090682,0.090682
Ridge Regression,1.128000,0.987988,0.140012,0.140012
Ridge Regression,2.438000,1.648899,0.789101,0.789101
Ridge Regression,0.886000,1.108111,-0.222111,0.222111
Ridge Regression,1.861000,2.862941,-1.001941,1.001941
Ridge Regression,1.861000,0.929305,0.931695,0.931695
Ridge Regression,1.609000,1.501325,0.107675,0.107675
Ridge Regression,1.492000,1.507266,-0.015266,0.015266
Ridge Regression,0.764000,0.207362,0.556638,0.556638
Ridge Regression,5.000010,3.166458,1.833552,1.833552
Ridge Regression,0.956000,0.991165,-0.035165,0.035165
Ridge Regression,2.375000,2.401657,-0.026657,0.026657
Ridge Regression,4.183000,3.304582,0.878418,0.878418
Ridge Regression,1.975000,2.412561,-0.437561,0.437561
Ridge Regression,0.664000,0.714052,-0.050052,0.050052
Ridge Regression,2.690000,3.428782,-0.738782,0.738782
Ridge Regression,2.190000,2.085327,0.104673,0.104673
Ridge Regression,1.569000,2.011428,-0.442428,0.442428
Ridge Regression,1.342000,2.162497,-0.820497,0.820497
Ridge Regression,2.042000,1.907124,0.134876,0.134876
Ridge Regression,2.188000,2.289679,-0.101679,0.101679
Ridge Regression,1.818000,2.493935,-0.675935,0.675935
Ridge Regression,1.685000,1.999243,-0.314243,0.314243
Ridge Regression,2.992000,2.387046,0.604954,0.604954
Ridge Regression,1.660000,1.527856,0.132144,0.132144
Ridge Regression,1.935000,1.938712,-0.003712,0.003712
Ridge Regression,2.125000,1.738154,0.386846,0.386846
Ridge Regression,3.862000,2.566513,1.295487,1.295487
Ridge Regression,2.684000,2.157374,0.526626,0.526626
Ridge Regression,1.281000,2.062631,-0.781631,0.781631
Ridge Regression,2.712000,3.037523,-0.325523,0.325523
Ridge Regression,0.884000,1.476517,-0.592517,0.592517
Ridge Regression,1.015000,1.067952,-0.052952,0.052952
Ridge Regression,4.955000,2.821823,2.133177,2.133177
Ridge Regression,1.673000,1.300919,0.372081,0.372081
Ridge Regression,1.413000,0.428457,0.984543,0.984543
Ridge Regression,5.000010,4.950480,0.049530,0.049530
Ridge Regression,3.213000,3.202269,0.010731,0.010731
Ridge Regression,0.821000,0.930979,-0.109979,0.109979
Ridge Regression,0.929000,1.397411,-0.468411,0.468411
Ridge Regression,1.680000,2.060652,-0.380652,0.380652
Ridge Regression,1.350000,1.770805,-0.420805,0.420805
Ridge Regression,2.431000,2.207181,0.223819,0.223819
Ridge Regression,1.571000,2.149704,-0.578704,0.578704
Ridge Regression,0.979000,0.438933,0.540067,0.540067
Ridge Regression,1.777000,2.185798,-0.408798,0.408798
Ridge Regression,1.318000,1.323492,-0.005492,0.005492
Ridge Regression,2.688000,2.229935,0.458065,0.458065
Ridge Regression,3.143000,1.690875,1.452125,1.452125
Ridge Regression,1.836000,2.450948,-0.614948,0.614948
Ridge Regression,1.000000,0.661718,0.338282,0.338282
Ridge Regression,2.322000,2.618132,-0.296132,0.296132
Ridge Regression,1.381000,1.698691,-0.317691,0.317691
Ridge Regression,1.625000,1.638310,-0.013310,0.013310
Ridge Regression,4.573000,2.856192,1.716808,1.716808
Ridge Regression,1.392000,1.830279,-0.438279,0.438279
Ridge Regression,2.445000,2.291623,0.153377,0.153377
Ridge Regression,0.616000,1.001310,-0.385310,0.385310
Ridge Regression,2.370000,2.024773,0.345227,0.345227
Ridge Regression,1.125000,0.894971,0.230029,0.230029
Ridge Regression,1.223000,1.116652,0.106348,0.106348
Ridge Regression,5.000010,2.620547,2.379463,2.379463
Ridge Regression,1.101000,1.029494,0.071506,0.071506
Ridge Regression,3.009000,2.979854,0.029146,0.029146
Ridge Regression,1.675000,1.442192,0.232808,0.232808
Ridge Regression,2.464000,2.261946,0.202054,0.202054
Ridge Regression,2.793000,3.671380,-0.878380,0.878380
Ridge Regression,4.140000,2.360707,1.779293,1.779293
Ridge Regression,0.587000,0.928278,-0.341278,0.341278
Ridge Regression,2.949000,3.299249,-0.350249,0.350249
Ridge Regression,3.652000,2.742087,0.909913,0.909913
Ridge Regression,3.683000,3.564805,0.118195,0.118195
Ridge Regression,2.392000,1.663289,0.728711,0.728711
Ridge Regression,1.214000,1.919706,-0.705706,0.705706
Ridge Regression,2.150000,2.384747,-0.234747,0.234747
Ridge Regression,1.139000,1.950496,-0.811496,0.811496
Ridge Regression,2.364000,2.186623,0.177377,0.177377
Ridge Regression,1.717000,1.888315,-0.171315,0.171315
Ridge Regression,2.485000,2.583097,-0.098097,0.098097
Ridge Regression,0.582000,0.418848,0.163152,0.163152
Ridge Regression,0.678000,0.313455,0.364545,0.364545
Ridge Regression,0.757000,1.152075,-0.395075,0.395075
Ridge Regression,1.780000,2.021438,-0.241438,0.241438
Ridge Regression,0.604000,0.380129,0.223871,0.223871
Ridge Regression,2.261000,2.876354,-0.615354,0.615354
Ridge Regression,1.795000,2.335998,-0.540998,0.540998
Ridge Regression,1.582000,2.961277,-1.379277,1.379277
Ridge Regression,2.786000,2.475217,0.310783,0.310783
Ridge Regression,4.808000,3.285562,1.522438,1.522438
Ridge Regression,1.923000,1.450653,0.472347,0.472347
Ridge Regression,1.417000,1.428311,-0.011311,0.011311
Ridge Regression,3.308000,2.973458,0.334542,0.334542
Ridge Regression,1.000000,1.518625,-0.518625,0.518625
Ridge Regression,1.032000,1.689624,-0.657624,0.657624
Ridge Regression,0.535000,0.794943,-0.259943,0.259943
Ridge Regression,1.857000,1.714208,0.142792,0.142792
Ridge Regression,1.929000,1.696410,0.232590,0.232590
Ridge Regression,2.560000,2.872576,-0.312576,0.312576
Ridge Regression,1.385000,1.522848,-0.137848,0.137848
Ridge Regression,0.696000,0.823275,-0.127275,0.127275
Ridge Regression,2.468000,2.470482,-0.002482,0.002482
Ridge Regression,2.659000,3.007388,-0.348388,0.348388
Ridge Regression,1.625000,1.173568,0.451432,0.451432
Ridge Regression,3.227000,2.821780,0.405220,0.405220
Ridge Regression,1.489000,2.494754,-1.005754,1.005754
Ridge Regression,4.290000,3.645898,0.644102,0.644102
Ridge Regression,5.000010,4.098310,0.901700,0.901700
Ridge Regression,2.541000,2.460850,0.080150,0.080150
Ridge Regression,3.281000,2.397415,0.883585,0.883585
Ridge Regression,1.691000,2.011524,-0.320524,0.320524
Ridge Regression,2.554000,2.605639,-0.051639,0.051639
Ridge Regression,0.764000,0.962644,-0.198644,0.198644
Ridge Regression,1.514000,2.618068,-1.104068,1.104068
Ridge Regression,3.111000,2.795230,0.315770,0.315770
Ridge Regression,1.875000,1.987275,-0.112275,0.112275
Ridge Regression,2.132000,1.980071,0.151929,0.151929
Ridge Regression,2.083000,1.729115,0.353885,0.353885
Ridge Regression,2.028000,2.846297,-0.818297,0.818297
Ridge Regression,0.901000,1.548025,-0.647025,0.647025
Ridge Regression,0.924000,1.052993,-0.128993,0.128993
Ridge Regression,1.365000,0.163967,1.201033,1.201033
Ridge Regression,0.922000,0.188318,0.733682,0.733682
Ridge Regression,0.794000,0.499169,0.294831,0.294831
Ridge Regression,0.955000,1.340734,-0.385734,0.385734
Ridge Regression,2.492000,2.397689,0.094311,0.094311
Ridge Regression,1.117000,1.953068,-0.836068,0.836068
Ridge Regression,1.906000,1.609070,0.296930,0.296930
Ridge Regression,1.918000,2.553802,-0.635802,0.635802
Ridge Regression,5.000010,3.014797,1.985213,1.985213
Ridge Regression,0.508000,1.828322,-1.320322,1.320322
Ridge Regression,1.635000,1.397954,0.237046,0.237046
Ridge Regression,3.689000,2.831015,0.857985,0.857985
Ridge Regression,0.570000,0.509913,0.060087,0.060087
Ridge Regression,0.750000,1.222254,-0.472254,0.472254
Ridge Regression,2.290000,2.485671,-0.195671,0.195671
Ridge Regression,3.409000,2.907381,0.501619,0.501619
Ridge Regression,2.766000,2.515247,0.250753,0.250753
Ridge Regression,1.884000,2.007391,-0.123391,0.123391
Ridge Regression,0.739000,0.977744,-0.238744,0.238744
Ridge Regression,1.500000,2.205843,-0.705843,0.705843
Ridge Regression,1.471000,1.880561,-0.409561,0.409561
Ridge Regression,1.863000,1.604595,0.258405,0.258405
Ridge Regression,2.349000,2.748427,-0.399427,0.399427
Ridge Regression,1.225000,1.375612,-0.150612,0.150612
Ridge Regression,3.989000,2.884760,1.104240,1.104240
Ridge Regression,2.500000,3.392679,-0.892679,0.892679
Ridge Regression,1.136000,1.640048,-0.504048,0.504048
Ridge Regression,2.448000,2.634883,-0.186883,0.186883
Ridge Regression,2.250000,1.485061,0.764939,0.764939
Ridge Regression,1.869000,2.871737,-1.002737,1.002737
Ridge Regression,3.097000,3.269969,-0.172969,0.172969
Ridge Regression,1.306000,1.467187,-0.161187,0.161187
Ridge Regression,3.423000,2.863759,0.559241,0.559241
Ridge Regression,0.650000,1.071559,-0.421559,0.421559
Ridge Regression,2.789000,1.906462,0.882538,0.882538
Ridge Regression,1.688000,1.056279,0.631721,0.631721
Ridge Regression,4.184000,3.285641,0.898359,0.898359
Ridge Regression,1.090000,1.720802,-0.630802,0.630802
Ridge Regression,1.601000,1.707367,-0.106367,0.106367
Ridge Regression,3.450000,3.024594,0.425406,0.425406
Ridge Regression,4.188000,2.828372,1.359628,1.359628
Ridge Regression,2.091000,2.029832,0.061168,0.061168
Ridge Regression,0.975000,0.521141,0.453859,0.453859
Ridge Regression,5.000010,4.413590,0.586420,0.586420
Ridge Regression,1.086000,0.754202,0.331798,0.331798
Ridge Regression,1.333000,1.872820,-0.539820,0.539820
Ridge Regression,0.509000,0.880967,-0.371967,0.371967
Ridge Regression,3.116000,2.881201,0.234799,0.234799
Ridge Regression,3.655000,3.168872,0.486128,0.486128
Ridge Regression,1.750000,1.645255,0.104745,0.104745
Ridge Regression,1.703000,1.493590,0.209410,0.209410
Ridge Regression,2.795000,2.715720,0.079280,0.079280
Ridge Regression,1.259000,1.622178,-0.363178,0.363178
Ridge Regression,1.557000,2.098385,-0.541385,0.541385
Ridge Regression,0.833000,1.494398,-0.661398,0.661398
Ridge Regression,1.563000,2.875130,-1.312130,1.312130
Ridge Regression,2.148000,2.703018,-0.555018,0.555018
Ridge Regression,1.103000,1.206583,-0.103583,0.103583
Ridge Regression,1.650000,1.741703,-0.091703,0.091703
Ridge Regression,3.495000,2.770950,0.724050,0.724050
Ridge Regression,5.000010,7.260008,-2.259998,2.259998
Ridge Regression,1.257000,0.639541,0.617459,0.617459
Ridge Regression,1.931000,2.374526,-0.443526,0.443526
Ridge Regression,5.000010,5.359438,-0.359428,0.359428
Ridge Regression,1.996000,2.266912,-0.270912,0.270912
Ridge Regression,5.000010,2.444846,2.555164,2.555164
Ridge Regression,1.634000,2.154950,-0.520950,0.520950
Ridge Regression,1.375000,1.170391,0.204609,0.204609
Ridge Regression,1.215000,1.818119,-0.603119,0.603119
Ridge Regression,3.812000,2.678275,1.133725,1.133725
Ridge Regression,1.119000,2.092234,-0.973234,0.973234
Ridge Regression,0.580000,0.497102,0.082898,0.082898
Ridge Regression,0.638000,1.305385,-0.667385,0.667385
Ridge Regression,3.632000,2.729872,0.902128,0.902128
Ridge Regression,2.064000,2.227689,-0.163689,0.163689
Ridge Regression,3.708000,2.096127,1.611873,1.611873
Ridge Regression,0.818000,0.821037,-0.003037,0.003037
Ridge Regression,2.715000,2.422214,0.292786,0.292786
Ridge Regression,1.970000,2.694856,-0.724856,0.724856
Ridge Regression,0.734000,1.018895,-0.284895,0.284895
Ridge Regression,3.017000,2.045963,0.971037,0.971037
Ridge Regression,1.196000,1.946143,-0.750143,0.750143
Ridge Regression,2.581000,2.829203,-0.248203,0.248203
Ridge Regression,0.175000,1.908097,-1.733097,1.733097
Ridge Regression,1.457000,2.041213,-0.584213,0.584213
Ridge Regression,1.020000,1.822224,-0.802224,0.802224
Ridge Regression,4.000000,2.820814,1.179186,1.179186
Ridge Regression,0.992000,1.404541,-0.412541,0.412541
Ridge Regression,4.854000,3.668064,1.185936,1.185936
Ridge Regression,4.771000,4.224144,0.546856,0.546856
Ridge Regression,0.669000,1.130596,-0.461596,0.461596
Ridge Regression,3.754000,4.017171,-0.263171,0.263171
Ridge Regression,1.696000,2.658813,-0.962813,0.962813
Ridge Regression,2.476000,2.787487,-0.311487,0.311487
Ridge Regression,1.647000,1.766033,-0.119033,0.119033
Ridge Regression,3.094000,2.150225,0.943775,0.943775
Ridge Regression,1.853000,2.427772,-0.574772,0.574772
Ridge Regression,2.302000,2.819680,-0.517680,0.517680
Ridge Regression,1.561000,1.723017,-0.162017,0.162017
Ridge Regression,3.025000,3.144511,-0.119511,0.119511
Ridge Regression,0.978000,0.802060,0.175940,0.175940
Ridge Regression,2.513000,2.422697,0.090303,0.090303
Ridge Regression,2.813000,2.464286,0.348714,0.348714
Ridge Regression,1.531000,1.494158,0.036842,0.036842
Ridge Regression,3.556000,2.853591,0.702409,0.702409
Ridge Regression,1.013000,1.430428,-0.417428,0.417428
Ridge Regression,2.660000,2.385188,0.274812,0.274812
Ridge Regression,1.607000,1.703715,-0.096715,0.096715
Ridge Regression,3.058000,1.981128,1.076872,1.076872
Ridge Regression,1.475000,1.240472,0.234528,0.234528
Ridge Regression,1.863000,2.048221,-0.185221,0.185221
Ridge Regression,1.626000,1.969158,-0.343158,0.343158
Ridge Regression,4.847000,3.369653,1.477347,1.477347
Ridge Regression,1.750000,2.077707,-0.327707,0.327707
Ridge Regression,1.272000,1.558457,-0.286457,0.286457
Ridge Regression,3.651000,2.653829,0.997171,0.997171
Ridge Regression,2.365000,1.304768,1.060232,1.060232
Ridge Regression,2.140000,2.493593,-0.353593,0.353593
Ridge Regression,2.258000,2.959346,-0.701346,0.701346
Ridge Regression,1.289000,1.739833,-0.450833,0.450833
Ridge Regression,0.735000,2.227301,-1.492301,1.492301
Ridge Regression,1.147000,2.330666,-1.183666,1.183666
Ridge Regression,1.750000,2.051810,-0.301810,0.301810
Ridge Regression,3.181000,1.935580,1.245420,1.245420
Ridge Regression,3.312000,2.492126,0.819874,0.819874
Ridge Regression,1.925000,2.113784,-0.188784,0.188784
Ridge Regression,1.595000,1.232223,0.362777,0.362777
Ridge Regression,1.627000,2.308363,-0.681363,0.681363
Ridge Regression,0.673000,1.336193,-0.663193,0.663193
Ridge Regression,2.129000,1.611126,0.517874,0.517874
Ridge Regression,1.406000,1.749831,-0.343831,0.343831
Ridge Regression,1.865000,1.827377,0.037623,0.037623
Ridge Regression,3.932000,3.605909,0.326091,0.326091
Ridge Regression,0.553000,1.139099,-0.586099,0.586099
Ridge Regression,4.098000,2.804712,1.293288,1.293288
Ridge Regression,1.918000,1.930185,-0.012185,0.012185
Ridge Regression,0.995000,1.584783,-0.589783,0.589783
Ridge Regression,1.750000,1.366971,0.383029,0.383029
Ridge Regression,1.580000,1.785504,-0.205504,0.205504
Ridge Regression,1.069000,1.650199,-0.581199,0.581199
Ridge Regression,2.772000,2.265705,0.506295,0.506295
Ridge Regression,3.267000,2.370803,0.896197,0.896197
Ridge Regression,0.960000,0.959776,0.000224,0.000224
Ridge Regression,4.318000,4.243039,0.074961,0.074961
Ridge Regression,1.722000,1.955802,-0.233802,0.233802
Ridge Regression,1.125000,1.184092,-0.059092,0.059092
Ridge Regression,2.250000,2.205387,0.044613,0.044613
Ridge Regression,2.595000,2.751856,-0.156856,0.156856
Ridge Regression,2.915000,2.744632,0.170368,0.170368
Ridge Regression,0.504000,0.710085,-0.206085,0.206085
Ridge Regression,1.500000,2.678309,-1.178309,1.178309
Ridge Regression,2.246000,2.515083,-0.269083,0.269083
Ridge Regression,1.306000,1.854699,-0.548699,0.548699
Ridge Regression,0.697000,1.291227,-0.594227,0.594227
Ridge Regression,3.530000,3.033732,0.496268,0.496268
Ridge Regression,2.312000,2.945494,-0.633494,0.633494
Ridge Regression,2.051000,2.070706,-0.019706,0.019706
Ridge Regression,3.981000,3.116274,0.864726,0.864726
Ridge Regression,1.413000,2.106317,-0.693317,0.693317
Ridge Regression,1.733000,1.939391,-0.206391,0.206391
Ridge Regression,1.279000,0.896406,0.382594,0.382594
Ridge Regression,2.895000,2.095570,0.799430,0.799430
Ridge Regression,0.959000,1.301768,-0.342768,0.342768
Ridge Regression,1.334000,1.712399,-0.378399,0.378399
Ridge Regression,1.468000,2.195016,-0.727016,0.727016
Ridge Regression,1.813000,1.821743,-0.008743,0.008743
Ridge Regression,0.546000,0.712155,-0.166155,0.166155
Ridge Regression,0.555000,0.829654,-0.274654,0.274654
Ridge Regression,1.500000,2.078244,-0.578244,0.578244
Ridge Regression,1.028000,0.808677,0.219323,0.219323
Ridge Regression,0.933000,1.159140,-0.226140,0.226140
Ridge Regression,1.231000,1.856837,-0.625837,0.625837
Ridge Regression,2.318000,1.325138,0.992862,0.992862
Ridge Regression,1.595000,1.951355,-0.356355,0.356355
Ridge Regression,1.083000,-0.135431,1.218431,1.218431
Ridge Regression,0.431000,0.741571,-0.310571,0.310571
Ridge Regression,1.056000,1.136787,-0.080787,0.080787
Ridge Regression,1.683000,1.771009,-0.088009,0.088009
Ridge Regression,0.283000,2.268907,-1.985907,1.985907
Ridge Regression,2.829000,2.809619,0.019381,0.019381
Ridge Regression,2.343000,2.612119,-0.269119,0.269119
Ridge Regression,2.125000,1.475738,0.649262,0.649262
Ridge Regression,2.056000,1.815194,0.240806,0.240806
Ridge Regression,1.500000,2.006819,-0.506819,0.506819
Ridge Regression,1.930000,2.191300,-0.261300,0.261300
Ridge Regression,0.149990,2.585064,-2.435074,2.435074
Ridge Regression,1.700000,1.580192,0.119808,0.119808
Ridge Regression,1.683000,2.282177,-0.599177,0.599177
Ridge Regression,0.935000,1.710592,-0.775592,0.775592
Ridge Regression,1.918000,1.973555,-0.055555,0.055555
Ridge Regression,1.815000,2.388347,-0.573347,0.573347
Ridge Regression,1.954000,2.667493,-0.713493,0.713493
Ridge Regression,1.219000,1.779958,-0.560958,0.560958
Ridge Regression,1.426000,1.980212,-0.554212,0.554212
Ridge Regression,1.583000,2.059719,-0.476719,0.476719
Ridge Regression,1.653000,1.657804,-0.004804,0.004804
Ridge Regression,1.550000,1.812105,-0.262105,0.262105
Ridge Regression,0.921000,1.365873,-0.444873,0.444873
Ridge Regression,0.681000,0.767873,-0.086873,0.086873
Ridge Regression,2.763000,2.577858,0.185142,0.185142
Ridge Regression,3.352000,3.932415,-0.580415,0.580415
Ridge Regression,1.211000,1.210163,0.000837,0.000837
Ridge Regression,1.771000,1.392533,0.378467,0.378467
Ridge Regression,1.875000,1.590921,0.284079,0.284079
Ridge Regression,1.920000,2.098274,-0.178274,0.178274
Ridge Regression,3.012000,2.809506,0.202494,0.202494
Ridge Regression,1.591000,1.775295,-0.184295,0.184295
Ridge Regression,5.000010,5.967295,-0.967285,0.967285
Ridge Regression,2.737000,2.579953,0.157047,0.157047
Ridge Regression,2.339000,2.774995,-0.435995,0.435995
Ridge Regression,5.000010,2.248411,2.751599,2.751599
Ridge Regression,2.228000,2.780773,-0.552773,0.552773
Ridge Regression,1.402000,1.356673,0.045327,0.045327
Ridge Regression,1.598000,1.691717,-0.093717,0.093717
Ridge Regression,1.188000,1.653485,-0.465485,0.465485
Ridge Regression,5.000010,2.494795,2.505215,2.505215
Ridge Regression,1.055000,1.473121,-0.418121,0.418121
Ridge Regression,2.178000,1.968091,0.209909,0.209909
Ridge Regression,1.875000,1.648495,0.226505,0.226505
Ridge Regression,2.873000,3.375239,-0.502239,0.502239
Ridge Regression,1.310000,1.950327,-0.640327,0.640327
Ridge Regression,0.558000,0.509414,0.048586,0.048586
Ridge Regression,1.619000,2.364418,-0.745418,0.745418
Ridge Regression,2.536000,1.585682,0.950318,0.950318
Ridge Regression,1.550000,1.913436,-0.363436,0.363436
Ridge Regression,3.115000,3.069371,0.045629,0.045629
Ridge Regression,0.878000,0.049612,0.828388,0.828388
Ridge Regression,1.058000,1.869739,-0.811739,0.811739
Ridge Regression,1.370000,1.729685,-0.359685,0.359685
Ridge Regression,1.563000,1.728136,-0.165136,0.165136
Ridge Regression,1.547000,2.067424,-0.520424,0.520424
Ridge Regression,1.674000,1.142886,0.531114,0.531114
Ridge Regression,4.578000,2.827349,1.750651,1.750651
Ridge Regression,5.000010,2.922819,2.077191,2.077191
Ridge Regression,1.883000,2.990071,-1.107071,1.107071
Ridge Regression,4.429000,2.288175,2.140825,2.140825
Ridge Regression,5.000010,4.854725,0.145285,0.145285
Ridge Regression,5.000010,3.431530,1.568480,1.568480
Ridge Regression,1.875000,1.871912,0.003088,0.003088
Ridge Regression,0.574000,0.746029,-0.172029,0.172029
Ridge Regression,3.875000,2.712103,1.162897,1.162897
Ridge Regression,2.720000,3.061743,-0.341743,0.341743
Ridge Regression,1.676000,1.703897,-0.027897,0.027897
Ridge Regression,4.037000,2.772941,1.264059,1.264059
Ridge Regression,1.917000,1.520248,0.396752,0.396752
Ridge Regression,5.000010,2.155543,2.844467,2.844467
Ridge Regression,1.871000,2.274555,-0.403555,0.403555
Ridge Regression,0.964000,1.704315,-0.740315,0.740315
Ridge Regression,0.924000,0.710852,0.213148,0.213148
Ridge Regression,2.139000,2.388509,-0.249509,0.249509
Ridge Regression,1.550000,2.388757,-0.838757,0.838757
Ridge Regression,1.330000,1.799870,-0.469870,0.469870
Ridge Regression,2.750000,1.141809,1.608191,1.608191
Ridge Regression,2.385000,2.191286,0.193714,0.193714
Ridge Regression,1.583000,1.654545,-0.071545,0.071545
Ridge Regression,0.705000,1.191334,-0.486334,0.486334
Ridge Regression,2.223000,2.246272,-0.023272,0.023272
Ridge Regression,4.119000,3.289843,0.829157,0.829157
Ridge Regression,1.851000,1.735349,0.115651,0.115651
Ridge Regression,5.000010,2.459055,2.540955,2.540955
Ridge Regression,1.398000,1.673050,-0.275050,0.275050
Ridge Regression,1.781000,2.343651,-0.562651,0.562651
Ridge Regression,1.593000,2.037009,-0.444009,0.444009
Ridge Regression,1.250000,1.688773,-0.438773,0.438773
Ridge Regression,1.971000,2.800760,-0.829760,0.829760
Ridge Regression,0.640000,0.870634,-0.230634,0.230634
Ridge Regression,1.946000,1.947354,-0.001354,0.001354
Ridge Regression,1.625000,0.629647,0.995353,0.995353
Ridge Regression,0.844000,1.191290,-0.347290,0.347290
Ridge Regression,0.613000,0.566903,0.046097,0.046097
Ridge Regression,3.682000,3.110281,0.571719,0.571719
Ridge Regression,1.221000,1.539360,-0.318360,0.318360
Ridge Regression,0.861000,0.802833,0.058167,0.058167
Ridge Regression,2.099000,2.141535,-0.042535,0.042535
Ridge Regression,1.708000,2.018946,-0.310946,0.310946
Ridge Regression,1.750000,2.176998,-0.426998,0.426998
Ridge Regression,1.266000,1.404779,-0.138779,0.138779
Ridge Regression,2.822000,2.229217,0.592783,0.592783
Ridge Regression,2.077000,2.610425,-0.533425,0.533425
Ridge Regression,1.042000,1.670227,-0.628227,0.628227
Ridge Regression,2.143000,2.740920,-0.597920,0.597920
Ridge Regression,0.803000,1.234079,-0.431079,0.431079
Ridge Regression,2.731000,2.851700,-0.120700,0.120700
Ridge Regression,2.375000,2.724758,-0.349758,0.349758
Ridge Regression,0.738000,1.068660,-0.330660,0.330660
Ridge Regression,1.844000,1.997854,-0.153854,0.153854
Ridge Regression,3.420000,2.329843,1.090157,1.090157
Ridge Regression,1.297000,1.714652,-0.417652,0.417652
Ridge Regression,2.240000,3.010445,-0.770445,0.770445
Ridge Regression,1.569000,1.943608,-0.374608,0.374608
Ridge Regression,3.949000,3.118978,0.830022,0.830022
Ridge Regression,1.577000,2.309840,-0.732840,0.732840
Ridge Regression,1.199000,1.745593,-0.546593,0.546593
Ridge Regression,3.169000,2.669948,0.499052,0.499052
Ridge Regression,2.125000,2.611456,-0.486456,0.486456
Ridge Regression,0.683000,1.000269,-0.317269,0.317269
Ridge Regression,1.651000,2.109031,-0.458031,0.458031
Ridge Regression,0.936000,1.284381,-0.348381,0.348381
Ridge Regression,0.888000,1.553473,-0.665473,0.665473
Ridge Regression,1.847000,2.362188,-0.515188,0.515188
Ridge Regression,3.271000,3.087761,0.183239,0.183239
Ridge Regression,1.343000,1.356817,-0.013817,0.013817
Ridge Regression,5.000010,2.546921,2.453089,2.453089
Ridge Regression,1.621000,2.089975,-0.468975,0.468975
Ridge Regression,5.000010,5.376161,-0.376151,0.376151
Ridge Regression,2.292000,1.948491,0.343509,0.343509
Ridge Regression,1.125000,1.447371,-0.322371,0.322371
Ridge Regression,3.542000,2.690255,0.851745,0.851745
Ridge Regression,3.621000,2.935413,0.685587,0.685587
Ridge Regression,1.625000,1.313829,0.311171,0.311171
Ridge Regression,1.005000,1.545599,-0.540599,0.540599
Ridge Regression,0.677000,0.509743,0.167257,0.167257
Ridge Regression,0.571000,0.878096,-0.307096,0.307096
Ridge Regression,1.648000,2.461482,-0.813482,0.813482
Ridge Regression,2.042000,2.036866,0.005134,0.005134
Ridge Regression,3.424000,2.887914,0.536086,0.536086
Ridge Regression,1.815000,1.551543,0.263457,0.263457
Ridge Regression,3.045000,1.957573,1.087427,1.087427
Ridge Regression,2.353000,3.011020,-0.658020,0.658020
Ridge Regression,1.053000,1.893202,-0.840202,0.840202
Ridge Regression,2.914000,2.311831,0.602169,0.602169
Ridge Regression,1.596000,2.468938,-0.872938,0.872938
Ridge Regression,1.118000,1.328042,-0.210042,0.210042
Ridge Regression,1.196000,1.371424,-0.175424,0.175424
Ridge Regression,3.297000,2.667268,0.629732,0.629732
Ridge Regression,1.367000,2.293643,-0.926643,0.926643
Ridge Regression,1.014000,1.456546,-0.442546,0.442546
Ridge Regression,1.186000,1.071774,0.114226,0.114226
Ridge Regression,1.333000,1.244006,0.088994,0.088994
Ridge Regression,0.525000,0.674239,-0.149239,0.149239
Ridge Regression,2.346000,2.985188,-0.639188,0.639188
Ridge Regression,0.750000,1.756130,-1.006130,1.006130
Ridge Regression,1.763000,2.189973,-0.426973,0.426973
Ridge Regression,3.468000,2.732504,0.735496,0.735496
Ridge Regression,2.518000,2.567036,-0.049036,0.049036
Ridge Regression,0.542000,1.172459,-0.630459,0.630459
Ridge Regression,0.675000,1.778219,-1.103219,1.103219
Ridge Regression,1.425000,2.128440,-0.703440,0.703440
Ridge Regression,1.016000,1.388529,-0.372529,0.372529
Ridge Regression,2.273000,3.018807,-0.745807,0.745807
Ridge Regression,3.372000,2.500680,0.871320,0.871320
Ridge Regression,1.188000,1.908695,-0.720695,0.720695
Ridge Regression,0.675000,0.785798,-0.110798,0.110798
Ridge Regression,2.020000,2.306877,-0.286877,0.286877
Ridge Regression,0.942000,1.137588,-0.195588,0.195588
Ridge Regression,0.962000,0.881188,0.080812,0.080812
Ridge Regression,2.250000,2.560810,-0.310810,0.310810
Ridge Regression,2.587000,1.838683,0.748317,0.748317
Ridge Regression,1.031000,1.170928,-0.139928,0.139928
Ridge Regression,1.172000,1.508391,-0.336391,0.336391
Ridge Regression,1.648000,1.028915,0.619085,0.619085
Ridge Regression,1.440000,2.019462,-0.579462,0.579462
Ridge Regression,5.000010,3.466973,1.533037,1.533037
Ridge Regression,1.554000,0.751463,0.802537,0.802537
Ridge Regression,1.147000,1.378879,-0.231879,0.231879
Ridge Regression,1.231000,2.121872,-0.890872,0.890872
Ridge Regression,2.268000,2.479317,-0.211317,0.211317
Ridge Regression,1.804000,1.085642,0.718358,0.718358
Ridge Regression,3.109000,3.288422,-0.179422,0.179422
Ridge Regression,1.488000,2.072868,-0.584868,0.584868
Ridge Regression,0.847000,1.311013,-0.464013,0.464013
Ridge Regression,0.637000,1.106089,-0.469089,0.469089
Ridge Regression,2.620000,2.194722,0.425278,0.425278
Ridge Regression,4.381000,3.767753,0.613247,0.613247
Ridge Regression,2.265000,2.260605,0.004395,0.004395
Ridge Regression,0.876000,0.907529,-0.031529,0.031529
Ridge Regression,3.455000,3.026349,0.428651,0.428651
Ridge Regression,1.401000,1.405890,-0.004890,0.004890
Ridge Regression,3.667000,2.105228,1.561772,1.561772
Ridge Regression,2.708000,2.460482,0.247518,0.247518
Ridge Regression,1.688000,2.348856,-0.660856,0.660856
Ridge Regression,2.938000,3.095875,-0.157875,0.157875
Ridge Regression,2.518000,3.192703,-0.674703,0.674703
Ridge Regression,0.851000,0.743455,0.107545,0.107545
Ridge Regression,2.675000,3.013997,-0.338997,0.338997
Ridge Regression,1.409000,2.177446,-0.768446,0.768446
Ridge Regression,2.855000,1.836678,1.018322,1.018322
Ridge Regression,1.513000,1.956391,-0.443391,0.443391
Ridge Regression,2.250000,2.130085,0.119915,0.119915
Ridge Regression,0.446000,0.919979,-0.473979,0.473979
Ridge Regression,4.500000,1.569873,2.930127,2.930127
Ridge Regression,2.293000,3.038249,-0.745249,0.745249
Ridge Regression,2.250000,0.537687,1.712313,1.712313
Ridge Regression,1.380000,1.879330,-0.499330,0.499330
Ridge Regression,0.969000,1.060492,-0.091492,0.091492
Ridge Regression,1.612000,2.078005,-0.466005,0.466005
Ridge Regression,1.443000,0.932507,0.510493,0.510493
Ridge Regression,4.500000,1.553023,2.946977,2.946977
Ridge Regression,1.225000,1.781826,-0.556826,0.556826
Ridge Regression,2.487000,2.344498,0.142502,0.142502
Ridge Regression,1.342000,2.038817,-0.696817,0.696817
Ridge Regression,3.481000,3.412148,0.068852,0.068852
Ridge Regression,0.783000,0.233395,0.549605,0.549605
Ridge Regression,1.078000,1.022788,0.055212,0.055212
Ridge Regression,1.469000,1.883201,-0.414201,0.414201
Ridge Regression,1.883000,2.239808,-0.356808,0.356808
Ridge Regression,1.625000,1.181598,0.443402,0.443402
Ridge Regression,0.586000,0.473860,0.112140,0.112140
Ridge Regression,1.837000,2.009980,-0.172980,0.172980
Ridge Regression,1.804000,1.869650,-0.065650,0.065650
Ridge Regression,1.750000,1.935117,-0.185117,0.185117
Ridge Regression,1.372000,2.632489,-1.260489,1.260489
Ridge Regression,1.100000,3.436356,-2.336356,2.336356
Ridge Regression,2.334000,2.625188,-0.291188,0.291188
Ridge Regression,1.283000,0.641060,0.641940,0.641940
Ridge Regression,3.500000,1.501751,1.998249,1.998249
Ridge Regression,1.552000,1.986931,-0.434931,0.434931
Ridge Regression,2.567000,2.720331,-0.153331,0.153331
Ridge Regression,0.859000,1.171430,-0.312430,0.312430
Ridge Regression,0.732000,0.726157,0.005843,0.005843
Ridge Regression,2.583000,1.904550,0.678450,0.678450
Ridge Regression,0.628000,0.516206,0.111794,0.111794
Ridge Regression,4.850000,2.765253,2.084747,2.084747
Ridge Regression,1.240000,1.908987,-0.668987,0.668987
Ridge Regression,1.585000,2.216674,-0.631674,0.631674
Ridge Regression,0.973000,1.415191,-0.442191,0.442191
Ridge Regression,1.867000,2.585428,-0.718428,0.718428
Ridge Regression,3.441000,3.460847,-0.019847,0.019847
Ridge Regression,1.667000,2.158124,-0.491124,0.491124
Ridge Regression,1.089000,0.663607,0.425393,0.425393
Ridge Regression,4.829000,2.595792,2.233208,2.233208
Ridge Regression,2.044000,2.504258,-0.460258,0.460258
Ridge Regression,2.307000,2.311699,-0.004699,0.004699
Ridge Regression,0.530000,0.867736,-0.337736,0.337736
Ridge Regression,1.785000,1.769243,0.015757,0.015757
Ridge Regression,5.000010,3.553816,1.446194,1.446194
Ridge Regression,5.000010,5.870899,-0.870889,0.870889
Ridge Regression,0.849000,1.187041,-0.338041,0.338041
Ridge Regression,5.000010,2.667001,2.333009,2.333009
Ridge Regression,2.468000,3.111581,-0.643581,0.643581
Ridge Regression,1.563000,1.721191,-0.158191,0.158191
Ridge Regression,2.346000,1.848542,0.497458,0.497458
Ridge Regression,0.488000,0.762741,-0.274741,0.274741
Ridge Regression,1.458000,1.981571,-0.523571,0.523571
Ridge Regression,2.715000,2.893780,-0.178780,0.178780
Ridge Regression,5.000010,2.321732,2.678278,2.678278
Ridge Regression,0.875000,2.321916,-1.446916,1.446916
Ridge Regression,0.691000,0.769932,-0.078932,0.078932
Ridge Regression,1.393000,1.678759,-0.285759,0.285759
Ridge Regression,2.734000,2.189891,0.544109,0.544109
Ridge Regression,2.297000,2.300429,-0.003429,0.003429
Ridge Regression,0.682000,0.667540,0.014460,0.014460
Ridge Regression,1.143000,1.361730,-0.218730,0.218730
Ridge Regression,1.599000,2.170887,-0.571887,0.571887
Ridge Regression,1.166000,1.532033,-0.366033,0.366033
Ridge Regression,2.099000,2.520493,-0.421493,0.421493
Ridge Regression,0.689000,0.463987,0.225013,0.225013
Ridge Regression,1.014000,1.708796,-0.694796,0.694796
Ridge Regression,2.140000,2.316626,-0.176626,0.176626
Ridge Regression,3.553000,3.419519,0.133481,0.133481
Ridge Regression,0.903000,2.038053,-1.135053,1.135053
Ridge Regression,1.593000,2.136460,-0.543460,0.543460
Ridge Regression,0.639000,0.918180,-0.279180,0.279180
Ridge Regression,2.182000,2.253975,-0.071975,0.071975
Ridge Regression,2.536000,2.800457,-0.264457,0.264457
Ridge Regression,0.813000,0.902150,-0.089150,0.089150
Ridge Regression,1.886000,2.515049,-0.629049,0.629049
Ridge Regression,1.654000,2.973573,-1.319573,1.319573
Ridge Regression,1.063000,1.718521,-0.655521,0.655521
Ridge Regression,2.101000,2.667285,-0.566285,0.566285
Ridge Regression,1.476000,1.924335,-0.448335,0.448335
Ridge Regression,1.125000,2.239195,-1.114195,1.114195
Ridge Regression,1.750000,2.180495,-0.430495,0.430495
Ridge Regression,1.566000,2.288469,-0.722469,0.722469
Ridge Regression,1.173000,2.037449,-0.864449,0.864449
Ridge Regression,2.292000,1.715506,0.576494,0.576494
Ridge Regression,3.500000,1.903540,1.596460,1.596460
Ridge Regression,1.719000,1.297252,0.421748,0.421748
Ridge Regression,1.993000,2.289356,-0.296356,0.296356
Ridge Regression,2.516000,2.655939,-0.139939,0.139939
Ridge Regression,3.000000,1.994376,1.005624,1.005624
Ridge Regression,1.589000,1.555707,0.033293,0.033293
Ridge Regression,2.168000,2.675590,-0.507590,0.507590
Ridge Regression,1.980000,2.633158,-0.653158,0.653158
Ridge Regression,3.561000,3.048756,0.512244,0.512244
Ridge Regression,1.923000,2.225792,-0.302792,0.302792
Ridge Regression,3.145000,2.370541,0.774459,0.774459
Ridge Regression,0.500000,0.691420,-0.191420,0.191420
Ridge Regression,1.625000,2.127941,-0.502941,0.502941
Ridge Regression,1.671000,2.066951,-0.395951,0.395951
Ridge Regression,1.388000,1.556211,-0.168211,0.168211
Ridge Regression,1.476000,1.983996,-0.507996,0.507996
Ridge Regression,2.385000,2.392145,-0.007145,0.007145
Ridge Regression,1.107000,1.561194,-0.454194,0.454194
Ridge Regression,3.338000,3.276506,0.061494,0.061494
Ridge Regression,1.921000,2.158085,-0.237085,0.237085
Ridge Regression,2.940000,2.147273,0.792727,0.792727
Ridge Regression,1.545000,1.573349,-0.028349,0.028349
Ridge Regression,1.519000,2.169199,-0.650199,0.650199
Ridge Regression,5.000010,4.820514,0.179496,0.179496
Ridge Regression,3.229000,2.937100,0.291900,0.291900
Ridge Regression,1.656000,2.082479,-0.426479,0.426479
Ridge Regression,2.212000,2.097846,0.114154,0.114154
Ridge Regression,1.704000,2.192761,-0.488761,0.488761
Ridge Regression,1.987000,1.982760,0.004240,0.004240
Ridge Regression,1.625000,1.661851,-0.036851,0.036851
Ridge Regression,4.112000,3.605181,0.506819,0.506819
Ridge Regression,3.355000,2.935754,0.419246,0.419246
Ridge Regression,1.491000,1.584749,-0.093749,0.093749
Ridge Regression,3.815000,2.567618,1.247382,1.247382
Ridge Regression,1.839000,1.013914,0.825086,0.825086
Ridge Regression,0.912000,1.471305,-0.559305,0.559305
Ridge Regression,4.115000,3.731792,0.383208,0.383208
Ridge Regression,2.203000,2.595052,-0.392052,0.392052
Ridge Regression,1.581000,2.168937,-0.587937,0.587937
Ridge Regression,0.696000,-0.032480,0.728480,0.728480
Ridge Regression,2.705000,2.879443,-0.174443,0.174443
Ridge Regression,2.616000,2.390331,0.225669,0.225669
Ridge Regression,3.895000,2.952739,0.942261,0.942261
Ridge Regression,0.750000,1.035140,-0.285140,0.285140
Ridge Regression,1.776000,2.571877,-0.795877,0.795877
Ridge Regression,1.704000,0.595235,1.108765,1.108765
Ridge Regression,1.542000,2.176021,-0.634021,0.634021
Ridge Regression,1.319000,1.755096,-0.436096,0.436096
Ridge Regression,0.444000,0.336830,0.107170,0.107170
Ridge Regression,1.450000,1.845871,-0.395871,0.395871
Ridge Regression,2.241000,2.839720,-0.598720,0.598720
Ridge Regression,1.875000,1.150669,0.724331,0.724331
Ridge Regression,1.929000,1.667495,0.261505,0.261505
Ridge Regression,0.886000,0.842754,0.043246,0.043246
Ridge Regression,1.839000,2.155026,-0.316026,0.316026
Ridge Regression,2.250000,3.024470,-0.774470,0.774470
Ridge Regression,1.828000,1.577754,0.250246,0.250246
Ridge Regression,1.376000,1.868467,-0.492467,0.492467
Ridge Regression,2.653000,2.803800,-0.150800,0.150800
Ridge Regression,0.366000,0.650311,-0.284311,0.284311
Ridge Regression,1.255000,1.688668,-0.433668,0.433668
Ridge Regression,1.386000,2.071451,-0.685451,0.685451
Ridge Regression,4.871000,2.648167,2.222833,2.222833
Ridge Regression,1.786000,1.875006,-0.089006,0.089006
Ridge Regression,1.345000,2.022641,-0.677641,0.677641
Ridge Regression,3.067000,3.348844,-0.281844,0.281844
Ridge Regression,1.158000,2.194886,-1.036886,1.036886
Ridge Regression,0.914000,1.303816,-0.389816,0.389816
Ridge Regression,2.109000,2.301409,-0.192409,0.192409
Ridge Regression,2.592000,2.966401,-0.374401,0.374401
Ridge Regression,3.473000,3.828356,-0.355356,0.355356
Ridge Regression,1.684000,2.366689,-0.682689,0.682689
Ridge Regression,1.509000,0.991874,0.517126,0.517126
Ridge Regression,1.135000,1.244762,-0.109762,0.109762
Ridge Regression,3.026000,2.907295,0.118705,0.118705
Ridge Regression,4.233000,2.618116,1.614884,1.614884
Ridge Regression,4.922000,3.723585,1.198415,1.198415
Ridge Regression,1.906000,2.138036,-0.232036,0.232036
Ridge Regression,2.450000,2.002939,0.447061,0.447061
Ridge Regression,0.557000,1.199013,-0.642013,0.642013
Ridge Regression,0.840000,1.877787,-1.037787,1.037787
Ridge Regression,2.750000,2.854838,-0.104838,0.104838
Ridge Regression,1.896000,1.576362,0.319638,0.319638
Ridge Regression,2.759000,1.845904,0.913096,0.913096
Ridge Regression,3.198000,3.351798,-0.153798,0.153798
Ridge Regression,2.917000,2.393937,0.523063,0.523063
Ridge Regression,0.679000,0.922180,-0.243180,0.243180
Ridge Regression,1.890000,2.413961,-0.523961,0.523961
Ridge Regression,0.900000,1.600504,-0.700504,0.700504
Ridge Regression,3.350000,2.570324,0.779676,0.779676
Ridge Regression,1.767000,1.691627,0.075373,0.075373
Ridge Regression,0.985000,1.506314,-0.521314,0.521314
Ridge Regression,2.006000,2.215298,-0.209298,0.209298
Ridge Regression,0.602000,0.997984,-0.395984,0.395984
Ridge Regression,1.919000,2.120131,-0.201131,0.201131
Ridge Regression,1.911000,2.173289,-0.262289,0.262289
Ridge Regression,3.373000,3.203913,0.169087,0.169087
Ridge Regression,2.250000,2.136651,0.113349,0.113349
Ridge Regression,2.906000,1.787571,1.118429,1.118429
Ridge Regression,1.215000,1.121896,0.093104,0.093104
Ridge Regression,2.932000,3.005979,-0.073979,0.073979
Ridge Regression,1.070000,1.360838,-0.290838,0.290838
Ridge Regression,2.664000,2.475431,0.188569,0.188569
Ridge Regression,0.769000,1.390597,-0.621597,0.621597
Ridge Regression,2.203000,1.444415,0.758585,0.758585
Ridge Regression,1.011000,1.502315,-0.491315,0.491315
Ridge Regression,4.746000,2.771664,1.974336,1.974336
Ridge Regression,0.653000,0.524149,0.128851,0.128851
Ridge Regression,1.137000,1.396830,-0.259830,0.259830
Ridge Regression,2.142000,2.264453,-0.122453,0.122453
Ridge Regression,2.167000,2.779115,-0.612115,0.612115
Ridge Regression,1.984000,2.345647,-0.361647,0.361647
Ridge Regression,2.122000,1.643683,0.478317,0.478317
Ridge Regression,2.227000,2.494194,-0.267194,0.267194
Ridge Regression,2.659000,2.712509,-0.053509,0.053509
Ridge Regression,0.375000,1.002453,-0.627453,0.627453
Ridge Regression,2.650000,2.527050,0.122950,0.122950
Ridge Regression,1.087000,1.245943,-0.158943,0.158943
Ridge Regression,0.467000,0.930459,-0.463459,0.463459
Ridge Regression,1.875000,2.271723,-0.396723,0.396723
Ridge Regression,0.616000,0.441333,0.174667,0.174667
Ridge Regression,3.430000,3.108220,0.321780,0.321780
Ridge Regression,1.660000,1.975840,-0.315840,0.315840
Ridge Regression,5.000010,2.273196,2.726814,2.726814
Ridge Regression,1.375000,2.345030,-0.970030,0.970030
Ridge Regression,0.906000,0.366121,0.539879,0.539879
Ridge Regression,0.770000,1.397117,-0.627117,0.627117
Ridge Regression,1.481000,2.163442,-0.682442,0.682442
Ridge Regression,0.916000,1.712774,-0.796774,0.796774
Ridge Regression,1.509000,1.455918,0.053082,0.053082
Ridge Regression,1.551000,2.024532,-0.473532,0.473532
Ridge Regression,0.892000,1.237063,-0.345063,0.345063
Ridge Regression,2.154000,1.637259,0.516741,0.516741
Ridge Regression,0.551000,0.403696,0.147304,0.147304
Ridge Regression,1.974000,1.997815,-0.023815,0.023815
Ridge Regression,1.544000,1.814368,-0.270368,0.270368
Ridge Regression,1.417000,1.861694,-0.444694,0.444694
Ridge Regression,0.984000,1.195176,-0.211176,0.211176
Ridge Regression,1.526000,2.044667,-0.518667,0.518667
Ridge Regression,1.096000,1.581662,-0.485662,0.485662
Ridge Regression,1.713000,1.552311,0.160689,0.160689
Ridge Regression,1.041000,0.931171,0.109829,0.109829
Ridge Regression,1.539000,2.289583,-0.750583,0.750583
Ridge Regression,2.700000,2.043980,0.656020,0.656020
Ridge Regression,2.865000,3.029278,-0.164278,0.164278
Ridge Regression,3.350000,2.480450,0.869550,0.869550
Ridge Regression,1.377000,1.891394,-0.514394,0.514394
Ridge Regression,2.320000,2.082771,0.237229,0.237229
Ridge Regression,3.938000,2.773910,1.164090,1.164090
Ridge Regression,0.703000,0.766144,-0.063144,0.063144
Ridge Regression,1.417000,1.671429,-0.254429,0.254429
Ridge Regression,1.563000,1.987663,-0.424663,0.424663
Ridge Regression,4.500000,2.546317,1.953683,1.953683
Ridge Regression,1.998000,1.692820,0.305180,0.305180
Ridge Regression,0.953000,1.266919,-0.313919,0.313919
Ridge Regression,0.869000,1.384860,-0.515860,0.515860
Ridge Regression,1.875000,1.688512,0.186488,0.186488
Ridge Regression,2.218000,2.895283,-0.677283,0.677283
Ridge Regression,0.588000,0.662970,-0.074970,0.074970
Ridge Regression,1.344000,0.966914,0.377086,0.377086
Ridge Regression,2.386000,2.877372,-0.491372,0.491372
Ridge Regression,1.609000,1.957929,-0.348929,0.348929
Ridge Regression,1.364000,1.982309,-0.618309,0.618309
Ridge Regression,1.440000,1.951565,-0.511565,0.511565
Ridge Regression,1.593000,2.239620,-0.646620,0.646620
Ridge Regression,1.553000,1.862703,-0.309703,0.309703
Ridge Regression,1.426000,2.607985,-1.181985,1.181985
Ridge Regression,1.207000,1.327133,-0.120133,0.120133
Ridge Regression,1.262000,1.763791,-0.501791,0.501791
Ridge Regression,2.134000,2.594814,-0.460814,0.460814
Ridge Regression,1.169000,1.607894,-0.438894,0.438894
Ridge Regression,1.858000,2.071363,-0.213363,0.213363
Ridge Regression,3.560000,3.509292,0.050708,0.050708
Ridge Regression,1.500000,1.297124,0.202876,0.202876
Ridge Regression,0.889000,1.012571,-0.123571,0.123571
Ridge Regression,2.591000,2.127187,0.463813,0.463813
Ridge Regression,5.000010,3.660782,1.339228,1.339228
Ridge Regression,1.276000,1.345464,-0.069464,0.069464
Ridge Regression,0.699000,1.255281,-0.556281,0.556281
Ridge Regression,1.370000,2.295354,-0.925354,0.925354
Ridge Regression,2.737000,2.703569,0.033431,0.033431
Ridge Regression,0.920000,1.230236,-0.310236,0.310236
Ridge Regression,1.183000,1.804226,-0.621226,0.621226
Ridge Regression,4.108000,4.864509,-0.756509,0.756509
Ridge Regression,1.005000,1.154574,-0.149574,0.149574
Ridge Regression,4.929000,2.523124,2.405876,2.405876
Ridge Regression,1.185000,1.523611,-0.338611,0.338611
Ridge Regression,1.135000,1.735213,-0.600213,0.600213
Ridge Regression,0.899000,1.634955,-0.735955,0.735955
Ridge Regression,5.000010,3.891834,1.108176,1.108176
Ridge Regression,5.000010,4.645250,0.354760,0.354760
Ridge Regression,1.463000,3.066577,-1.603577,1.603577
Ridge Regression,1.135000,1.623129,-0.488129,0.488129
Ridge Regression,2.750000,2.415013,0.334987,0.334987
Ridge Regression,1.025000,1.477307,-0.452307,0.452307
Ridge Regression,1.471000,2.130394,-0.659394,0.659394
Ridge Regression,2.250000,2.237501,0.012499,0.012499
Ridge Regression,1.394000,1.337346,0.056654,0.056654
Ridge Regression,1.758000,2.326543,-0.568543,0.568543
Ridge Regression,0.570000,1.603528,-1.033528,1.033528
Ridge Regression,2.696000,1.998088,0.697912,0.697912
Ridge Regression,2.729000,2.792497,-0.063497,0.063497
Ridge Regression,0.762000,1.136910,-0.374910,0.374910
Ridge Regression,4.841000,4.086803,0.754197,0.754197
Ridge Regression,1.806000,1.785020,0.020980,0.020980
Ridge Regression,2.380000,2.245744,0.134256,0.134256
Ridge Regression,1.375000,1.339808,0.035192,0.035192
Ridge Regression,1.863000,1.425418,0.437582,0.437582
Ridge Regression,1.929000,2.578276,-0.649276,0.649276
Ridge Regression,0.845000,0.519119,0.325881,0.325881
Ridge Regression,1.076000,1.931740,-0.855740,0.855740
Ridge Regression,0.555000,0.267800,0.287200,0.287200
Ridge Regression,2.653000,2.296222,0.356778,0.356778
Ridge Regression,3.883000,3.082894,0.800106,0.800106
Ridge Regression,4.827000,3.221958,1.605042,1.605042
Ridge Regression,1.981000,2.988803,-1.007803,1.007803
Ridge Regression,0.927000,0.832238,0.094762,0.094762
Ridge Regression,3.462000,3.340001,0.121999,0.121999
Ridge Regression,0.388000,1.188004,-0.800004,0.800004
Ridge Regression,0.567000,0.756559,-0.189559,0.189559
Ridge Regression,1.237000,2.269383,-1.032383,1.032383
Ridge Regression,0.938000,1.183035,-0.245035,0.245035
Ridge Regression,0.932000,1.297346,-0.365346,0.365346
Ridge Regression,0.440000,0.067940,0.372060,0.372060
Ridge Regression,0.692000,1.489632,-0.797632,0.797632
Ridge Regression,3.018000,2.981007,0.036993,0.036993
Ridge Regression,2.542000,1.861750,0.680250,0.680250
Ridge Regression,2.098000,2.638448,-0.540448,0.540448
Ridge Regression,1.845000,2.063366,-0.218366,0.218366
Ridge Regression,0.734000,1.012559,-0.278559,0.278559
Ridge Regression,3.390000,3.323527,0.066473,0.066473
Ridge Regression,0.931000,1.445493,-0.514493,0.514493
Ridge Regression,2.023000,2.296002,-0.273002,0.273002
Ridge Regression,1.333000,1.251347,0.081653,0.081653
Ridge Regression,2.707000,2.688304,0.018696,0.018696
Ridge Regression,2.402000,3.034437,-0.632437,0.632437
Ridge Regression,1.393000,1.277302,0.115698,0.115698
Ridge Regression,0.570000,0.965239,-0.395239,0.395239
Ridge Regression,1.707000,0.968397,0.738603,0.738603
Ridge Regression,1.192000,1.697468,-0.505468,0.505468
Ridge Regression,1.773000,2.350224,-0.577224,0.577224
Ridge Regression,2.896000,2.783241,0.112759,0.112759
Ridge Regression,2.976000,2.226647,0.749353,0.749353
Ridge Regression,1.099000,1.513087,-0.414087,0.414087
Ridge Regression,1.475000,1.469635,0.005365,0.005365
Ridge Regression,0.787000,0.355985,0.431015,0.431015
Ridge Regression,1.603000,2.470213,-0.867213,0.867213
Ridge Regression,0.777000,1.475896,-0.698896,0.698896
Ridge Regression,4.735000,3.985788,0.749212,0.749212
Ridge Regression,5.000010,4.640974,0.359036,0.359036
Ridge Regression,1.331000,1.274203,0.056797,0.056797
Ridge Regression,0.935000,1.080228,-0.145228,0.145228
Ridge Regression,2.801000,2.706525,0.094475,0.094475
Ridge Regression,2.567000,2.314411,0.252589,0.252589
Ridge Regression,2.880000,2.829657,0.050343,0.050343
Ridge Regression,1.611000,1.549652,0.061348,0.061348
Ridge Regression,1.370000,2.098775,-0.728775,0.728775
Ridge Regression,0.620000,0.952783,-0.332783,0.332783
Ridge Regression,4.438000,3.765713,0.672287,0.672287
Ridge Regression,0.683000,0.343630,0.339370,0.339370
Ridge Regression,2.621000,2.609544,0.011456,0.011456
Ridge Regression,1.094000,0.937575,0.156425,0.156425
Ridge Regression,4.093000,3.219578,0.873422,0.873422
Ridge Regression,1.752000,2.050577,-0.298577,0.298577
Ridge Regression,1.477000,1.890901,-0.413901,0.413901
Ridge Regression,2.875000,1.752887,1.122113,1.122113
Ridge Regression,0.932000,1.564495,-0.632495,0.632495
Ridge Regression,0.938000,1.589977,-0.651977,0.651977
Ridge Regression,1.724000,1.868798,-0.144798,0.144798
Ridge Regression,3.186000,2.872084,0.313916,0.313916
Ridge Regression,1.852000,1.750663,0.101337,0.101337
Ridge Regression,0.652000,0.634320,0.017680,0.017680
Ridge Regression,1.797000,0.997419,0.799581,0.799581
Ridge Regression,1.592000,1.588281,0.003719,0.003719
Ridge Regression,1.519000,1.692091,-0.173091,0.173091
Ridge Regression,0.717000,1.082434,-0.365434,0.365434
Ridge Regression,2.452000,1.756048,0.695952,0.695952
Ridge Regression,2.283000,2.660993,-0.377993,0.377993
Ridge Regression,1.964000,1.509771,0.454229,0.454229
Ridge Regression,1.924000,2.072151,-0.148151,0.148151
Ridge Regression,0.659000,0.564736,0.094264,0.094264
Ridge Regression,2.823000,1.754743,1.068257,1.068257
Ridge Regression,1.853000,2.102114,-0.249114,0.249114
Ridge Regression,0.886000,1.419250,-0.533250,0.533250
Ridge Regression,0.675000,1.001500,-0.326500,0.326500
Ridge Regression,1.434000,0.831113,0.602887,0.602887
Ridge Regression,1.194000,1.259223,-0.065223,0.065223
Ridge Regression,2.158000,2.800135,-0.642135,0.642135
Ridge Regression,2.574000,2.809395,-0.235395,0.235395
Ridge Regression,3.734000,2.911632,0.822368,0.822368
Ridge Regression,1.523000,1.701094,-0.178094,0.178094
Ridge Regression,2.457000,2.947668,-0.490668,0.490668
Ridge Regression,0.800000,1.510020,-0.710020,0.710020
Ridge Regression,1.372000,1.316592,0.055408,0.055408
Ridge Regression,2.669000,3.104028,-0.435028,0.435028
Ridge Regression,3.953000,3.016761,0.936239,0.936239
Ridge Regression,2.221000,2.738825,-0.517825,0.517825
Ridge Regression,5.000010,2.064203,2.935807,2.935807
Ridge Regression,5.000010,3.415016,1.584994,1.584994
Ridge Regression,2.329000,2.393239,-0.064239,0.064239
Ridge Regression,2.597000,2.892719,-0.295719,0.295719
Ridge Regression,2.157000,1.545913,0.611087,0.611087
Ridge Regression,2.432000,2.935590,-0.503590,0.503590
Ridge Regression,2.214000,2.349490,-0.135490,0.135490
Ridge Regression,1.125000,1.389036,-0.264036,0.264036
Ridge Regression,3.885000,2.365791,1.519209,1.519209
Ridge Regression,4.100000,2.414801,1.685199,1.685199
Ridge Regression,1.630000,2.737486,-1.107486,1.107486
Ridge Regression,5.000000,2.834953,2.165047,2.165047
Ridge Regression,2.313000,1.845800,0.467200,0.467200
Ridge Regression,0.761000,1.600866,-0.839866,0.839866
Ridge Regression,4.586000,2.430205,2.155795,2.155795
Ridge Regression,3.663000,3.097065,0.565935,0.565935
Ridge Regression,2.968000,2.252802,0.715198,0.715198
Ridge Regression,0.586000,1.127835,-0.541835,0.541835
Ridge Regression,0.848000,1.081924,-0.233924,0.233924
Ridge Regression,1.173000,1.660835,-0.487835,0.487835
Ridge Regression,1.266000,0.476289,0.789711,0.789711
Ridge Regression,1.708000,2.455823,-0.747823,0.747823
Ridge Regression,1.493000,1.276130,0.216870,0.216870
Ridge Regression,1.190000,0.757727,0.432273,0.432273
Ridge Regression,3.750000,2.418252,1.331748,1.331748
Ridge Regression,2.849000,3.117285,-0.268285,0.268285
Ridge Regression,1.701000,1.710470,-0.009470,0.009470
Ridge Regression,5.000010,2.958711,2.041299,2.041299
Ridge Regression,0.987000,1.302688,-0.315688,0.315688
Ridge Regression,0.608000,0.519843,0.088157,0.088157
Ridge Regression,1.428000,1.528273,-0.100273,0.100273
Ridge Regression,2.239000,2.460927,-0.221927,0.221927
Ridge Regression,1.375000,1.702285,-0.327285,0.327285
Ridge Regression,2.978000,3.001149,-0.023149,0.023149
Ridge Regression,1.127000,2.007791,-0.880791,0.880791
Ridge Regression,1.133000,0.670170,0.462830,0.462830
Ridge Regression,1.214000,1.415279,-0.201279,0.201279
Ridge Regression,2.484000,2.722122,-0.238122,0.238122
Ridge Regression,4.078000,3.544940,0.533060,0.533060
Ridge Regression,3.566000,3.437458,0.128542,0.128542
Ridge Regression,1.063000,1.133791,-0.070791,0.070791
Ridge Regression,1.214000,1.730517,-0.516517,0.516517
Ridge Regression,2.409000,2.111684,0.297316,0.297316
Ridge Regression,2.471000,1.908218,0.562782,0.562782
Ridge Regression,1.379000,0.699102,0.679898,0.679898
Ridge Regression,0.863000,0.510129,0.352871,0.352871
Ridge Regression,5.000010,3.550670,1.449340,1.449340
Ridge Regression,2.163000,2.517392,-0.354392,0.354392
Ridge Regression,3.056000,2.830294,0.225706,0.225706
Ridge Regression,1.583000,2.123591,-0.540591,0.540591
Ridge Regression,4.521000,2.409292,2.111708,2.111708
Ridge Regression,0.950000,1.736084,-0.786084,0.786084
Ridge Regression,1.057000,0.281787,0.775213,0.775213
Ridge Regression,0.846000,1.230823,-0.384823,0.384823
Ridge Regression,2.401000,2.080328,0.320672,0.320672
Ridge Regression,1.625000,1.682370,-0.057370,0.057370
Ridge Regression,0.966000,1.467411,-0.501411,0.501411
Ridge Regression,0.922000,0.566898,0.355102,0.355102
Ridge Regression,2.282000,2.283668,-0.001668,0.001668
Ridge Regression,1.137000,2.642081,-1.505081,1.505081
Ridge Regression,0.690000,0.820253,-0.130253,0.130253
Ridge Regression,5.000010,3.716117,1.283893,1.283893
Ridge Regression,2.250000,1.979930,0.270070,0.270070
Ridge Regression,1.740000,1.872022,-0.132022,0.132022
Ridge Regression,5.000010,3.646203,1.353807,1.353807
Ridge Regression,2.530000,2.817127,-0.287127,0.287127
Ridge Regression,2.776000,3.534041,-0.758041,0.758041
Ridge Regression,2.852000,2.725375,0.126625,0.126625
Ridge Regression,0.903000,1.665600,-0.762600,0.762600
Ridge Regression,1.899000,1.409910,0.489090,0.489090
Ridge Regression,3.166000,2.563624,0.602376,0.602376
Ridge Regression,3.019000,2.816676,0.202324,0.202324
Ridge Regression,0.931000,0.947928,-0.016928,0.016928
Ridge Regression,0.942000,1.406107,-0.464107,0.464107
Ridge Regression,2.138000,2.335576,-0.197576,0.197576
Ridge Regression,1.875000,2.012235,-0.137235,0.137235
Ridge Regression,5.000010,3.071635,1.928375,1.928375
Ridge Regression,3.257000,3.070659,0.186341,0.186341
Ridge Regression,3.000000,2.078130,0.921870,0.921870
Ridge Regression,1.439000,2.092931,-0.653931,0.653931
Ridge Regression,5.000010,4.526749,0.473261,0.473261
Ridge Regression,2.641000,2.998086,-0.357086,0.357086
Ridge Regression,0.623000,1.241209,-0.618209,0.618209
Ridge Regression,1.388000,0.607069,0.780931,0.780931
Ridge Regression,1.054000,1.933226,-0.879226,0.879226
Ridge Regression,0.635000,0.539336,0.095664,0.095664
Ridge Regression,5.000010,1.668142,3.331868,3.331868
Ridge Regression,0.978000,0.997094,-0.019094,0.019094
Ridge Regression,1.274000,1.881502,-0.607502,0.607502
Ridge Regression,1.353000,1.924292,-0.571292,0.571292
Ridge Regression,1.561000,1.801732,-0.240732,0.240732
Ridge Regression,4.468000,3.659830,0.808170,0.808170
Ridge Regression,0.650000,0.660894,-0.010894,0.010894
Ridge Regression,1.518000,1.919066,-0.401066,0.401066
Ridge Regression,1.922000,2.035363,-0.113363,0.113363
Ridge Regression,1.531000,1.882645,-0.351645,0.351645
Ridge Regression,1.658000,2.027236,-0.369236,0.369236
Ridge Regression,2.542000,2.313847,0.228153,0.228153
Ridge Regression,2.342000,2.667078,-0.325078,0.325078
Ridge Regression,1.125000,1.257610,-0.132610,0.132610
Ridge Regression,1.187000,1.399196,-0.212196,0.212196
Ridge Regression,2.409000,2.128800,0.280200,0.280200
Ridge Regression,2.833000,3.340022,-0.507022,0.507022
Ridge Regression,4.500000,0.867589,3.632411,3.632411
Ridge Regression,0.521000,1.006799,-0.485799,0.485799
Ridge Regression,0.559000,0.860634,-0.301634,0.301634
Ridge Regression,0.881000,0.721726,0.159274,0.159274
Ridge Regression,2.489000,2.337044,0.151956,0.151956
Ridge Regression,0.686000,0.825887,-0.139887,0.139887
Ridge Regression,1.563000,1.721177,-0.158177,0.158177
Ridge Regression,2.727000,2.672631,0.054369,0.054369
Ridge Regression,3.404000,2.769959,0.634041,0.634041
Ridge Regression,2.188000,1.649267,0.538733,0.538733
Ridge Regression,0.701000,0.905502,-0.204502,0.204502
Ridge Regression,5.000010,2.783797,2.216213,2.216213
Ridge Regression,1.625000,11.492735,-9.867735,9.867735
Ridge Regression,1.118000,1.086731,0.031269,0.031269
Ridge Regression,1.102000,1.232839,-0.130839,0.130839
Ridge Regression,0.742000,0.789952,-0.047952,0.047952
Ridge Regression,1.032000,1.559788,-0.527788,0.527788
Ridge Regression,1.721000,2.212254,-0.491254,0.491254
Ridge Regression,1.320000,1.388334,-0.068334,0.068334
Ridge Regression,1.663000,2.042836,-0.379836,0.379836
Ridge Regression,1.073000,1.522153,-0.449153,0.449153
Ridge Regression,1.079000,0.796553,0.282447,0.282447
Ridge Regression,0.946000,0.930073,0.015927,0.015927
Ridge Regression,0.661000,1.139255,-0.478255,0.478255
Ridge Regression,1.582000,2.106892,-0.524892,0.524892
Ridge Regression,0.958000,0.658568,0.299432,0.299432
Ridge Regression,1.170000,1.310448,-0.140448,0.140448
Ridge Regression,1.709000,2.125094,-0.416094,0.416094
Ridge Regression,0.929000,1.546030,-0.617030,0.617030
Ridge Regression,1.625000,1.791827,-0.166827,0.166827
Ridge Regression,1.938000,1.671984,0.266016,0.266016
Ridge Regression,1.346000,1.265503,0.080497,0.080497
Ridge Regression,1.231000,0.716131,0.514869,0.514869
Ridge Regression,1.157000,1.435470,-0.278470,0.278470
Ridge Regression,0.835000,1.672112,-0.837112,0.837112
Ridge Regression,0.622000,0.832960,-0.210960,0.210960
Ridge Regression,0.744000,0.979516,-0.235516,0.235516
Ridge Regression,1.801000,2.022767,-0.221767,0.221767
Ridge Regression,1.958000,2.586269,-0.628269,0.628269
Ridge Regression,5.000010,4.600933,0.399077,0.399077
Ridge Regression,1.443000,1.640932,-0.197932,0.197932
Ridge Regression,1.254000,1.171738,0.082262,0.082262
Ridge Regression,0.808000,1.205344,-0.397344,0.397344
Ridge Regression,0.659000,1.177102,-0.518102,0.518102
Ridge Regression,1.579000,2.430154,-0.851154,0.851154
Ridge Regression,5.000010,2.194577,2.805433,2.805433
Ridge Regression,1.808000,2.179108,-0.371108,0.371108
Ridge Regression,2.362000,2.766646,-0.404646,0.404646
Ridge Regression,1.030000,1.648485,-0.618485,0.618485
Ridge Regression,2.169000,1.890312,0.278688,0.278688
Ridge Regression,3.833000,1.770178,2.062822,2.062822
Ridge Regression,5.000010,1.710912,3.289098,3.289098
Ridge Regression,0.835000,0.318930,0.516070,0.516070
Ridge Regression,2.144000,1.902300,0.241700,0.241700
Ridge Regression,1.000000,0.350519,0.649481,0.649481
Ridge Regression,0.788000,0.918886,-0.130886,0.130886
Ridge Regression,0.976000,1.481658,-0.505658,0.505658
Ridge Regression,1.784000,2.262283,-0.478283,0.478283
Ridge Regression,2.871000,3.071876,-0.200876,0.200876
Ridge Regression,2.701000,3.215569,-0.514569,0.514569
Ridge Regression,1.855000,2.604874,-0.749874,0.749874
Ridge Regression,0.906000,1.719135,-0.813135,0.813135
Ridge Regression,2.136000,1.612693,0.523307,0.523307
Ridge Regression,1.243000,1.364137,-0.121137,0.121137
Ridge Regression,2.050000,1.314231,0.735769,0.735769
Ridge Regression,2.567000,2.033855,0.533145,0.533145
Ridge Regression,3.927000,3.649819,0.277181,0.277181
Ridge Regression,1.333000,1.663087,-0.330087,0.330087
Ridge Regression,1.871000,2.210121,-0.339121,0.339121
Ridge Regression,2.554000,3.292453,-0.738453,0.738453
Ridge Regression,3.474000,2.806617,0.667383,0.667383
Ridge Regression,1.717000,1.683939,0.033061,0.033061
Ridge Regression,1.125000,1.809123,-0.684123,0.684123
Ridge Regression,0.826000,0.817611,0.008389,0.008389
Ridge Regression,0.486000,1.233666,-0.747666,0.747666
Ridge Regression,1.341000,2.252896,-0.911896,0.911896
Ridge Regression,2.258000,2.082127,0.175873,0.175873
Ridge Regression,5.000010,4.010852,0.989158,0.989158
Ridge Regression,4.700000,2.929540,1.770460,1.770460
Ridge Regression,2.258000,2.550427,-0.292427,0.292427
Ridge Regression,1.580000,1.703526,-0.123526,0.123526
Ridge Regression,1.171000,0.931634,0.239366,0.239366
Ridge Regression,4.163000,3.637764,0.525236,0.525236
Ridge Regression,1.208000,1.067468,0.140532,0.140532
Ridge Regression,2.263000,2.588493,-0.325493,0.325493
Ridge Regression,1.222000,1.579108,-0.357108,0.357108
Ridge Regression,1.000000,1.337986,-0.337986,0.337986
Ridge Regression,2.295000,2.354068,-0.059068,0.059068
Ridge Regression,1.958000,1.074695,0.883305,0.883305
Ridge Regression,0.850000,0.455111,0.394889,0.394889
Ridge Regression,2.647000,1.779594,0.867406,0.867406
Ridge Regression,4.555000,4.064907,0.490093,0.490093
Ridge Regression,1.760000,1.818648,-0.058648,0.058648
Ridge Regression,0.811000,0.938187,-0.127187,0.127187
Ridge Regression,1.664000,2.232496,-0.568496,0.568496
Ridge Regression,0.826000,1.572391,-0.746391,0.746391
Ridge Regression,2.722000,1.902641,0.819359,0.819359
Ridge Regression,2.711000,2.212609,0.498391,0.498391
Ridge Regression,2.394000,2.462285,-0.068285,0.068285
Ridge Regression,1.718000,2.468997,-0.750997,0.750997
Ridge Regression,1.218000,0.415105,0.802895,0.802895
Ridge Regression,1.736000,1.660472,0.075528,0.075528
Ridge Regression,2.393000,2.261703,0.131297,0.131297
Ridge Regression,0.588000,1.225098,-0.637098,0.637098
Ridge Regression,2.875000,2.456725,0.418275,0.418275
Ridge Regression,0.707000,1.145861,-0.438861,0.438861
Ridge Regression,1.817000,1.897337,-0.080337,0.080337
Ridge Regression,1.137000,1.497156,-0.360156,0.360156
Ridge Regression,2.241000,2.537985,-0.296985,0.296985
Ridge Regression,3.513000,3.627075,-0.114075,0.114075
Ridge Regression,3.013000,2.996684,0.016316,0.016316
Ridge Regression,0.807000,2.595416,-1.788416,1.788416
Ridge Regression,1.526000,1.775969,-0.249969,0.249969
Ridge Regression,2.374000,2.765422,-0.391422,0.391422
Ridge Regression,1.794000,2.362688,-0.568688,0.568688
Ridge Regression,5.000010,4.135313,0.864697,0.864697
Ridge Regression,1.702000,2.395852,-0.693852,0.693852
Ridge Regression,1.653000,1.921087,-0.268087,0.268087
Ridge Regression,2.259000,2.460232,-0.201232,0.201232
Ridge Regression,1.597000,1.484258,0.112742,0.112742
Ridge Regression,3.635000,3.056322,0.578678,0.578678
Ridge Regression,1.321000,2.017944,-0.696944,0.696944
Ridge Regression,3.768000,2.549750,1.218250,1.218250
Ridge Regression,0.969000,1.857862,-0.888862,0.888862
Ridge Regression,3.162000,2.792285,0.369715,0.369715
Ridge Regression,3.238000,2.709636,0.528364,0.528364
Ridge Regression,3.875000,2.669879,1.205121,1.205121
Ridge Regression,1.491000,1.846191,-0.355191,0.355191
Ridge Regression,5.000010,6.357146,-1.357136,1.357136
Ridge Regression,2.250000,1.284809,0.965191,0.965191
Ridge Regression,1.788000,2.118838,-0.330838,0.330838
Ridge Regression,0.875000,1.520453,-0.645453,0.645453
Ridge Regression,1.301000,1.792998,-0.491998,0.491998
Ridge Regression,5.000010,3.712810,1.287200,1.287200
Ridge Regression,3.490000,2.962951,0.527049,0.527049
Ridge Regression,0.730000,1.418369,-0.688369,0.688369
Ridge Regression,2.447000,2.478875,-0.031875,0.031875
Ridge Regression,2.754000,2.159809,0.594191,0.594191
Ridge Regression,2.462000,2.774080,-0.312080,0.312080
Ridge Regression,2.362000,2.010911,0.351089,0.351089
Ridge Regression,2.322000,3.017310,-0.695310,0.695310
Ridge Regression,0.533000,0.980678,-0.447678,0.447678
Ridge Regression,1.631000,1.533857,0.097143,0.097143
Ridge Regression,0.724000,0.315074,0.408926,0.408926
Ridge Regression,2.345000,2.113753,0.231247,0.231247
Ridge Regression,1.500000,1.777071,-0.277071,0.277071
Ridge Regression,1.161000,1.476708,-0.315708,0.315708
Ridge Regression,1.813000,1.791500,0.021500,0.021500
Ridge Regression,1.210000,2.034765,-0.824765,0.824765
Ridge Regression,0.887000,1.677139,-0.790139,0.790139
Ridge Regression,1.825000,2.552581,-0.727581,0.727581
Ridge Regression,1.974000,2.184589,-0.210589,0.210589
Ridge Regression,1.281000,1.826320,-0.545320,0.545320
Ridge Regression,0.765000,0.613333,0.151667,0.151667
Ridge Regression,3.000000,3.155236,-0.155236,0.155236
Ridge Regression,5.000010,4.376708,0.623302,0.623302
Ridge Regression,1.603000,2.045218,-0.442218,0.442218
Ridge Regression,3.356000,3.312537,0.043463,0.043463
Ridge Regression,1.576000,1.596271,-0.020271,0.020271
Ridge Regression,1.906000,2.348008,-0.442008,0.442008
Ridge Regression,1.808000,1.938144,-0.130144,0.130144
Ridge Regression,1.042000,1.063209,-0.021209,0.021209
Ridge Regression,1.118000,1.590830,-0.472830,0.472830
Ridge Regression,1.941000,2.338574,-0.397574,0.397574
Ridge Regression,2.538000,3.075213,-0.537213,0.537213
Ridge Regression,1.295000,2.068882,-0.773882,0.773882
Ridge Regression,1.176000,1.528522,-0.352522,0.352522
Ridge Regression,3.398000,3.386715,0.011285,0.011285
Ridge Regression,3.429000,2.510012,0.918988,0.918988
Ridge Regression,1.955000,1.779863,0.175137,0.175137
Ridge Regression,0.838000,0.480158,0.357842,0.357842
Ridge Regression,0.942000,1.647763,-0.705763,0.705763
Ridge Regression,1.406000,1.440318,-0.034318,0.034318
Ridge Regression,1.609000,2.161167,-0.552167,0.552167
Ridge Regression,1.693000,2.003498,-0.310498,0.310498
Ridge Regression,2.759000,2.764520,-0.005520,0.005520
Ridge Regression,1.462000,1.605135,-0.143135,0.143135
Ridge Regression,2.023000,1.172686,0.850314,0.850314
Ridge Regression,1.540000,1.934685,-0.394685,0.394685
Ridge Regression,1.355000,1.978905,-0.623905,0.623905
Ridge Regression,2.359000,2.680676,-0.321676,0.321676
Ridge Regression,1.288000,1.415674,-0.127674,0.127674
Ridge Regression,2.496000,2.405381,0.090619,0.090619
Ridge Regression,3.000000,2.124814,0.875186,0.875186
Ridge Regression,1.341000,1.861596,-0.520596,0.520596
Ridge Regression,3.086000,2.664501,0.421499,0.421499
Ridge Regression,3.500000,2.630322,0.869678,0.869678
Ridge Regression,1.108000,1.983438,-0.875438,0.875438
Ridge Regression,1.908000,1.796056,0.111944,0.111944
Ridge Regression,1.088000,1.006227,0.081773,0.081773
Ridge Regression,1.444000,1.610202,-0.166202,0.166202
Ridge Regression,1.629000,1.959260,-0.330260,0.330260
Ridge Regression,1.639000,2.162373,-0.523373,0.523373
Ridge Regression,0.980000,1.482771,-0.502771,0.502771
Ridge Regression,1.327000,1.715154,-0.388154,0.388154
Ridge Regression,2.831000,2.767168,0.063832,0.063832
Ridge Regression,4.072000,3.003245,1.068755,1.068755
Ridge Regression,2.482000,2.991093,-0.509093,0.509093
Ridge Regression,0.645000,1.245303,-0.600303,0.600303
Ridge Regression,5.000010,2.819560,2.180450,2.180450
Ridge Regression,1.944000,2.389787,-0.445787,0.445787
Ridge Regression,1.375000,1.661754,-0.286754,0.286754
Ridge Regression,1.273000,1.653547,-0.380547,0.380547
Ridge Regression,0.853000,1.566501,-0.713501,0.713501
Ridge Regression,1.949000,1.919327,0.029673,0.029673
Ridge Regression,2.211000,2.358147,-0.147147,0.147147
Ridge Regression,1.922000,2.133806,-0.211806,0.211806
Ridge Regression,4.045000,2.159347,1.885653,1.885653
Ridge Regression,0.735000,0.605906,0.129094,0.129094
Ridge Regression,2.337000,2.101315,0.235685,0.235685
Ridge Regression,1.188000,1.234450,-0.046450,0.046450
Ridge Regression,0.700000,1.269290,-0.569290,0.569290
Ridge Regression,1.828000,1.949743,-0.121743,0.121743
Ridge Regression,5.000010,4.794120,0.205890,0.205890
Ridge Regression,1.577000,2.107199,-0.530199,0.530199
Ridge Regression,2.479000,2.575755,-0.096755,0.096755
Ridge Regression,5.000010,4.264534,0.735476,0.735476
Ridge Regression,3.579000,2.660771,0.918229,0.918229
Ridge Regression,0.569000,0.622713,-0.053713,0.053713
Ridge Regression,3.024000,3.297036,-0.273036,0.273036
Ridge Regression,1.254000,1.454970,-0.200970,0.200970
Ridge Regression,3.864000,2.520199,1.343801,1.343801
Ridge Regression,1.756000,1.966417,-0.210417,0.210417
Ridge Regression,1.105000,1.727284,-0.622284,0.622284
Ridge Regression,3.867000,3.943608,-0.076608,0.076608
Ridge Regression,1.375000,1.949071,-0.574071,0.574071
Ridge Regression,2.287000,3.032470,-0.745470,0.745470
Ridge Regression,1.494000,1.846165,-0.352165,0.352165
Ridge Regression,0.737000,1.478644,-0.741644,0.741644
Ridge Regression,5.000010,2.717386,2.282624,2.282624
Ridge Regression,1.321000,1.410117,-0.089117,0.089117
Ridge Regression,0.865000,0.785695,0.079305,0.079305
Ridge Regression,4.179000,2.468085,1.710915,1.710915
Ridge Regression,1.726000,1.495152,0.230848,0.230848
Ridge Regression,0.997000,1.076481,-0.079481,0.079481
Ridge Regression,0.725000,1.676994,-0.951994,0.951994
Ridge Regression,1.808000,2.790131,-0.982131,0.982131
Ridge Regression,3.084000,2.349992,0.734008,0.734008
Ridge Regression,2.883000,2.860178,0.022822,0.022822
Ridge Regression,3.022000,2.173094,0.848906,0.848906
Ridge Regression,2.888000,3.243656,-0.355656,0.355656
Ridge Regression,1.000000,1.389000,-0.389000,0.389000
Ridge Regression,2.330000,2.076744,0.253256,0.253256
Ridge Regression,1.369000,2.267992,-0.898992,0.898992
Ridge Regression,2.094000,1.877274,0.216726,0.216726
Ridge Regression,2.466000,2.706778,-0.240778,0.240778
Ridge Regression,0.652000,0.729919,-0.077919,0.077919
Ridge Regression,4.912000,2.661051,2.250949,2.250949
Ridge Regression,3.567000,3.306483,0.260517,0.260517
Ridge Regression,1.643000,2.000689,-0.357689,0.357689
Ridge Regression,0.882000,1.034461,-0.152461,0.152461
Ridge Regression,1.559000,1.009020,0.549980,0.549980
Ridge Regression,1.917000,1.870666,0.046334,0.046334
Ridge Regression,0.844000,1.874517,-1.030517,1.030517
Ridge Regression,1.901000,2.401387,-0.500387,0.500387
Ridge Regression,1.125000,1.041789,0.083211,0.083211
Ridge Regression,1.152000,2.173941,-1.021941,1.021941
Ridge Regression,1.746000,2.352022,-0.606022,0.606022
Ridge Regression,1.135000,1.805768,-0.670768,0.670768
Ridge Regression,1.524000,2.199343,-0.675343,0.675343
Ridge Regression,2.503000,2.083329,0.419671,0.419671
Ridge Regression,1.837000,2.189009,-0.352009,0.352009
Ridge Regression,5.000010,2.134880,2.865130,2.865130
Ridge Regression,3.109000,2.933965,0.175035,0.175035
Ridge Regression,2.306000,2.018055,0.287945,0.287945
Ridge Regression,0.685000,0.895553,-0.210553,0.210553
Ridge Regression,2.674000,2.383550,0.290450,0.290450
Ridge Regression,1.453000,1.831816,-0.378816,0.378816
Ridge Regression,2.820000,3.110665,-0.290665,0.290665
Ridge Regression,2.821000,1.568390,1.252610,1.252610
Ridge Regression,1.898000,2.592178,-0.694178,0.694178
Ridge Regression,2.544000,2.777056,-0.233056,0.233056
Ridge Regression,1.617000,2.208409,-0.591409,0.591409
Ridge Regression,1.888000,1.805500,0.082500,0.082500
Ridge Regression,5.000010,2.673618,2.326392,2.326392
Ridge Regression,0.944000,0.749798,0.194202,0.194202
Ridge Regression,3.428000,2.756943,0.671057,0.671057
Ridge Regression,1.915000,2.290664,-0.375664,0.375664
Ridge Regression,2.096000,1.821245,0.274755,0.274755
Ridge Regression,2.350000,2.319745,0.030255,0.030255
Ridge Regression,2.314000,3.071147,-0.757147,0.757147
Ridge Regression,1.302000,1.925473,-0.623473,0.623473
Ridge Regression,2.082000,2.525863,-0.443863,0.443863
Ridge Regression,5.000010,4.411750,0.588260,0.588260
Ridge Regression,1.686000,1.943318,-0.257318,0.257318
Ridge Regression,2.281000,2.199420,0.081580,0.081580
Ridge Regression,1.269000,1.888972,-0.619972,0.619972
Ridge Regression,1.355000,1.816178,-0.461178,0.461178
Ridge Regression,1.567000,2.506254,-0.939254,0.939254
Ridge Regression,2.086000,2.266489,-0.180489,0.180489
Ridge Regression,4.367000,2.661025,1.705975,1.705975
Ridge Regression,0.710000,0.845914,-0.135914,0.135914
Ridge Regression,0.888000,0.427471,0.460529,0.460529
Ridge Regression,3.416000,3.331463,0.084537,0.084537
Ridge Regression,1.202000,1.632999,-0.430999,0.430999
Ridge Regression,1.482000,1.639621,-0.157621,0.157621
Ridge Regression,5.000010,3.520361,1.479649,1.479649
Ridge Regression,3.750000,2.018661,1.731339,1.731339
Ridge Regression,1.375000,1.791844,-0.416844,0.416844
Ridge Regression,0.648000,0.743275,-0.095275,0.095275
Ridge Regression,2.318000,2.605090,-0.287090,0.287090
Ridge Regression,1.607000,1.995527,-0.388527,0.388527
Ridge Regression,2.510000,2.103808,0.406192,0.406192
Ridge Regression,1.425000,2.237276,-0.812276,0.812276
Ridge Regression,1.765000,2.140354,-0.375354,0.375354
Ridge Regression,1.771000,2.183532,-0.412532,0.412532
Ridge Regression,3.118000,2.927370,0.190630,0.190630
Ridge Regression,0.846000,1.667327,-0.821327,0.821327
Ridge Regression,1.226000,0.876536,0.349464,0.349464
Ridge Regression,1.982000,2.294723,-0.312723,0.312723
Ridge Regression,5.000000,2.898861,2.101139,2.101139
Ridge Regression,2.798000,3.120700,-0.322700,0.322700
Ridge Regression,1.950000,2.638687,-0.688687,0.688687
Ridge Regression,2.028000,1.330127,0.697873,0.697873
Ridge Regression,3.541000,2.582045,0.958955,0.958955
Ridge Regression,2.595000,2.771059,-0.176059,0.176059
Ridge Regression,5.000010,2.848986,2.151024,2.151024
Ridge Regression,2.724000,2.773831,-0.049831,0.049831
Ridge Regression,1.839000,2.039630,-0.200630,0.200630
Ridge Regression,2.858000,2.497943,0.360057,0.360057
Ridge Regression,2.250000,1.713172,0.536828,0.536828
Ridge Regression,2.926000,2.451625,0.474375,0.474375
Ridge Regression,0.552000,0.538924,0.013076,0.013076
Ridge Regression,2.620000,1.906277,0.713723,0.713723
Ridge Regression,1.589000,2.602171,-1.013171,1.013171
Ridge Regression,1.721000,2.456666,-0.735666,0.735666
Ridge Regression,1.917000,2.281328,-0.364328,0.364328
Ridge Regression,2.250000,2.450920,-0.200920,0.200920
Ridge Regression,1.083000,1.573662,-0.490662,0.490662
Ridge Regression,1.136000,1.046009,0.089991,0.089991
Ridge Regression,1.000000,1.471334,-0.471334,0.471334
Ridge Regression,1.917000,1.619939,0.297061,0.297061
Ridge Regression,1.172000,1.314570,-0.142570,0.142570
Ridge Regression,1.106000,1.346961,-0.240961,0.240961
Ridge Regression,0.802000,1.358737,-0.556737,0.556737
Ridge Regression,0.981000,1.685969,-0.704969,0.704969
Ridge Regression,2.538000,2.835543,-0.297543,0.297543
Ridge Regression,0.481000,0.660106,-0.179106,0.179106
Ridge Regression,1.928000,1.981954,-0.053954,0.053954
Ridge Regression,1.328000,1.405420,-0.077420,0.077420
Ridge Regression,1.963000,1.671696,0.291304,0.291304
Ridge Regression,3.208000,2.292869,0.915131,0.915131
Ridge Regression,3.194000,2.108640,1.085360,1.085360
Ridge Regression,2.037000,2.890696,-0.853696,0.853696
Ridge Regression,2.071000,2.671687,-0.600687,0.600687
Ridge Regression,0.799000,0.831454,-0.032454,0.032454
Ridge Regression,5.000010,2.428951,2.571059,2.571059
Ridge Regression,3.300000,2.428957,0.871043,0.871043
Ridge Regression,1.390000,1.968471,-0.578471,0.578471
Ridge Regression,1.875000,2.179277,-0.304277,0.304277
Ridge Regression,4.483000,2.567433,1.915567,1.915567
Ridge Regression,1.763000,2.002173,-0.239173,0.239173
Ridge Regression,1.759000,1.650844,0.108156,0.108156
Ridge Regression,1.042000,1.406224,-0.364224,0.364224
Ridge Regression,1.622000,2.009832,-0.387832,0.387832
Ridge Regression,1.668000,2.116611,-0.448611,0.448611
Ridge Regression,1.612000,1.681148,-0.069148,0.069148
Ridge Regression,1.531000,1.835313,-0.304313,0.304313
Ridge Regression,1.569000,1.489702,0.079298,0.079298
Ridge Regression,1.581000,1.680944,-0.099944,0.099944
Ridge Regression,0.769000,1.212574,-0.443574,0.443574
Ridge Regression,1.654000,2.166974,-0.512974,0.512974
Ridge Regression,0.735000,1.972022,-1.237022,1.237022
Ridge Regression,1.184000,1.677890,-0.493890,0.493890
Ridge Regression,1.424000,1.558687,-0.134687,0.134687
Ridge Regression,2.803000,2.817154,-0.014154,0.014154
Ridge Regression,1.072000,1.033762,0.038238,0.038238
Ridge Regression,1.833000,1.172272,0.660728,0.660728
Ridge Regression,0.988000,0.048256,0.939744,0.939744
Ridge Regression,2.345000,1.815526,0.529474,0.529474
Ridge Regression,1.435000,2.261207,-0.826207,0.826207
Ridge Regression,1.080000,1.992959,-0.912959,0.912959
Ridge Regression,0.978000,-0.142642,1.120642,1.120642
Ridge Regression,0.705000,1.104207,-0.399207,0.399207
Ridge Regression,2.259000,1.854089,0.404911,0.404911
Ridge Regression,2.398000,2.535008,-0.137008,0.137008
Ridge Regression,1.364000,1.742239,-0.378239,0.378239
Ridge Regression,1.806000,2.225000,-0.419000,0.419000
Ridge Regression,2.396000,2.669107,-0.273107,0.273107
Ridge Regression,2.657000,2.858761,-0.201761,0.201761
Ridge Regression,2.042000,2.228436,-0.186436,0.186436
Ridge Regression,1.225000,1.988828,-0.763828,0.763828
Ridge Regression,2.040000,2.761931,-0.721931,0.721931
Ridge Regression,1.953000,2.096224,-0.143224,0.143224
Ridge Regression,2.158000,2.270002,-0.112002,0.112002
Ridge Regression,5.000010,3.147385,1.852625,1.852625
Ridge Regression,0.758000,0.124937,0.633063,0.633063
Ridge Regression,2.654000,3.015506,-0.361506,0.361506
Ridge Regression,2.737000,3.596145,-0.859145,0.859145
Ridge Regression,1.164000,1.629998,-0.465998,0.465998
Ridge Regression,0.594000,1.150991,-0.556991,0.556991
Ridge Regression,1.370000,1.634960,-0.264960,0.264960
Ridge Regression,1.192000,0.320868,0.871132,0.871132
Ridge Regression,2.442000,2.731235,-0.289235,0.289235
Ridge Regression,1.700000,1.930606,-0.230606,0.230606
Ridge Regression,2.803000,3.472964,-0.669964,0.669964
Ridge Regression,2.850000,3.128353,-0.278353,0.278353
Ridge Regression,1.026000,1.540615,-0.514615,0.514615
Ridge Regression,1.205000,0.754119,0.450881,0.450881
Ridge Regression,3.616000,2.875202,0.740798,0.740798
Ridge Regression,4.553000,3.946740,0.606260,0.606260
Ridge Regression,2.134000,2.211437,-0.077437,0.077437
Ridge Regression,1.580000,2.692453,-1.112453,1.112453
Ridge Regression,2.170000,2.185426,-0.015426,0.015426
Ridge Regression,0.637000,0.426032,0.210968,0.210968
Ridge Regression,2.443000,3.181700,-0.738700,0.738700
Ridge Regression,1.511000,1.600438,-0.089438,0.089438
Ridge Regression,1.108000,1.385491,-0.277491,0.277491
Ridge Regression,4.338000,4.293847,0.044153,0.044153
Ridge Regression,0.729000,1.190866,-0.461866,0.461866
Ridge Regression,1.085000,1.977236,-0.892236,0.892236
Ridge Regression,4.526000,4.151814,0.374186,0.374186
Ridge Regression,4.676000,5.644121,-0.968121,0.968121
Ridge Regression,2.633000,1.991888,0.641112,0.641112
Ridge Regression,2.668000,2.249260,0.418740,0.418740
Ridge Regression,5.000010,4.468476,0.531534,0.531534
Ridge Regression,0.723000,1.187972,-0.464972,0.464972
Ridge Regression,1.515000,2.009221,-0.494221,0.494221
Decision Tree,0.477000,1.168573,-0.691573,0.691573
Decision Tree,0.458000,1.271581,-0.813581,0.813581
Decision Tree,5.000010,3.199582,1.800428,1.800428
Decision Tree,2.186000,2.204763,-0.018763,0.018763
Decision Tree,2.780000,1.642797,1.137203,1.137203
Decision Tree,1.587000,2.337900,-0.750900,0.750900
Decision Tree,1.982000,1.920621,0.061379,0.061379
Decision Tree,1.575000,1.642797,-0.067797,0.067797
Decision Tree,3.400000,2.375496,1.024504,1.024504
Decision Tree,4.466000,4.778789,-0.312789,0.312789
Decision Tree,1.232000,1.271581,-0.039581,0.039581
Decision Tree,2.539000,1.680068,0.858932,0.858932
Decision Tree,2.151000,1.680068,0.470932,0.470932
Decision Tree,2.205000,1.642797,0.562203,0.562203
Decision Tree,2.198000,2.204763,-0.006763,0.006763
Decision Tree,1.362000,1.642797,-0.280797,0.280797
Decision Tree,1.784000,3.199582,-1.415582,1.415582
Decision Tree,1.875000,1.920621,-0.045621,0.045621
Decision Tree,1.398000,1.642797,-0.244797,0.244797
Decision Tree,1.375000,0.869319,0.505681,0.505681
Decision Tree,4.250000,3.199582,1.050418,1.050418
Decision Tree,4.056000,3.199582,0.856418,0.856418
Decision Tree,1.388000,2.204763,-0.816763,0.816763
Decision Tree,5.000010,3.605746,1.394264,1.394264
Decision Tree,1.621000,1.920621,-0.299621,0.299621
Decision Tree,0.514000,0.869319,-0.355319,0.355319
Decision Tree,1.513000,1.680068,-0.167068,0.167068
Decision Tree,0.948000,1.642797,-0.694797,0.694797
Decision Tree,2.041000,1.642797,0.398203,0.398203
Decision Tree,3.615000,3.605746,0.009254,0.009254
Decision Tree,0.851000,1.168573,-0.317573,0.317573
Decision Tree,1.384000,1.164596,0.219404,0.219404
Decision Tree,1.375000,2.375496,-1.000496,1.000496
Decision Tree,4.650000,4.471430,0.178570,0.178570
Decision Tree,2.718000,1.642797,1.075203,1.075203
Decision Tree,2.394000,2.204763,0.189237,0.189237
Decision Tree,3.409000,2.337900,1.071100,1.071100
Decision Tree,1.504000,1.642797,-0.138797,0.138797
Decision Tree,1.281000,2.182676,-0.901676,0.901676
Decision Tree,1.560000,1.680068,-0.120068,0.120068
Decision Tree,2.581000,2.768576,-0.187576,0.187576
Decision Tree,0.905000,1.642797,-0.737797,0.737797
Decision Tree,0.713000,1.680068,-0.967068,0.967068
Decision Tree,2.197000,2.375496,-0.178496,0.178496
Decision Tree,1.510000,1.642797,-0.132797,0.132797
Decision Tree,2.901000,1.271581,1.629419,1.629419
Decision Tree,1.420000,1.642797,-0.222797,0.222797
Decision Tree,2.915000,3.199582,-0.284582,0.284582
Decision Tree,2.554000,2.330824,0.223176,0.223176
Decision Tree,0.981000,1.642797,-0.661797,0.661797
Decision Tree,2.519000,2.337900,0.181100,0.181100
Decision Tree,1.621000,2.330824,-0.709824,0.709824
Decision Tree,1.294000,1.642797,-0.348797,0.348797
Decision Tree,0.894000,0.869319,0.024681,0.024681
Decision Tree,1.505000,1.680068,-0.175068,0.175068
Decision Tree,1.338000,2.204763,-0.866763,0.866763
Decision Tree,0.804000,1.164596,-0.360596,0.360596
Decision Tree,2.111000,1.920621,0.190379,0.190379
Decision Tree,2.556000,2.337900,0.218100,0.218100
Decision Tree,2.145000,2.624530,-0.479530,0.479530
Decision Tree,5.000010,3.199582,1.800428,1.800428
Decision Tree,2.021000,1.271581,0.749419,0.749419
Decision Tree,0.815000,1.271581,-0.456581,0.456581
Decision Tree,0.988000,1.271581,-0.283581,0.283581
Decision Tree,2.819000,2.768576,0.050424,0.050424
Decision Tree,1.846000,1.642797,0.203203,0.203203
Decision Tree,2.547000,1.271581,1.275419,1.275419
Decision Tree,1.431000,1.642797,-0.211797,0.211797
Decision Tree,1.625000,1.774529,-0.149529,0.149529
Decision Tree,1.426000,1.680068,-0.254068,0.254068
Decision Tree,0.859000,1.642797,-0.783797,0.783797
Decision Tree,1.869000,1.920621,-0.051621,0.051621
Decision Tree,0.713000,1.642797,-0.929797,0.929797
Decision Tree,1.744000,1.642797,0.101203,0.101203
Decision Tree,2.250000,1.642797,0.607203,0.607203
Decision Tree,1.465000,2.269385,-0.804385,0.804385
Decision Tree,4.050000,3.605746,0.444254,0.444254
Decision Tree,1.896000,1.642797,0.253203,0.253203
Decision Tree,1.644000,1.642797,0.001203,0.001203
Decision Tree,3.375000,2.330824,1.044176,1.044176
Decision Tree,0.725000,1.271581,-0.546581,0.546581
Decision Tree,1.438000,1.680068,-0.242068,0.242068
Decision Tree,1.600000,1.774529,-0.174529,0.174529
Decision Tree,1.181000,1.774529,-0.593529,0.593529
Decision Tree,3.740000,4.471430,-0.731430,0.731430
Decision Tree,2.027000,2.204763,-0.177763,0.177763
Decision Tree,0.966000,0.869319,0.096681,0.096681
Decision Tree,0.658000,1.168573,-0.510573,0.510573
Decision Tree,1.674000,1.774529,-0.100529,0.100529
Decision Tree,1.798000,1.680068,0.117932,0.117932
Decision Tree,0.967000,1.642797,-0.675797,0.675797
Decision Tree,2.661000,3.199582,-0.538582,0.538582
Decision Tree,0.911000,1.164596,-0.253596,0.253596
Decision Tree,0.498000,1.168573,-0.670573,0.670573
Decision Tree,0.907000,1.680068,-0.773068,0.773068
Decision Tree,1.158000,1.271581,-0.113581,0.113581
Decision Tree,2.786000,3.199582,-0.413582,0.413582
Decision Tree,2.500000,1.774529,0.725471,0.725471
Decision Tree,0.850000,1.800527,-0.950527,0.950527
Decision Tree,1.770000,2.182676,-0.412676,0.412676
Decision Tree,0.997000,2.330824,-1.333824,1.333824
Decision Tree,3.576000,4.860651,-1.284651,1.284651
Decision Tree,4.750000,3.199582,1.550418,1.550418
Decision Tree,2.736000,2.768576,-0.032576,0.032576
Decision Tree,1.824000,1.642797,0.181203,0.181203
Decision Tree,1.578000,1.680068,-0.102068,0.102068
Decision Tree,1.938000,1.774529,0.163471,0.163471
Decision Tree,3.336000,2.337900,0.998100,0.998100
Decision Tree,2.646000,3.199582,-0.553582,0.553582
Decision Tree,0.584000,0.869319,-0.285319,0.285319
Decision Tree,1.734000,1.680068,0.053932,0.053932
Decision Tree,2.148000,2.337900,-0.189900,0.189900
Decision Tree,2.000000,2.962302,-0.962302,0.962302
Decision Tree,4.228000,3.972031,0.255969,0.255969
Decision Tree,0.936000,1.560000,-0.624000,0.624000
Decision Tree,1.222000,1.680068,-0.458068,0.458068
Decision Tree,1.676000,1.642797,0.033203,0.033203
Decision Tree,3.036000,3.199582,-0.163582,0.163582
Decision Tree,2.693000,2.337900,0.355100,0.355100
Decision Tree,2.644000,2.204763,0.439237,0.439237
Decision Tree,1.910000,1.642797,0.267203,0.267203
Decision Tree,1.538000,1.642797,-0.104797,0.104797
Decision Tree,2.755000,3.199582,-0.444582,0.444582
Decision Tree,2.088000,1.168573,0.919427,0.919427
Decision Tree,1.423000,1.271581,0.151419,0.151419
Decision Tree,0.635000,1.680068,-1.045068,1.045068
Decision Tree,0.958000,1.164596,-0.206596,0.206596
Decision Tree,2.317000,2.330824,-0.013824,0.013824
Decision Tree,2.215000,2.375496,-0.160496,0.160496
Decision Tree,0.895000,3.199582,-2.304582,2.304582
Decision Tree,2.260000,3.605746,-1.345746,1.345746
Decision Tree,5.000010,4.860651,0.139359,0.139359
Decision Tree,2.702000,2.337900,0.364100,0.364100
Decision Tree,0.596000,0.869319,-0.273319,0.273319
Decision Tree,1.933000,2.269385,-0.336385,0.336385
Decision Tree,1.336000,1.642797,-0.306797,0.306797
Decision Tree,1.619000,2.337900,-0.718900,0.718900
Decision Tree,3.575000,3.199582,0.375418,0.375418
Decision Tree,2.765000,1.920621,0.844379,0.844379
Decision Tree,4.107000,2.682372,1.424628,1.424628
Decision Tree,3.750000,1.774529,1.975471,1.975471
Decision Tree,1.352000,1.271581,0.080419,0.080419
Decision Tree,1.672000,1.680068,-0.008068,0.008068
Decision Tree,2.520000,1.271581,1.248419,1.248419
Decision Tree,3.084000,3.972031,-0.888031,0.888031
Decision Tree,1.721000,1.168573,0.552427,0.552427
Decision Tree,5.000010,3.605746,1.394264,1.394264
Decision Tree,1.938000,0.869319,1.068681,1.068681
Decision Tree,1.052000,0.869319,0.182681,0.182681
Decision Tree,0.908000,1.680068,-0.772068,0.772068
Decision Tree,1.688000,1.774529,-0.086529,0.086529
Decision Tree,1.621000,1.560000,0.061000,0.061000
Decision Tree,1.612000,1.920621,-0.308621,0.308621
Decision Tree,1.375000,1.680068,-0.305068,0.305068
Decision Tree,2.893000,3.199582,-0.306582,0.306582
Decision Tree,2.787000,2.768576,0.018424,0.018424
Decision Tree,1.617000,2.337900,-0.720900,0.720900
Decision Tree,2.310000,2.204763,0.105237,0.105237
Decision Tree,0.875000,0.869319,0.005681,0.005681
Decision Tree,0.957000,1.164596,-0.207596,0.207596
Decision Tree,2.406000,2.768576,-0.362576,0.362576
Decision Tree,2.141000,1.642797,0.498203,0.498203
Decision Tree,4.286000,3.972031,0.313969,0.313969
Decision Tree,1.250000,1.168573,0.081427,0.081427
Decision Tree,0.764000,0.869319,-0.105319,0.105319
Decision Tree,2.638000,2.682372,-0.044372,0.044372
Decision Tree,1.204000,1.271581,-0.067581,0.067581
Decision Tree,1.091000,1.271581,-0.180581,0.180581
Decision Tree,1.706000,1.642797,0.063203,0.063203
Decision Tree,2.574000,2.624530,-0.050530,0.050530
Decision Tree,3.200000,3.605746,-0.405746,0.405746
Decision Tree,2.896000,1.800527,1.095473,1.095473
Decision Tree,3.073000,3.311513,-0.238513,0.238513
Decision Tree,3.255000,2.768576,0.486424,0.486424
Decision Tree,0.584000,0.869319,-0.285319,0.285319
Decision Tree,0.485000,1.164596,-0.679596,0.679596
Decision Tree,2.167000,0.869319,1.297681,1.297681
Decision Tree,0.979000,1.271581,-0.292581,0.292581
Decision Tree,1.586000,2.337900,-0.751900,0.751900
Decision Tree,0.690000,0.869319,-0.179319,0.179319
Decision Tree,3.223000,2.768576,0.454424,0.454424
Decision Tree,4.677000,2.768576,1.908424,1.908424
Decision Tree,1.630000,3.199582,-1.569582,1.569582
Decision Tree,2.871000,2.337900,0.533100,0.533100
Decision Tree,0.546000,0.869319,-0.323319,0.323319
Decision Tree,0.904000,1.168573,-0.264573,0.264573
Decision Tree,1.555000,1.642797,-0.087797,0.087797
Decision Tree,1.750000,2.330824,-0.580824,0.580824
Decision Tree,4.112000,3.972031,0.139969,0.139969
Decision Tree,3.321000,3.199582,0.121418,0.121418
Decision Tree,1.412000,2.182676,-0.770676,0.770676
Decision Tree,2.471000,2.337900,0.133100,0.133100
Decision Tree,1.530000,1.271581,0.258419,0.258419
Decision Tree,1.550000,1.642797,-0.092797,0.092797
Decision Tree,3.908000,1.642797,2.265203,2.265203
Decision Tree,0.900000,1.271581,-0.371581,0.371581
Decision Tree,1.967000,1.642797,0.324203,0.324203
Decision Tree,0.682000,1.271581,-0.589581,0.589581
Decision Tree,5.000010,4.860651,0.139359,0.139359
Decision Tree,0.921000,1.680068,-0.759068,0.759068
Decision Tree,2.979000,2.330824,0.648176,0.648176
Decision Tree,5.000010,4.860651,0.139359,0.139359
Decision Tree,3.323000,2.768576,0.554424,0.554424
Decision Tree,1.711000,2.204763,-0.493763,0.493763
Decision Tree,1.521000,1.920621,-0.399621,0.399621
Decision Tree,2.320000,1.271581,1.048419,1.048419
Decision Tree,1.271000,1.168573,0.102427,0.102427
Decision Tree,0.875000,0.869319,0.005681,0.005681
Decision Tree,2.034000,1.920621,0.113379,0.113379
Decision Tree,2.286000,1.271581,1.014419,1.014419
Decision Tree,1.167000,1.680068,-0.513068,0.513068
Decision Tree,4.167000,4.860651,-0.693651,0.693651
Decision Tree,2.276000,2.204763,0.071237,0.071237
Decision Tree,2.679000,2.768576,-0.089576,0.089576
Decision Tree,0.972000,0.869319,0.102681,0.102681
Decision Tree,1.375000,1.164596,0.210404,0.210404
Decision Tree,1.988000,1.680068,0.307932,0.307932
Decision Tree,0.686000,0.869319,-0.183319,0.183319
Decision Tree,3.525000,3.199582,0.325418,0.325418
Decision Tree,1.038000,1.168573,-0.130573,0.130573
Decision Tree,1.078000,1.271581,-0.193581,0.193581
Decision Tree,1.317000,1.920621,-0.603621,0.603621
Decision Tree,2.713000,3.199582,-0.486582,0.486582
Decision Tree,0.973000,2.182676,-1.209676,1.209676
Decision Tree,0.950000,0.869319,0.080681,0.080681
Decision Tree,0.675000,0.869319,-0.194319,0.194319
Decision Tree,3.261000,2.337900,0.923100,0.923100
Decision Tree,0.656000,1.271581,-0.615581,0.615581
Decision Tree,2.256000,1.920621,0.335379,0.335379
Decision Tree,2.638000,3.199582,-0.561582,0.561582
Decision Tree,3.483000,2.337900,1.145100,1.145100
Decision Tree,3.250000,1.642797,1.607203,1.607203
Decision Tree,1.088000,1.164596,-0.076596,0.076596
Decision Tree,4.000000,3.199582,0.800418,0.800418
Decision Tree,1.384000,1.800527,-0.416527,0.416527
Decision Tree,0.610000,0.869319,-0.259319,0.259319
Decision Tree,4.531000,4.471430,0.059570,0.059570
Decision Tree,5.000010,4.860651,0.139359,0.139359
Decision Tree,1.202000,1.271581,-0.069581,0.069581
Decision Tree,3.292000,2.337900,0.954100,0.954100
Decision Tree,1.963000,2.375496,-0.412496,0.412496
Decision Tree,1.500000,1.271581,0.228419,0.228419
Decision Tree,1.520000,1.642797,-0.122797,0.122797
Decision Tree,1.699000,0.869319,0.829681,0.829681
Decision Tree,1.375000,1.774529,-0.399529,0.399529
Decision Tree,2.830000,2.337900,0.492100,0.492100
Decision Tree,4.045000,2.624530,1.420470,1.420470
Decision Tree,1.935000,2.624530,-0.689530,0.689530
Decision Tree,2.051000,3.605746,-1.554746,1.554746
Decision Tree,1.456000,1.920621,-0.464621,0.464621
Decision Tree,2.250000,0.869319,1.380681,1.380681
Decision Tree,2.159000,1.642797,0.516203,0.516203
Decision Tree,1.585000,1.642797,-0.057797,0.057797
Decision Tree,1.247000,1.642797,-0.395797,0.395797
Decision Tree,0.654000,1.168573,-0.514573,0.514573
Decision Tree,2.802000,2.204763,0.597237,0.597237
Decision Tree,1.805000,1.271581,0.533419,0.533419
Decision Tree,1.054000,1.642797,-0.588797,0.588797
Decision Tree,1.000000,1.168573,-0.168573,0.168573
Decision Tree,1.663000,1.800527,-0.137527,0.137527
Decision Tree,1.580000,1.920621,-0.340621,0.340621
Decision Tree,2.438000,2.375496,0.062504,0.062504
Decision Tree,3.629000,3.639715,-0.010715,0.010715
Decision Tree,2.019000,1.920621,0.098379,0.098379
Decision Tree,0.526000,1.271581,-0.745581,0.745581
Decision Tree,5.000010,3.605746,1.394264,1.394264
Decision Tree,1.120000,1.680068,-0.560068,0.560068
Decision Tree,2.250000,2.182676,0.067324,0.067324
Decision Tree,4.399000,3.649593,0.749407,0.749407
Decision Tree,0.883000,2.330824,-1.447824,1.447824
Decision Tree,5.000010,4.860651,0.139359,0.139359
Decision Tree,2.768000,2.182676,0.585324,0.585324
Decision Tree,1.792000,1.642797,0.149203,0.149203
Decision Tree,1.997000,1.642797,0.354203,0.354203
Decision Tree,1.320000,1.168573,0.151427,0.151427
Decision Tree,0.613000,1.168573,-0.555573,0.555573
Decision Tree,1.719000,2.204763,-0.485763,0.485763
Decision Tree,1.238000,1.642797,-0.404797,0.404797
Decision Tree,1.353000,1.164596,0.188404,0.188404
Decision Tree,1.371000,2.204763,-0.833763,0.833763
Decision Tree,1.293000,1.680068,-0.387068,0.387068
Decision Tree,2.279000,2.375496,-0.096496,0.096496
Decision Tree,0.944000,1.642797,-0.698797,0.698797
Decision Tree,1.035000,1.271581,-0.236581,0.236581
Decision Tree,3.208000,3.199582,0.008418,0.008418
Decision Tree,1.250000,4.471430,-3.221430,3.221430
Decision Tree,3.324000,3.200321,0.123679,0.123679
Decision Tree,1.591000,2.337900,-0.746900,0.746900
Decision Tree,2.369000,3.344307,-0.975307,0.975307
Decision Tree,4.616000,3.972031,0.643969,0.643969
Decision Tree,1.569000,1.642797,-0.073797,0.073797
Decision Tree,1.482000,1.642797,-0.160797,0.160797
Decision Tree,1.665000,1.642797,0.022203,0.022203
Decision Tree,1.969000,1.774529,0.194471,0.194471
Decision Tree,1.678000,1.680068,-0.002068,0.002068
Decision Tree,1.267000,1.680068,-0.413068,0.413068
Decision Tree,5.000010,3.199582,1.800428,1.800428
Decision Tree,0.579000,0.869319,-0.290319,0.290319
Decision Tree,2.380000,2.204763,0.175237,0.175237
Decision Tree,1.420000,2.337900,-0.917900,0.917900
Decision Tree,0.869000,1.168573,-0.299573,0.299573
Decision Tree,0.560000,0.869319,-0.309319,0.309319
Decision Tree,5.000010,4.705653,0.294357,0.294357
Decision Tree,1.124000,1.271581,-0.147581,0.147581
Decision Tree,0.636000,2.330824,-1.694824,1.694824
Decision Tree,4.313000,4.471430,-0.158430,0.158430
Decision Tree,2.659000,1.680068,0.978932,0.978932
Decision Tree,0.580000,1.168573,-0.588573,0.588573
Decision Tree,1.941000,3.649593,-1.708593,1.708593
Decision Tree,1.428000,1.642797,-0.214797,0.214797
Decision Tree,1.787000,1.680068,0.106932,0.106932
Decision Tree,1.875000,1.164596,0.710404,0.710404
Decision Tree,2.250000,2.375496,-0.125496,0.125496
Decision Tree,3.130000,2.337900,0.792100,0.792100
Decision Tree,5.000010,4.860651,0.139359,0.139359
Decision Tree,1.536000,1.642797,-0.106797,0.106797
Decision Tree,0.623000,1.271581,-0.648581,0.648581
Decision Tree,1.945000,2.375496,-0.430496,0.430496
Decision Tree,1.639000,1.920621,-0.281621,0.281621
Decision Tree,3.988000,3.649593,0.338407,0.338407
Decision Tree,2.041000,1.920621,0.120379,0.120379
Decision Tree,1.993000,1.920621,0.072379,0.072379
Decision Tree,1.767000,1.168573,0.598427,0.598427
Decision Tree,5.000010,4.860651,0.139359,0.139359
Decision Tree,2.489000,2.204763,0.284237,0.284237
Decision Tree,1.500000,1.680068,-0.180068,0.180068
Decision Tree,2.317000,2.204763,0.112237,0.112237
Decision Tree,0.580000,1.164596,-0.584596,0.584596
Decision Tree,1.260000,1.642797,-0.382797,0.382797
Decision Tree,1.633000,1.271581,0.361419,0.361419
Decision Tree,1.134000,1.271581,-0.137581,0.137581
Decision Tree,3.000000,1.642797,1.357203,1.357203
Decision Tree,3.109000,3.605746,-0.496746,0.496746
Decision Tree,2.188000,1.642797,0.545203,0.545203
Decision Tree,0.704000,1.271581,-0.567581,0.567581
Decision Tree,2.377000,2.768576,-0.391576,0.391576
Decision Tree,1.188000,1.164596,0.023404,0.023404
Decision Tree,0.731000,1.168573,-0.437573,0.437573
Decision Tree,0.750000,1.774529,-1.024529,1.024529
Decision Tree,4.507000,3.972031,0.534969,0.534969
Decision Tree,2.402000,2.768576,-0.366576,0.366576
Decision Tree,0.658000,1.164596,-0.506596,0.506596
Decision Tree,0.647000,1.164596,-0.517596,0.517596
Decision Tree,1.751000,1.642797,0.108203,0.108203
Decision Tree,2.237000,1.642797,0.594203,0.594203
Decision Tree,0.963000,1.271581,-0.308581,0.308581
Decision Tree,4.051000,3.344307,0.706693,0.706693
Decision Tree,3.768000,2.624530,1.143470,1.143470
Decision Tree,5.000010,4.860651,0.139359,0.139359
Decision Tree,3.500000,2.375496,1.124504,1.124504
Decision Tree,1.625000,1.164596,0.460404,0.460404
Decision Tree,1.773000,1.271581,0.501419,0.501419
Decision Tree,0.984000,1.774529,-0.790529,0.790529
Decision Tree,1.388000,0.869319,0.518681,0.518681
Decision Tree,1.750000,1.920621,-0.170621,0.170621
Decision Tree,2.609000,1.271581,1.337419,1.337419
Decision Tree,1.047000,0.869319,0.177681,0.177681
Decision Tree,1.595000,2.337900,-0.742900,0.742900
Decision Tree,2.959000,2.337900,0.621100,0.621100
Decision Tree,1.375000,3.199582,-1.824582,1.824582
Decision Tree,5.000010,4.471430,0.528580,0.528580
Decision Tree,2.270000,2.204763,0.065237,0.065237
Decision Tree,2.639000,1.642797,0.996203,0.996203
Decision Tree,1.604000,1.642797,-0.038797,0.038797
Decision Tree,1.420000,1.271581,0.148419,0.148419
Decision Tree,1.625000,1.642797,-0.017797,0.017797
Decision Tree,2.304000,1.642797,0.661203,0.661203
Decision Tree,5.000010,4.471430,0.528580,0.528580
Decision Tree,2.177000,2.337900,-0.160900,0.160900
Decision Tree,1.830000,2.182676,-0.352676,0.352676
Decision Tree,2.458000,1.642797,0.815203,0.815203
Decision Tree,1.292000,1.168573,0.123427,0.123427
Decision Tree,0.604000,0.869319,-0.265319,0.265319
Decision Tree,0.675000,1.168573,-0.493573,0.493573
Decision Tree,2.952000,2.375496,0.576504,0.576504
Decision Tree,1.926000,2.204763,-0.278763,0.278763
Decision Tree,1.506000,1.642797,-0.136797,0.136797
Decision Tree,1.257000,1.920621,-0.663621,0.663621
Decision Tree,0.634000,0.869319,-0.235319,0.235319
Decision Tree,1.513000,1.920621,-0.407621,0.407621
Decision Tree,2.456000,3.344307,-0.888307,0.888307
Decision Tree,5.000010,4.860651,0.139359,0.139359
Decision Tree,1.655000,1.642797,0.012203,0.012203
Decision Tree,1.135000,1.642797,-0.507797,0.507797
Decision Tree,3.222000,2.330824,0.891176,0.891176
Decision Tree,3.625000,3.199582,0.425418,0.425418
Decision Tree,0.696000,0.869319,-0.173319,0.173319
Decision Tree,1.561000,1.680068,-0.119068,0.119068
Decision Tree,0.875000,1.168573,-0.293573,0.293573
Decision Tree,1.931000,2.375496,-0.444496,0.444496
Decision Tree,2.180000,2.337900,-0.157900,0.157900
Decision Tree,1.018000,1.164596,-0.146596,0.146596
Decision Tree,1.291000,1.164596,0.126404,0.126404
Decision Tree,1.563000,1.271581,0.291419,0.291419
Decision Tree,1.832000,1.920621,-0.088621,0.088621
Decision Tree,1.481000,1.680068,-0.199068,0.199068
Decision Tree,5.000010,4.860651,0.139359,0.139359
Decision Tree,2.221000,2.682372,-0.461372,0.461372
Decision Tree,1.676000,2.182676,-0.506676,0.506676
Decision Tree,1.845000,1.680068,0.164932,0.164932
Decision Tree,3.700000,3.199582,0.500418,0.500418
Decision Tree,2.394000,1.642797,0.751203,0.751203
Decision Tree,1.667000,1.642797,0.024203,0.024203
Decision Tree,2.333000,1.680068,0.652932,0.652932
Decision Tree,2.400000,2.330824,0.069176,0.069176
Decision Tree,0.913000,0.869319,0.043681,0.043681
Decision Tree,4.835000,4.778789,0.056211,0.056211
Decision Tree,1.505000,1.642797,-0.137797,0.137797
Decision Tree,0.995000,1.168573,-0.173573,0.173573
Decision Tree,2.402000,1.271581,1.130419,1.130419
Decision Tree,0.955000,1.271581,-0.316581,0.316581
Decision Tree,5.000010,4.860651,0.139359,0.139359
Decision Tree,2.516000,1.920621,0.595379,0.595379
Decision Tree,1.208000,1.168573,0.039427,0.039427
Decision Tree,1.357000,1.920621,-0.563621,0.563621
Decision Tree,2.254000,1.920621,0.333379,0.333379
Decision Tree,5.000010,3.199582,1.800428,1.800428
Decision Tree,0.851000,1.642797,-0.791797,0.791797
Decision Tree,5.000010,3.311513,1.688497,1.688497
Decision Tree,1.648000,1.642797,0.005203,0.005203
Decision Tree,1.116000,2.330824,-1.214824,1.214824
Decision Tree,1.610000,1.560000,0.050000,0.050000
Decision Tree,2.137000,2.204763,-0.067763,0.067763
Decision Tree,1.165000,1.271581,-0.106581,0.106581
Decision Tree,3.500000,4.860651,-1.360651,1.360651
Decision Tree,1.599000,1.642797,-0.043797,0.043797
Decision Tree,4.383000,3.199582,1.183418,1.183418
Decision Tree,1.711000,1.920621,-0.209621,0.209621
Decision Tree,2.711000,2.375496,0.335504,0.335504
Decision Tree,5.000010,1.800527,3.199483,3.199483
Decision Tree,0.680000,1.680068,-1.000068,1.000068
Decision Tree,1.917000,1.680068,0.236932,0.236932
Decision Tree,2.559000,2.768576,-0.209576,0.209576
Decision Tree,1.125000,1.680068,-0.555068,0.555068
Decision Tree,1.822000,1.642797,0.179203,0.179203
Decision Tree,3.476000,3.605746,-0.129746,0.129746
Decision Tree,3.320000,2.337900,0.982100,0.982100
Decision Tree,1.109000,1.271581,-0.162581,0.162581
Decision Tree,2.119000,1.642797,0.476203,0.476203
Decision Tree,2.625000,2.337900,0.287100,0.287100
Decision Tree,2.379000,1.642797,0.736203,0.736203
Decision Tree,0.900000,1.680068,-0.780068,0.780068
Decision Tree,4.272000,3.199582,1.072418,1.072418
Decision Tree,3.705000,3.311513,0.393487,0.393487
Decision Tree,1.163000,1.271581,-0.108581,0.108581
Decision Tree,1.708000,1.680068,0.027932,0.027932
Decision Tree,2.855000,3.344307,-0.489307,0.489307
Decision Tree,1.115000,3.199582,-2.084582,2.084582
Decision Tree,0.832000,1.642797,-0.810797,0.810797
Decision Tree,2.482000,1.920621,0.561379,0.561379
Decision Tree,3.955000,3.199582,0.755418,0.755418
Decision Tree,2.183000,1.642797,0.540203,0.540203
Decision Tree,5.000010,4.471430,0.528580,0.528580
Decision Tree,0.889000,1.271581,-0.382581,0.382581
Decision Tree,1.810000,1.271581,0.538419,0.538419
Decision Tree,2.809000,3.605746,-0.796746,0.796746
Decision Tree,3.453000,3.199582,0.253418,0.253418
Decision Tree,1.810000,1.920621,-0.110621,0.110621
Decision Tree,1.922000,2.204763,-0.282763,0.282763
Decision Tree,0.781000,0.869319,-0.088319,0.088319
Decision Tree,0.750000,0.869319,-0.119319,0.119319
Decision Tree,4.333000,4.778789,-0.445789,0.445789
Decision Tree,1.601000,1.642797,-0.041797,0.041797
Decision Tree,1.092000,1.271581,-0.179581,0.179581
Decision Tree,0.962000,1.642797,-0.680797,0.680797
Decision Tree,1.914000,1.920621,-0.006621,0.006621
Decision Tree,3.600000,2.682372,0.917628,0.917628
Decision Tree,1.856000,2.337900,-0.481900,0.481900
Decision Tree,1.188000,1.164596,0.023404,0.023404
Decision Tree,1.227000,0.869319,0.357681,0.357681
Decision Tree,2.063000,2.204763,-0.141763,0.141763
Decision Tree,1.956000,1.920621,0.035379,0.035379
Decision Tree,0.756000,1.774529,-1.018529,1.018529
Decision Tree,1.043000,1.642797,-0.599797,0.599797
Decision Tree,3.859000,3.199582,0.659418,0.659418
Decision Tree,1.139000,1.271581,-0.132581,0.132581
Decision Tree,0.794000,1.774529,-0.980529,0.980529
Decision Tree,0.813000,1.168573,-0.355573,0.355573
Decision Tree,1.292000,1.680068,-0.388068,0.388068
Decision Tree,0.735000,0.869319,-0.134319,0.134319
Decision Tree,1.759000,2.337900,-0.578900,0.578900
Decision Tree,1.424000,1.642797,-0.218797,0.218797
Decision Tree,2.341000,1.271581,1.069419,1.069419
Decision Tree,2.867000,3.199582,-0.332582,0.332582
Decision Tree,0.925000,1.271581,-0.346581,0.346581
Decision Tree,1.701000,1.642797,0.058203,0.058203
Decision Tree,1.618000,1.271581,0.346419,0.346419
Decision Tree,2.253000,2.204763,0.048237,0.048237
Decision Tree,1.706000,1.680068,0.025932,0.025932
Decision Tree,3.194000,2.330824,0.863176,0.863176
Decision Tree,0.958000,1.642797,-0.684797,0.684797
Decision Tree,0.734000,1.164596,-0.430596,0.430596
Decision Tree,0.936000,1.560000,-0.624000,0.624000
Decision Tree,0.517000,1.168573,-0.651573,0.651573
Decision Tree,3.587000,2.330824,1.256176,1.256176
Decision Tree,0.647000,0.869319,-0.222319,0.222319
Decision Tree,3.442000,2.768576,0.673424,0.673424
Decision Tree,3.140000,2.624530,0.515470,0.515470
Decision Tree,1.857000,1.680068,0.176932,0.176932
Decision Tree,2.793000,2.204763,0.588237,0.588237
Decision Tree,1.194000,1.800527,-0.606527,0.606527
Decision Tree,2.804000,2.624530,0.179470,0.179470
Decision Tree,1.871000,1.920621,-0.049621,0.049621
Decision Tree,0.838000,0.869319,-0.031319,0.031319
Decision Tree,3.093000,1.642797,1.450203,1.450203
Decision Tree,2.292000,2.768576,-0.476576,0.476576
Decision Tree,2.450000,1.800527,0.649473,0.649473
Decision Tree,2.276000,3.605746,-1.329746,1.329746
Decision Tree,5.000010,3.199582,1.800428,1.800428
Decision Tree,3.208000,2.375496,0.832504,0.832504
Decision Tree,1.473000,1.642797,-0.169797,0.169797
Decision Tree,1.623000,2.204763,-0.581763,0.581763
Decision Tree,2.659000,2.768576,-0.109576,0.109576
Decision Tree,5.000010,4.705653,0.294357,0.294357
Decision Tree,1.891000,2.337900,-0.446900,0.446900
Decision Tree,3.164000,3.649593,-0.485593,0.485593
Decision Tree,1.819000,1.680068,0.138932,0.138932
Decision Tree,2.615000,3.199582,-0.584582,0.584582
Decision Tree,0.690000,1.164596,-0.474596,0.474596
Decision Tree,1.813000,0.869319,0.943681,0.943681
Decision Tree,2.930000,2.375496,0.554504,0.554504
Decision Tree,1.111000,1.920621,-0.809621,0.809621
Decision Tree,2.183000,2.337900,-0.154900,0.154900
Decision Tree,1.472000,1.774529,-0.302529,0.302529
Decision Tree,2.438000,1.164596,1.273404,1.273404
Decision Tree,2.230000,1.920621,0.309379,0.309379
Decision Tree,1.375000,1.271581,0.103419,0.103419
Decision Tree,0.606000,0.869319,-0.263319,0.263319
Decision Tree,2.750000,1.774529,0.975471,0.975471
Decision Tree,3.500000,1.774529,1.725471,1.725471
Decision Tree,1.712000,1.680068,0.031932,0.031932
Decision Tree,0.835000,0.869319,-0.034319,0.034319
Decision Tree,2.250000,2.375496,-0.125496,0.125496
Decision Tree,1.656000,1.680068,-0.024068,0.024068
Decision Tree,1.520000,1.642797,-0.122797,0.122797
Decision Tree,1.920000,1.271581,0.648419,0.648419
Decision Tree,2.542000,2.768576,-0.226576,0.226576
Decision Tree,1.500000,1.271581,0.228419,0.228419
Decision Tree,2.125000,2.337900,-0.212900,0.212900
Decision Tree,0.804000,0.869319,-0.065319,0.065319
Decision Tree,2.065000,2.204763,-0.139763,0.139763
Decision Tree,3.311000,2.768576,0.542424,0.542424
Decision Tree,2.014000,2.204763,-0.190763,0.190763
Decision Tree,1.884000,2.204763,-0.320763,0.320763
Decision Tree,1.954000,2.375496,-0.421496,0.421496
Decision Tree,4.425000,3.972031,0.452969,0.452969
Decision Tree,1.527000,2.337900,-0.810900,0.810900
Decision Tree,5.000010,4.860651,0.139359,0.139359
Decision Tree,2.398000,3.605746,-1.207746,1.207746
Decision Tree,1.594000,1.271581,0.322419,0.322419
Decision Tree,0.918000,1.642797,-0.724797,0.724797
Decision Tree,2.409000,2.182676,0.226324,0.226324
Decision Tree,1.364000,1.642797,-0.278797,0.278797
Decision Tree,1.036000,1.168573,-0.132573,0.132573
Decision Tree,1.325000,1.642797,-0.317797,0.317797
Decision Tree,2.929000,3.199582,-0.270582,0.270582
Decision Tree,0.628000,1.800527,-1.172527,1.172527
Decision Tree,1.121000,1.271581,-0.150581,0.150581
Decision Tree,0.891000,1.642797,-0.751797,0.751797
Decision Tree,1.207000,1.271581,-0.064581,0.064581
Decision Tree,4.714000,3.199582,1.514418,1.514418
Decision Tree,3.147000,3.199582,-0.052582,0.052582
Decision Tree,2.264000,2.337900,-0.073900,0.073900
Decision Tree,4.097000,3.199582,0.897418,0.897418
Decision Tree,1.490000,1.168573,0.321427,0.321427
Decision Tree,1.717000,4.471430,-2.754430,2.754430
Decision Tree,2.355000,3.605746,-1.250746,1.250746
Decision Tree,3.228000,2.768576,0.459424,0.459424
Decision Tree,2.445000,2.337900,0.107100,0.107100
Decision Tree,1.622000,1.642797,-0.020797,0.020797
Decision Tree,3.409000,3.605746,-0.196746,0.196746
Decision Tree,0.574000,0.869319,-0.295319,0.295319
Decision Tree,1.989000,1.642797,0.346203,0.346203
Decision Tree,1.097000,1.271581,-0.174581,0.174581
Decision Tree,1.375000,1.774529,-0.399529,0.399529
Decision Tree,0.857000,2.337900,-1.480900,1.480900
Decision Tree,0.983000,1.271581,-0.288581,0.288581
Decision Tree,1.782000,1.642797,0.139203,0.139203
Decision Tree,1.375000,1.271581,0.103419,0.103419
Decision Tree,2.750000,2.182676,0.567324,0.567324
Decision Tree,3.815000,3.200321,0.614679,0.614679
Decision Tree,5.000010,4.778789,0.221221,0.221221
Decision Tree,5.000010,4.860651,0.139359,0.139359
Decision Tree,1.792000,1.560000,0.232000,0.232000
Decision Tree,2.045000,1.642797,0.402203,0.402203
Decision Tree,3.941000,4.471430,-0.530430,0.530430
Decision Tree,1.844000,1.642797,0.201203,0.201203
Decision Tree,1.740000,1.271581,0.468419,0.468419
Decision Tree,0.807000,1.271581,-0.464581,0.464581
Decision Tree,1.896000,2.337900,-0.441900,0.441900
Decision Tree,0.600000,1.271581,-0.671581,0.671581
Decision Tree,1.266000,1.680068,-0.414068,0.414068
Decision Tree,2.625000,2.375496,0.249504,0.249504
Decision Tree,1.392000,1.271581,0.120419,0.120419
Decision Tree,0.513000,0.869319,-0.356319,0.356319
Decision Tree,2.292000,2.768576,-0.476576,0.476576
Decision Tree,1.011000,2.337900,-1.326900,1.326900
Decision Tree,0.977000,1.271581,-0.294581,0.294581
Decision Tree,1.583000,1.168573,0.414427,0.414427
Decision Tree,3.491000,3.639715,-0.148715,0.148715
Decision Tree,0.855000,3.199582,-2.344582,2.344582
Decision Tree,2.141000,2.337900,-0.196900,0.196900
Decision Tree,2.271000,2.337900,-0.066900,0.066900
Decision Tree,1.557000,1.271581,0.285419,0.285419
Decision Tree,0.668000,0.869319,-0.201319,0.201319
Decision Tree,2.073000,2.204763,-0.131763,0.131763
Decision Tree,2.228000,2.337900,-0.109900,0.109900
Decision Tree,3.545000,2.330824,1.214176,1.214176
Decision Tree,3.405000,3.199582,0.205418,0.205418
Decision Tree,0.529000,0.869319,-0.340319,0.340319
Decision Tree,1.406000,2.330824,-0.924824,0.924824
Decision Tree,1.508000,1.680068,-0.172068,0.172068
Decision Tree,0.561000,0.869319,-0.308319,0.308319
Decision Tree,2.596000,2.768576,-0.172576,0.172576
Decision Tree,3.189000,3.199582,-0.010582,0.010582
Decision Tree,1.484000,2.337900,-0.853900,0.853900
Decision Tree,2.899000,2.337900,0.561100,0.561100
Decision Tree,1.618000,2.375496,-0.757496,0.757496
Decision Tree,2.550000,1.271581,1.278419,1.278419
Decision Tree,0.875000,1.800527,-0.925527,0.925527
Decision Tree,2.450000,3.344307,-0.894307,0.894307
Decision Tree,3.050000,2.330824,0.719176,0.719176
Decision Tree,2.150000,3.199582,-1.049582,1.049582
Decision Tree,2.490000,3.199582,-0.709582,0.709582
Decision Tree,5.000010,4.860651,0.139359,0.139359
Decision Tree,3.200000,1.271581,1.928419,1.928419
Decision Tree,1.740000,1.920621,-0.180621,0.180621
Decision Tree,2.925000,2.337900,0.587100,0.587100
Decision Tree,5.000010,4.778789,0.221221,0.221221
Decision Tree,2.899000,3.605746,-0.706746,0.706746
Decision Tree,4.384000,3.605746,0.778254,0.778254
Decision Tree,1.820000,1.642797,0.177203,0.177203
Decision Tree,1.705000,1.168573,0.536427,0.536427
Decision Tree,0.692000,1.271581,-0.579581,0.579581
Decision Tree,0.956000,1.164596,-0.208596,0.208596
Decision Tree,2.728000,3.311513,-0.583513,0.583513
Decision Tree,0.813000,1.560000,-0.747000,0.747000
Decision Tree,2.724000,2.182676,0.541324,0.541324
Decision Tree,1.526000,1.271581,0.254419,0.254419
Decision Tree,0.559000,0.869319,-0.310319,0.310319
Decision Tree,2.135000,2.204763,-0.069763,0.069763
Decision Tree,3.313000,1.560000,1.753000,1.753000
Decision Tree,2.018000,1.920621,0.097379,0.097379
Decision Tree,0.571000,1.271581,-0.700581,0.700581
Decision Tree,3.318000,3.199582,0.118418,0.118418
Decision Tree,3.659000,1.920621,1.738379,1.738379
Decision Tree,1.275000,1.271581,0.003419,0.003419
Decision Tree,1.118000,1.642797,-0.524797,0.524797
Decision Tree,3.537000,2.204763,1.332237,1.332237
Decision Tree,2.293000,2.337900,-0.044900,0.044900
Decision Tree,0.875000,1.168573,-0.293573,0.293573
Decision Tree,2.375000,2.330824,0.044176,0.044176
Decision Tree,1.133000,1.271581,-0.138581,0.138581
Decision Tree,1.125000,1.164596,-0.039596,0.039596
Decision Tree,1.385000,1.271581,0.113419,0.113419
Decision Tree,3.074000,3.199582,-0.125582,0.125582
Decision Tree,1.009000,1.271581,-0.262581,0.262581
Decision Tree,0.978000,0.869319,0.108681,0.108681
Decision Tree,1.767000,1.642797,0.124203,0.124203
Decision Tree,2.180000,2.330824,-0.150824,0.150824
Decision Tree,2.906000,2.375496,0.530504,0.530504
Decision Tree,1.577000,1.920621,-0.343621,0.343621
Decision Tree,3.480000,3.972031,-0.492031,0.492031
Decision Tree,0.672000,0.869319,-0.197319,0.197319
Decision Tree,2.604000,1.642797,0.961203,0.961203
Decision Tree,1.236000,1.560000,-0.324000,0.324000
Decision Tree,0.675000,0.869319,-0.194319,0.194319
Decision Tree,1.307000,1.642797,-0.335797,0.335797
Decision Tree,0.660000,0.869319,-0.209319,0.209319
Decision Tree,1.666000,2.337900,-0.671900,0.671900
Decision Tree,2.256000,1.920621,0.335379,0.335379
Decision Tree,2.571000,1.642797,0.928203,0.928203
Decision Tree,5.000010,4.860651,0.139359,0.139359
Decision Tree,1.139000,1.271581,-0.132581,0.132581
Decision Tree,0.910000,1.642797,-0.732797,0.732797
Decision Tree,2.174000,2.337900,-0.163900,0.163900
Decision Tree,0.960000,1.271581,-0.311581,0.311581
Decision Tree,1.292000,1.560000,-0.268000,0.268000
Decision Tree,3.502000,3.200321,0.301679,0.301679
Decision Tree,4.421000,4.860651,-0.439651,0.439651
Decision Tree,2.229000,1.271581,0.957419,0.957419
Decision Tree,0.813000,1.168573,-0.355573,0.355573
Decision Tree,1.606000,1.642797,-0.036797,0.036797
Decision Tree,5.000010,2.768576,2.231434,2.231434
Decision Tree,3.412000,3.649593,-0.237593,0.237593
Decision Tree,2.879000,2.768576,0.110424,0.110424
Decision Tree,3.447000,3.605746,-0.158746,0.158746
Decision Tree,1.800000,1.920621,-0.120621,0.120621
Decision Tree,1.678000,2.682372,-1.004372,1.004372
Decision Tree,0.550000,1.164596,-0.614596,0.614596
Decision Tree,0.508000,0.869319,-0.361319,0.361319
Decision Tree,1.426000,1.642797,-0.216797,0.216797
Decision Tree,2.358000,1.920621,0.437379,0.437379
Decision Tree,1.127000,1.642797,-0.515797,0.515797
Decision Tree,2.102000,2.182676,-0.080676,0.080676
Decision Tree,2.107000,0.869319,1.237681,1.237681
Decision Tree,0.654000,0.869319,-0.215319,0.215319
Decision Tree,1.625000,2.330824,-0.705824,0.705824
Decision Tree,1.503000,2.330824,-0.827824,0.827824
Decision Tree,5.000010,3.199582,1.800428,1.800428
Decision Tree,1.014000,1.271581,-0.257581,0.257581
Decision Tree,2.218000,3.199582,-0.981582,0.981582
Decision Tree,2.603000,1.920621,0.682379,0.682379
Decision Tree,1.788000,1.680068,0.107932,0.107932
Decision Tree,1.704000,1.271581,0.432419,0.432419
Decision Tree,3.194000,2.768576,0.425424,0.425424
Decision Tree,1.906000,1.642797,0.263203,0.263203
Decision Tree,1.841000,1.642797,0.198203,0.198203
Decision Tree,1.911000,1.680068,0.230932,0.230932
Decision Tree,1.496000,1.920621,-0.424621,0.424621
Decision Tree,5.000010,4.705653,0.294357,0.294357
Decision Tree,1.834000,1.642797,0.191203,0.191203
Decision Tree,4.441000,3.972031,0.468969,0.468969
Decision Tree,2.427000,1.642797,0.784203,0.784203
Decision Tree,0.762000,1.168573,-0.406573,0.406573
Decision Tree,1.329000,1.642797,-0.313797,0.313797
Decision Tree,4.098000,3.199582,0.898418,0.898418
Decision Tree,1.125000,1.271581,-0.146581,0.146581
Decision Tree,3.766000,2.624530,1.141470,1.141470
Decision Tree,0.505000,1.680068,-1.175068,1.175068
Decision Tree,5.000010,3.344307,1.655703,1.655703
Decision Tree,2.095000,1.642797,0.452203,0.452203
Decision Tree,0.778000,1.271581,-0.493581,0.493581
Decision Tree,2.997000,2.624530,0.372470,0.372470
Decision Tree,3.750000,1.920621,1.829379,1.829379
Decision Tree,1.565000,1.680068,-0.115068,0.115068
Decision Tree,2.400000,2.375496,0.024504,0.024504
Decision Tree,0.772000,0.869319,-0.097319,0.097319
Decision Tree,0.985000,1.271581,-0.286581,0.286581
Decision Tree,5.000010,3.199582,1.800428,1.800428
Decision Tree,1.104000,1.642797,-0.538797,0.538797
Decision Tree,0.864000,1.642797,-0.778797,0.778797
Decision Tree,2.304000,1.680068,0.623932,0.623932
Decision Tree,1.639000,1.642797,-0.003797,0.003797
Decision Tree,5.000010,4.778789,0.221221,0.221221
Decision Tree,0.495000,0.869319,-0.374319,0.374319
Decision Tree,1.074000,1.642797,-0.568797,0.568797
Decision Tree,3.625000,1.271581,2.353419,2.353419
Decision Tree,1.450000,1.680068,-0.230068,0.230068
Decision Tree,2.185000,1.800527,0.384473,0.384473
Decision Tree,1.301000,1.642797,-0.341797,0.341797
Decision Tree,1.460000,1.642797,-0.182797,0.182797
Decision Tree,1.525000,1.168573,0.356427,0.356427
Decision Tree,4.572000,3.605746,0.966254,0.966254
Decision Tree,1.652000,1.920621,-0.268621,0.268621
Decision Tree,3.947000,3.199582,0.747418,0.747418
Decision Tree,1.444000,1.642797,-0.198797,0.198797
Decision Tree,1.366000,1.271581,0.094419,0.094419
Decision Tree,2.164000,3.311513,-1.147513,1.147513
Decision Tree,1.390000,1.642797,-0.252797,0.252797
Decision Tree,1.038000,1.271581,-0.233581,0.233581
Decision Tree,4.885000,3.344307,1.540693,1.540693
Decision Tree,2.271000,2.375496,-0.104496,0.104496
Decision Tree,2.380000,2.375496,0.004504,0.004504
Decision Tree,2.156000,3.605746,-1.449746,1.449746
Decision Tree,2.923000,3.605746,-0.682746,0.682746
Decision Tree,1.459000,2.330824,-0.871824,0.871824
Decision Tree,1.873000,1.642797,0.230203,0.230203
Decision Tree,1.854000,1.642797,0.211203,0.211203
Decision Tree,2.800000,2.330824,0.469176,0.469176
Decision Tree,1.411000,1.680068,-0.269068,0.269068
Decision Tree,1.909000,1.800527,0.108473,0.108473
Decision Tree,2.625000,1.920621,0.704379,0.704379
Decision Tree,4.420000,3.199582,1.220418,1.220418
Decision Tree,2.748000,2.768576,-0.020576,0.020576
Decision Tree,0.855000,1.164596,-0.309596,0.309596
Decision Tree,2.318000,2.768576,-0.450576,0.450576
Decision Tree,3.020000,2.768576,0.251424,0.251424
Decision Tree,2.358000,2.768576,-0.410576,0.410576
Decision Tree,0.722000,1.271581,-0.549581,0.549581
Decision Tree,1.824000,1.642797,0.181203,0.181203
Decision Tree,5.000010,3.199582,1.800428,1.800428
Decision Tree,0.787000,0.869319,-0.082319,0.082319
Decision Tree,1.813000,1.680068,0.132932,0.132932
Decision Tree,1.980000,1.920621,0.059379,0.059379
Decision Tree,1.996000,1.642797,0.353203,0.353203
Decision Tree,0.633000,1.271581,-0.638581,0.638581
Decision Tree,0.940000,1.920621,-0.980621,0.980621
Decision Tree,1.868000,1.642797,0.225203,0.225203
Decision Tree,1.170000,1.642797,-0.472797,0.472797
Decision Tree,1.178000,1.642797,-0.464797,0.464797
Decision Tree,1.210000,2.337900,-1.127900,1.127900
Decision Tree,2.309000,1.642797,0.666203,0.666203
Decision Tree,4.273000,3.199582,1.073418,1.073418
Decision Tree,1.281000,1.800527,-0.519527,0.519527
Decision Tree,3.847000,3.199582,0.647418,0.647418
Decision Tree,2.904000,2.337900,0.566100,0.566100
Decision Tree,0.913000,1.774529,-0.861529,0.861529
Decision Tree,0.619000,0.869319,-0.250319,0.250319
Decision Tree,2.322000,2.337900,-0.015900,0.015900
Decision Tree,1.296000,1.642797,-0.346797,0.346797
Decision Tree,1.275000,1.271581,0.003419,0.003419
Decision Tree,1.505000,1.642797,-0.137797,0.137797
Decision Tree,1.875000,1.680068,0.194932,0.194932
Decision Tree,4.379000,4.860651,-0.481651,0.481651
Decision Tree,1.265000,2.337900,-1.072900,1.072900
Decision Tree,4.534000,4.778789,-0.244789,0.244789
Decision Tree,2.294000,1.920621,0.373379,0.373379
Decision Tree,3.649000,3.199582,0.449418,0.449418
Decision Tree,1.919000,2.269385,-0.350385,0.350385
Decision Tree,0.875000,1.168573,-0.293573,0.293573
Decision Tree,0.300000,1.271581,-0.971581,0.971581
Decision Tree,3.357000,2.337900,1.019100,1.019100
Decision Tree,2.421000,1.642797,0.778203,0.778203
Decision Tree,1.737000,1.642797,0.094203,0.094203
Decision Tree,0.541000,0.869319,-0.328319,0.328319
Decision Tree,2.078000,1.642797,0.435203,0.435203
Decision Tree,1.125000,1.164596,-0.039596,0.039596
Decision Tree,1.667000,1.920621,-0.253621,0.253621
Decision Tree,2.718000,1.920621,0.797379,0.797379
Decision Tree,1.411000,1.920621,-0.509621,0.509621
Decision Tree,3.750000,1.164596,2.585404,2.585404
Decision Tree,1.616000,1.168573,0.447427,0.447427
Decision Tree,1.594000,2.375496,-0.781496,0.781496
Decision Tree,0.863000,1.271581,-0.408581,0.408581
Decision Tree,2.563000,1.920621,0.642379,0.642379
Decision Tree,2.132000,1.680068,0.451932,0.451932
Decision Tree,2.541000,2.375496,0.165504,0.165504
Decision Tree,1.326000,1.920621,-0.594621,0.594621
Decision Tree,1.693000,1.164596,0.528404,0.528404
Decision Tree,3.477000,3.199582,0.277418,0.277418
Decision Tree,1.597000,1.642797,-0.045797,0.045797
Decision Tree,0.909000,1.920621,-1.011621,1.011621
Decision Tree,2.905000,3.199582,-0.294582,0.294582
Decision Tree,1.899000,2.337900,-0.438900,0.438900
Decision Tree,4.956000,4.778789,0.177211,0.177211
Decision Tree,3.333000,3.639715,-0.306715,0.306715
Decision Tree,1.838000,1.642797,0.195203,0.195203
Decision Tree,1.890000,1.642797,0.247203,0.247203
Decision Tree,1.575000,1.168573,0.406427,0.406427
Decision Tree,0.666000,0.869319,-0.203319,0.203319
Decision Tree,1.324000,2.337900,-1.013900,1.013900
Decision Tree,1.560000,1.642797,-0.082797,0.082797
Decision Tree,3.481000,1.642797,1.838203,1.838203
Decision Tree,2.264000,3.199582,-0.935582,0.935582
Decision Tree,0.742000,0.869319,-0.127319,0.127319
Decision Tree,1.583000,2.375496,-0.792496,0.792496
Decision Tree,5.000010,4.860651,0.139359,0.139359
Decision Tree,1.655000,1.680068,-0.025068,0.025068
Decision Tree,3.295000,3.199582,0.095418,0.095418
Decision Tree,1.396000,1.800527,-0.404527,0.404527
Decision Tree,1.529000,1.642797,-0.113797,0.113797
Decision Tree,3.673000,2.682372,0.990628,0.990628
Decision Tree,0.700000,1.271581,-0.571581,0.571581
Decision Tree,0.974000,1.271581,-0.297581,0.297581
Decision Tree,0.659000,1.271581,-0.612581,0.612581
Decision Tree,0.493000,0.869319,-0.376319,0.376319
Decision Tree,1.541000,1.642797,-0.101797,0.101797
Decision Tree,2.728000,2.330824,0.397176,0.397176
Decision Tree,2.471000,3.605746,-1.134746,1.134746
Decision Tree,2.688000,1.168573,1.519427,1.519427
Decision Tree,2.476000,1.642797,0.833203,0.833203
Decision Tree,4.168000,2.768576,1.399424,1.399424
Decision Tree,1.216000,1.642797,-0.426797,0.426797
Decision Tree,1.717000,1.642797,0.074203,0.074203
Decision Tree,1.738000,2.375496,-0.637496,0.637496
Decision Tree,2.356000,2.682372,-0.326372,0.326372
Decision Tree,2.601000,2.337900,0.263100,0.263100
Decision Tree,2.000000,1.680068,0.319932,0.319932
Decision Tree,2.966000,2.624530,0.341470,0.341470
Decision Tree,3.746000,1.642797,2.103203,2.103203
Decision Tree,1.778000,2.182676,-0.404676,0.404676
Decision Tree,2.695000,3.605746,-0.910746,0.910746
Decision Tree,0.620000,0.869319,-0.249319,0.249319
Decision Tree,1.976000,1.642797,0.333203,0.333203
Decision Tree,0.527000,0.869319,-0.342319,0.342319
Decision Tree,1.914000,1.920621,-0.006621,0.006621
Decision Tree,3.177000,2.337900,0.839100,0.839100
Decision Tree,3.294000,2.337900,0.956100,0.956100
Decision Tree,3.307000,3.605746,-0.298746,0.298746
Decision Tree,1.874000,2.204763,-0.330763,0.330763
Decision Tree,2.865000,2.182676,0.682324,0.682324
Decision Tree,5.000010,2.375496,2.624514,2.624514
Decision Tree,1.339000,2.337900,-0.998900,0.998900
Decision Tree,1.998000,1.920621,0.077379,0.077379
Decision Tree,0.450000,1.164596,-0.714596,0.714596
Decision Tree,3.546000,2.768576,0.777424,0.777424
Decision Tree,2.638000,2.337900,0.300100,0.300100
Decision Tree,2.784000,1.642797,1.141203,1.141203
Decision Tree,1.604000,1.168573,0.435427,0.435427
Decision Tree,2.413000,3.344307,-0.931307,0.931307
Decision Tree,2.083000,2.204763,-0.121763,0.121763
Decision Tree,2.636000,2.204763,0.431237,0.431237
Decision Tree,1.450000,1.642797,-0.192797,0.192797
Decision Tree,1.325000,1.271581,0.053419,0.053419
Decision Tree,1.838000,1.271581,0.566419,0.566419
Decision Tree,0.811000,1.271581,-0.460581,0.460581
Decision Tree,1.765000,1.642797,0.122203,0.122203
Decision Tree,2.555000,2.330824,0.224176,0.224176
Decision Tree,1.661000,1.642797,0.018203,0.018203
Decision Tree,1.020000,1.920621,-0.900621,0.900621
Decision Tree,0.861000,1.642797,-0.781797,0.781797
Decision Tree,1.006000,1.271581,-0.265581,0.265581
Decision Tree,5.000000,2.330824,2.669176,2.669176
Decision Tree,2.099000,2.624530,-0.525530,0.525530
Decision Tree,0.525000,1.168573,-0.643573,0.643573
Decision Tree,2.629000,1.271581,1.357419,1.357419
Decision Tree,1.588000,2.204763,-0.616763,0.616763
Decision Tree,2.095000,1.271581,0.823419,0.823419
Decision Tree,3.500000,1.774529,1.725471,1.725471
Decision Tree,2.171000,2.337900,-0.166900,0.166900
Decision Tree,1.414000,1.642797,-0.228797,0.228797
Decision Tree,0.934000,1.271581,-0.337581,0.337581
Decision Tree,1.982000,1.168573,0.813427,0.813427
Decision Tree,1.872000,1.271581,0.600419,0.600419
Decision Tree,1.853000,0.869319,0.983681,0.983681
Decision Tree,5.000010,4.860651,0.139359,0.139359
Decision Tree,2.813000,2.204763,0.608237,0.608237
Decision Tree,1.036000,1.271581,-0.235581,0.235581
Decision Tree,2.879000,2.768576,0.110424,0.110424
Decision Tree,2.083000,1.680068,0.402932,0.402932
Decision Tree,1.750000,3.311513,-1.561513,1.561513
Decision Tree,1.327000,0.869319,0.457681,0.457681
Decision Tree,1.720000,1.271581,0.448419,0.448419
Decision Tree,5.000010,4.860651,0.139359,0.139359
Decision Tree,0.640000,1.164596,-0.524596,0.524596
Decision Tree,2.279000,1.800527,0.478473,0.478473
Decision Tree,0.631000,0.869319,-0.238319,0.238319
Decision Tree,0.841000,1.164596,-0.323596,0.323596
Decision Tree,3.392000,3.344307,0.047693,0.047693
Decision Tree,1.563000,1.271581,0.291419,0.291419
Decision Tree,3.836000,3.199582,0.636418,0.636418
Decision Tree,1.371000,1.642797,-0.271797,0.271797
Decision Tree,0.568000,0.869319,-0.301319,0.301319
Decision Tree,0.700000,1.271581,-0.571581,0.571581
Decision Tree,0.963000,0.869319,0.093681,0.093681
Decision Tree,0.926000,1.560000,-0.634000,0.634000
Decision Tree,3.591000,2.768576,0.822424,0.822424
Decision Tree,1.587000,1.642797,-0.055797,0.055797
Decision Tree,5.000010,3.199582,1.800428,1.800428
Decision Tree,1.146000,1.642797,-0.496797,0.496797
Decision Tree,4.102000,3.972031,0.129969,0.129969
Decision Tree,2.819000,1.642797,1.176203,1.176203
Decision Tree,1.017000,1.271581,-0.254581,0.254581
Decision Tree,1.693000,2.330824,-0.637824,0.637824
Decision Tree,2.078000,2.375496,-0.297496,0.297496
Decision Tree,3.272000,3.199582,0.072418,0.072418
Decision Tree,2.779000,1.642797,1.136203,1.136203
Decision Tree,1.114000,1.271581,-0.157581,0.157581
Decision Tree,0.806000,0.869319,-0.063319,0.063319
Decision Tree,2.075000,2.682372,-0.607372,0.607372
Decision Tree,2.753000,2.337900,0.415100,0.415100
Decision Tree,4.210000,3.605746,0.604254,0.604254
Decision Tree,1.288000,1.560000,-0.272000,0.272000
Decision Tree,3.139000,3.199582,-0.060582,0.060582
Decision Tree,0.676000,1.642797,-0.966797,0.966797
Decision Tree,0.644000,1.168573,-0.524573,0.524573
Decision Tree,1.539000,1.680068,-0.141068,0.141068
Decision Tree,1.307000,2.330824,-1.023824,1.023824
Decision Tree,2.385000,2.330824,0.054176,0.054176
Decision Tree,3.796000,3.605746,0.190254,0.190254
Decision Tree,1.465000,1.800527,-0.335527,0.335527
Decision Tree,1.503000,2.182676,-0.679676,0.679676
Decision Tree,0.803000,1.164596,-0.361596,0.361596
Decision Tree,2.933000,1.800527,1.132473,1.132473
Decision Tree,2.880000,3.605746,-0.725746,0.725746
Decision Tree,1.441000,1.920621,-0.479621,0.479621
Decision Tree,1.270000,1.642797,-0.372797,0.372797
Decision Tree,1.521000,2.330824,-0.809824,0.809824
Decision Tree,1.568000,1.642797,-0.074797,0.074797
Decision Tree,1.049000,1.164596,-0.115596,0.115596
Decision Tree,5.000010,4.860651,0.139359,0.139359
Decision Tree,1.344000,1.642797,-0.298797,0.298797
Decision Tree,5.000010,4.860651,0.139359,0.139359
Decision Tree,2.728000,2.768576,-0.040576,0.040576
Decision Tree,1.516000,1.271581,0.244419,0.244419
Decision Tree,3.626000,2.375496,1.250504,1.250504
Decision Tree,1.692000,1.920621,-0.228621,0.228621
Decision Tree,1.404000,1.642797,-0.238797,0.238797
Decision Tree,0.437000,1.168573,-0.731573,0.731573
Decision Tree,1.360000,2.624530,-1.264530,1.264530
Decision Tree,2.644000,2.768576,-0.124576,0.124576
Decision Tree,1.522000,3.199582,-1.677582,1.677582
Decision Tree,1.375000,1.774529,-0.399529,0.399529
Decision Tree,2.147000,1.168573,0.978427,0.978427
Decision Tree,1.709000,1.642797,0.066203,0.066203
Decision Tree,2.362000,2.375496,-0.013496,0.013496
Decision Tree,2.978000,1.642797,1.335203,1.335203
Decision Tree,0.885000,1.642797,-0.757797,0.757797
Decision Tree,1.276000,1.164596,0.111404,0.111404
Decision Tree,0.802000,1.271581,-0.469581,0.469581
Decision Tree,3.060000,3.199582,-0.139582,0.139582
Decision Tree,4.364000,3.199582,1.164418,1.164418
Decision Tree,2.389000,2.204763,0.184237,0.184237
Decision Tree,2.317000,3.649593,-1.332593,1.332593
Decision Tree,1.229000,1.271581,-0.042581,0.042581
Decision Tree,2.182000,2.337900,-0.155900,0.155900
Decision Tree,3.970000,4.860651,-0.890651,0.890651
Decision Tree,2.603000,1.800527,0.802473,0.802473
Decision Tree,4.357000,3.605746,0.751254,0.751254
Decision Tree,1.640000,2.182676,-0.542676,0.542676
Decision Tree,4.405000,3.605746,0.799254,0.799254
Decision Tree,0.854000,1.642797,-0.788797,0.788797
Decision Tree,1.019000,1.642797,-0.623797,0.623797
Decision Tree,1.594000,2.337900,-0.743900,0.743900
Decision Tree,1.903000,2.682372,-0.779372,0.779372
Decision Tree,1.000000,1.642797,-0.642797,0.642797
Decision Tree,1.396000,1.774529,-0.378529,0.378529
Decision Tree,5.000010,4.860651,0.139359,0.139359
Decision Tree,1.545000,1.642797,-0.097797,0.097797
Decision Tree,1.705000,1.642797,0.062203,0.062203
Decision Tree,1.106000,1.680068,-0.574068,0.574068
Decision Tree,1.912000,3.199582,-1.287582,1.287582
Decision Tree,2.872000,4.471430,-1.599430,1.599430
Decision Tree,1.501000,1.642797,-0.141797,0.141797
Decision Tree,2.383000,2.337900,0.045100,0.045100
Decision Tree,1.542000,1.774529,-0.232529,0.232529
Decision Tree,2.805000,1.642797,1.162203,1.162203
Decision Tree,1.619000,1.920621,-0.301621,0.301621
Decision Tree,2.656000,3.311513,-0.655513,0.655513
Decision Tree,1.227000,1.642797,-0.415797,0.415797
Decision Tree,2.312000,2.204763,0.107237,0.107237
Decision Tree,3.191000,1.642797,1.548203,1.548203
Decision Tree,2.313000,2.337900,-0.024900,0.024900
Decision Tree,5.000010,4.860651,0.139359,0.139359
Decision Tree,1.212000,1.800527,-0.588527,0.588527
Decision Tree,2.225000,1.642797,0.582203,0.582203
Decision Tree,4.500000,2.768576,1.731424,1.731424
Decision Tree,1.021000,1.168573,-0.147573,0.147573
Decision Tree,2.012000,1.642797,0.369203,0.369203
Decision Tree,1.042000,1.168573,-0.126573,0.126573
Decision Tree,5.000010,4.860651,0.139359,0.139359
Decision Tree,1.320000,1.164596,0.155404,0.155404
Decision Tree,2.211000,1.920621,0.290379,0.290379
Decision Tree,1.516000,1.920621,-0.404621,0.404621
Decision Tree,1.469000,0.869319,0.599681,0.599681
Decision Tree,1.512000,1.920621,-0.408621,0.408621
Decision Tree,1.651000,1.642797,0.008203,0.008203
Decision Tree,2.136000,2.337900,-0.201900,0.201900
Decision Tree,2.135000,2.330824,-0.195824,0.195824
Decision Tree,5.000010,4.471430,0.528580,0.528580
Decision Tree,4.380000,3.639715,0.740285,0.740285
Decision Tree,1.838000,1.920621,-0.082621,0.082621
Decision Tree,3.500000,2.182676,1.317324,1.317324
Decision Tree,1.593000,1.642797,-0.049797,0.049797
Decision Tree,1.291000,1.271581,0.019419,0.019419
Decision Tree,0.766000,0.869319,-0.103319,0.103319
Decision Tree,2.250000,1.271581,0.978419,0.978419
Decision Tree,2.308000,1.680068,0.627932,0.627932
Decision Tree,4.318000,4.860651,-0.542651,0.542651
Decision Tree,1.910000,3.605746,-1.695746,1.695746
Decision Tree,0.847000,0.869319,-0.022319,0.022319
Decision Tree,1.525000,1.774529,-0.249529,0.249529
Decision Tree,0.676000,0.869319,-0.193319,0.193319
Decision Tree,1.982000,1.642797,0.339203,0.339203
Decision Tree,3.063000,2.182676,0.880324,0.880324
Decision Tree,1.221000,1.642797,-0.421797,0.421797
Decision Tree,2.761000,2.768576,-0.007576,0.007576
Decision Tree,1.030000,1.271581,-0.241581,0.241581
Decision Tree,4.091000,2.624530,1.466470,1.466470
Decision Tree,1.352000,1.680068,-0.328068,0.328068
Decision Tree,1.216000,2.330824,-1.114824,1.114824
Decision Tree,1.828000,1.271581,0.556419,0.556419
Decision Tree,2.280000,2.330824,-0.050824,0.050824
Decision Tree,1.100000,1.271581,-0.171581,0.171581
Decision Tree,1.112000,1.271581,-0.159581,0.159581
Decision Tree,0.847000,0.869319,-0.022319,0.022319
Decision Tree,4.473000,3.649593,0.823407,0.823407
Decision Tree,0.883000,1.168573,-0.285573,0.285573
Decision Tree,0.871000,0.869319,0.001681,0.001681
Decision Tree,1.875000,1.680068,0.194932,0.194932
Decision Tree,1.469000,1.680068,-0.211068,0.211068
Decision Tree,1.031000,1.271581,-0.240581,0.240581
Decision Tree,3.437000,3.972031,-0.535031,0.535031
Decision Tree,0.982000,1.271581,-0.289581,0.289581
Decision Tree,2.625000,1.680068,0.944932,0.944932
Decision Tree,0.774000,1.271581,-0.497581,0.497581
Decision Tree,1.351000,1.642797,-0.291797,0.291797
Decision Tree,1.347000,1.800527,-0.453527,0.453527
Decision Tree,2.313000,1.680068,0.632932,0.632932
Decision Tree,1.586000,1.642797,-0.056797,0.056797
Decision Tree,1.016000,1.271581,-0.255581,0.255581
Decision Tree,1.220000,1.642797,-0.422797,0.422797
Decision Tree,3.800000,3.649593,0.150407,0.150407
Decision Tree,1.894000,1.642797,0.251203,0.251203
Decision Tree,4.400000,2.768576,1.631424,1.631424
Decision Tree,0.700000,1.271581,-0.571581,0.571581
Decision Tree,0.700000,0.869319,-0.169319,0.169319
Decision Tree,3.335000,2.337900,0.997100,0.997100
Decision Tree,1.018000,1.168573,-0.150573,0.150573
Decision Tree,5.000010,4.860651,0.139359,0.139359
Decision Tree,3.605000,3.199582,0.405418,0.405418
Decision Tree,1.695000,2.337900,-0.642900,0.642900
Decision Tree,2.056000,1.271581,0.784419,0.784419
Decision Tree,1.663000,1.642797,0.020203,0.020203
Decision Tree,0.325000,1.168573,-0.843573,0.843573
Decision Tree,3.627000,2.768576,0.858424,0.858424
Decision Tree,1.745000,1.168573,0.576427,0.576427
Decision Tree,1.976000,1.642797,0.333203,0.333203
Decision Tree,1.830000,1.642797,0.187203,0.187203
Decision Tree,1.583000,1.168573,0.414427,0.414427
Decision Tree,1.002000,1.642797,-0.640797,0.640797
Decision Tree,0.875000,1.774529,-0.899529,0.899529
Decision Tree,4.611000,1.800527,2.810473,2.810473
Decision Tree,1.902000,3.605746,-1.703746,1.703746
Decision Tree,2.323000,2.624530,-0.301530,0.301530
Decision Tree,2.216000,1.920621,0.295379,0.295379
Decision Tree,2.269000,2.375496,-0.106496,0.106496
Decision Tree,2.242000,2.337900,-0.095900,0.095900
Decision Tree,1.198000,1.164596,0.033404,0.033404
Decision Tree,0.782000,1.271581,-0.489581,0.489581
Decision Tree,1.651000,1.774529,-0.123529,0.123529
Decision Tree,2.139000,4.860651,-2.721651,2.721651
Decision Tree,0.697000,0.869319,-0.172319,0.172319
Decision Tree,1.058000,1.164596,-0.106596,0.106596
Decision Tree,0.750000,1.774529,-1.024529,1.024529
Decision Tree,0.917000,1.642797,-0.725797,0.725797
Decision Tree,2.695000,2.768576,-0.073576,0.073576
Decision Tree,0.682000,0.869319,-0.187319,0.187319
Decision Tree,1.658000,1.642797,0.015203,0.015203
Decision Tree,1.546000,1.920621,-0.374621,0.374621
Decision Tree,4.727000,3.605746,1.121254,1.121254
Decision Tree,3.459000,3.649593,-0.190593,0.190593
Decision Tree,2.307000,2.768576,-0.461576,0.461576
Decision Tree,3.000000,1.774529,1.225471,1.225471
Decision Tree,2.494000,2.204763,0.289237,0.289237
Decision Tree,4.357000,3.199582,1.157418,1.157418
Decision Tree,2.258000,2.682372,-0.424372,0.424372
Decision Tree,1.750000,1.168573,0.581427,0.581427
Decision Tree,1.784000,1.164596,0.619404,0.619404
Decision Tree,2.760000,1.642797,1.117203,1.117203
Decision Tree,1.159000,1.271581,-0.112581,0.112581
Decision Tree,2.143000,2.375496,-0.232496,0.232496
Decision Tree,1.183000,0.869319,0.313681,0.313681
Decision Tree,5.000010,1.800527,3.199483,3.199483
Decision Tree,1.521000,1.920621,-0.399621,0.399621
Decision Tree,1.404000,1.271581,0.132419,0.132419
Decision Tree,2.226000,2.337900,-0.111900,0.111900
Decision Tree,4.445000,3.605746,0.839254,0.839254
Decision Tree,5.000000,3.605746,1.394254,1.394254
Decision Tree,1.633000,1.642797,-0.009797,0.009797
Decision Tree,1.938000,2.375496,-0.437496,0.437496
Decision Tree,0.905000,1.271581,-0.366581,0.366581
Decision Tree,1.152000,0.869319,0.282681,0.282681
Decision Tree,1.470000,2.330824,-0.860824,0.860824
Decision Tree,2.739000,2.768576,-0.029576,0.029576
Decision Tree,1.909000,2.182676,-0.273676,0.273676
Decision Tree,0.748000,0.869319,-0.121319,0.121319
Decision Tree,5.000010,1.774529,3.225481,3.225481
Decision Tree,1.185000,1.168573,0.016427,0.016427
Decision Tree,5.000010,1.164596,3.835414,3.835414
Decision Tree,0.550000,1.680068,-1.130068,1.130068
Decision Tree,0.584000,0.869319,-0.285319,0.285319
Decision Tree,0.958000,1.168573,-0.210573,0.210573
Decision Tree,0.992000,1.774529,-0.782529,0.782529
Decision Tree,1.674000,2.204763,-0.530763,0.530763
Decision Tree,0.705000,1.642797,-0.937797,0.937797
Decision Tree,0.675000,1.271581,-0.596581,0.596581
Decision Tree,0.757000,1.271581,-0.514581,0.514581
Decision Tree,1.830000,1.642797,0.187203,0.187203
Decision Tree,5.000010,4.860651,0.139359,0.139359
Decision Tree,0.973000,1.271581,-0.298581,0.298581
Decision Tree,2.300000,2.768576,-0.468576,0.468576
Decision Tree,0.829000,1.168573,-0.339573,0.339573
Decision Tree,0.522000,0.869319,-0.347319,0.347319
Decision Tree,1.148000,1.680068,-0.532068,0.532068
Decision Tree,0.880000,1.920621,-1.040621,1.040621
Decision Tree,2.242000,2.375496,-0.133496,0.133496
Decision Tree,1.500000,1.680068,-0.180068,0.180068
Decision Tree,3.417000,3.649593,-0.232593,0.232593
Decision Tree,1.817000,2.330824,-0.513824,0.513824
Decision Tree,1.406000,2.330824,-0.924824,0.924824
Decision Tree,0.727000,0.869319,-0.142319,0.142319
Decision Tree,2.109000,2.330824,-0.221824,0.221824
Decision Tree,0.977000,1.271581,-0.294581,0.294581
Decision Tree,1.097000,0.869319,0.227681,0.227681
Decision Tree,1.656000,2.330824,-0.674824,0.674824
Decision Tree,2.306000,1.642797,0.663203,0.663203
Decision Tree,1.638000,2.182676,-0.544676,0.544676
Decision Tree,0.958000,1.164596,-0.206596,0.206596
Decision Tree,0.481000,1.168573,-0.687573,0.687573
Decision Tree,0.444000,0.869319,-0.425319,0.425319
Decision Tree,2.379000,2.204763,0.174237,0.174237
Decision Tree,2.848000,3.200321,-0.352321,0.352321
Decision Tree,1.648000,0.869319,0.778681,0.778681
Decision Tree,2.000000,1.680068,0.319932,0.319932
Decision Tree,0.778000,0.869319,-0.091319,0.091319
Decision Tree,1.860000,1.642797,0.217203,0.217203
Decision Tree,1.697000,1.642797,0.054203,0.054203
Decision Tree,4.188000,1.800527,2.387473,2.387473
Decision Tree,0.733000,1.168573,-0.435573,0.435573
Decision Tree,0.870000,1.168573,-0.298573,0.298573
Decision Tree,1.682000,1.642797,0.039203,0.039203
Decision Tree,1.543000,1.920621,-0.377621,0.377621
Decision Tree,2.250000,3.649593,-1.399593,1.399593
Decision Tree,3.330000,2.682372,0.647628,0.647628
Decision Tree,2.259000,2.768576,-0.509576,0.509576
Decision Tree,1.381000,1.642797,-0.261797,0.261797
Decision Tree,1.127000,1.271581,-0.144581,0.144581
Decision Tree,2.316000,3.199582,-0.883582,0.883582
Decision Tree,4.191000,2.182676,2.008324,2.008324
Decision Tree,2.211000,1.680068,0.530932,0.530932
Decision Tree,1.554000,2.330824,-0.776824,0.776824
Decision Tree,1.517000,1.642797,-0.125797,0.125797
Decision Tree,2.489000,2.204763,0.284237,0.284237
Decision Tree,1.532000,1.271581,0.260419,0.260419
Decision Tree,1.265000,1.642797,-0.377797,0.377797
Decision Tree,2.400000,3.605746,-1.205746,1.205746
Decision Tree,1.861000,1.680068,0.180932,0.180932
Decision Tree,5.000010,3.972031,1.027979,1.027979
Decision Tree,1.816000,1.680068,0.135932,0.135932
Decision Tree,1.781000,2.375496,-0.594496,0.594496
Decision Tree,0.692000,1.680068,-0.988068,0.988068
Decision Tree,0.668000,0.869319,-0.201319,0.201319
Decision Tree,5.000010,4.860651,0.139359,0.139359
Decision Tree,1.813000,2.375496,-0.562496,0.562496
Decision Tree,3.964000,4.471430,-0.507430,0.507430
Decision Tree,1.875000,2.337900,-0.462900,0.462900
Decision Tree,2.979000,2.768576,0.210424,0.210424
Decision Tree,3.454000,2.375496,1.078504,1.078504
Decision Tree,2.451000,1.920621,0.530379,0.530379
Decision Tree,1.055000,1.642797,-0.587797,0.587797
Decision Tree,1.011000,1.168573,-0.157573,0.157573
Decision Tree,1.417000,2.330824,-0.913824,0.913824
Decision Tree,4.309000,3.605746,0.703254,0.703254
Decision Tree,2.863000,1.271581,1.591419,1.591419
Decision Tree,1.130000,1.164596,-0.034596,0.034596
Decision Tree,4.667000,4.471430,0.195570,0.195570
Decision Tree,1.686000,1.642797,0.043203,0.043203
Decision Tree,3.605000,3.199582,0.405418,0.405418
Decision Tree,2.564000,2.375496,0.188504,0.188504
Decision Tree,1.139000,2.375496,-1.236496,1.236496
Decision Tree,3.504000,3.605746,-0.101746,0.101746
Decision Tree,2.091000,2.182676,-0.091676,0.091676
Decision Tree,1.315000,2.330824,-1.015824,1.015824
Decision Tree,2.167000,2.768576,-0.601576,0.601576
Decision Tree,1.013000,1.164596,-0.151596,0.151596
Decision Tree,2.028000,1.642797,0.385203,0.385203
Decision Tree,1.176000,1.642797,-0.466797,0.466797
Decision Tree,2.926000,1.642797,1.283203,1.283203
Decision Tree,5.000010,4.860651,0.139359,0.139359
Decision Tree,1.303000,1.642797,-0.339797,0.339797
Decision Tree,0.924000,0.869319,0.054681,0.054681
Decision Tree,1.125000,1.168573,-0.043573,0.043573
Decision Tree,1.542000,1.168573,0.373427,0.373427
Decision Tree,1.040000,0.869319,0.170681,0.170681
Decision Tree,1.216000,2.330824,-1.114824,1.114824
Decision Tree,2.063000,2.375496,-0.312496,0.312496
Decision Tree,1.083000,1.920621,-0.837621,0.837621
Decision Tree,3.494000,2.768576,0.725424,0.725424
Decision Tree,0.833000,0.869319,-0.036319,0.036319
Decision Tree,2.458000,2.624530,-0.166530,0.166530
Decision Tree,0.915000,2.330824,-1.415824,1.415824
Decision Tree,5.000010,4.860651,0.139359,0.139359
Decision Tree,5.000010,2.375496,2.624514,2.624514
Decision Tree,1.905000,1.642797,0.262203,0.262203
Decision Tree,1.083000,1.168573,-0.085573,0.085573
Decision Tree,0.896000,1.642797,-0.746797,0.746797
Decision Tree,5.000010,4.860651,0.139359,0.139359
Decision Tree,0.946000,1.642797,-0.696797,0.696797
Decision Tree,0.675000,4.471430,-3.796430,3.796430
Decision Tree,1.775000,2.768576,-0.993576,0.993576
Decision Tree,2.613000,2.337900,0.275100,0.275100
Decision Tree,5.000010,2.204763,2.795247,2.795247
Decision Tree,1.684000,2.204763,-0.520763,0.520763
Decision Tree,2.453000,2.337900,0.115100,0.115100
Decision Tree,2.400000,2.337900,0.062100,0.062100
Decision Tree,1.565000,1.642797,-0.077797,0.077797
Decision Tree,5.000010,2.337900,2.662110,2.662110
Decision Tree,2.356000,2.624530,-0.268530,0.268530
Decision Tree,1.856000,1.920621,-0.064621,0.064621
Decision Tree,3.167000,1.774529,1.392471,1.392471
Decision Tree,1.188000,1.271581,-0.083581,0.083581
Decision Tree,2.485000,2.337900,0.147100,0.147100
Decision Tree,2.365000,2.337900,0.027100,0.027100
Decision Tree,0.946000,0.869319,0.076681,0.076681
Decision Tree,1.768000,1.642797,0.125203,0.125203
Decision Tree,1.486000,1.642797,-0.156797,0.156797
Decision Tree,1.953000,1.680068,0.272932,0.272932
Decision Tree,2.159000,1.920621,0.238379,0.238379
Decision Tree,1.266000,1.642797,-0.376797,0.376797
Decision Tree,1.739000,1.680068,0.058932,0.058932
Decision Tree,1.830000,2.375496,-0.545496,0.545496
Decision Tree,0.743000,1.800527,-1.057527,1.057527
Decision Tree,2.247000,1.920621,0.326379,0.326379
Decision Tree,1.016000,1.642797,-0.626797,0.626797
Decision Tree,3.910000,2.624530,1.285470,1.285470
Decision Tree,2.650000,1.642797,1.007203,1.007203
Decision Tree,5.000010,4.860651,0.139359,0.139359
Decision Tree,1.865000,1.920621,-0.055621,0.055621
Decision Tree,0.780000,1.271581,-0.491581,0.491581
Decision Tree,0.808000,1.642797,-0.834797,0.834797
Decision Tree,1.896000,2.337900,-0.441900,0.441900
Decision Tree,1.992000,3.199582,-1.207582,1.207582
Decision Tree,1.896000,1.642797,0.253203,0.253203
Decision Tree,1.600000,1.271581,0.328419,0.328419
Decision Tree,3.753000,3.972031,-0.219031,0.219031
Decision Tree,1.667000,1.271581,0.395419,0.395419
Decision Tree,2.156000,1.642797,0.513203,0.513203
Decision Tree,2.286000,1.642797,0.643203,0.643203
Decision Tree,1.713000,1.271581,0.441419,0.441419
Decision Tree,4.310000,3.605746,0.704254,0.704254
Decision Tree,2.751000,2.204763,0.546237,0.546237
Decision Tree,2.768000,3.344307,-0.576307,0.576307
Decision Tree,0.463000,0.869319,-0.406319,0.406319
Decision Tree,1.440000,1.642797,-0.202797,0.202797
Decision Tree,0.943000,0.869319,0.073681,0.073681
Decision Tree,1.576000,1.168573,0.407427,0.407427
Decision Tree,1.945000,1.642797,0.302203,0.302203
Decision Tree,3.511000,2.375496,1.135504,1.135504
Decision Tree,4.534000,3.199582,1.334418,1.334418
Decision Tree,2.246000,1.271581,0.974419,0.974419
Decision Tree,1.556000,1.680068,-0.124068,0.124068
Decision Tree,2.420000,4.860651,-2.440651,2.440651
Decision Tree,0.700000,1.271581,-0.571581,0.571581
Decision Tree,0.713000,1.164596,-0.451596,0.451596
Decision Tree,0.668000,0.869319,-0.201319,0.201319
Decision Tree,1.531000,2.375496,-0.844496,0.844496
Decision Tree,1.375000,2.330824,-0.955824,0.955824
Decision Tree,2.304000,2.624530,-0.320530,0.320530
Decision Tree,2.422000,2.337900,0.084100,0.084100
Decision Tree,3.019000,2.204763,0.814237,0.814237
Decision Tree,4.158000,3.344307,0.813693,0.813693
Decision Tree,1.565000,1.920621,-0.355621,0.355621
Decision Tree,0.786000,0.869319,-0.083319,0.083319
Decision Tree,4.414000,3.972031,0.441969,0.441969
Decision Tree,1.843000,1.680068,0.162932,0.162932
Decision Tree,2.765000,3.649593,-0.884593,0.884593
Decision Tree,2.328000,1.642797,0.685203,0.685203
Decision Tree,0.604000,1.774529,-1.170529,1.170529
Decision Tree,2.241000,1.560000,0.681000,0.681000
Decision Tree,4.390000,3.649593,0.740407,0.740407
Decision Tree,1.231000,1.271581,-0.040581,0.040581
Decision Tree,2.557000,2.768576,-0.211576,0.211576
Decision Tree,0.576000,0.869319,-0.293319,0.293319
Decision Tree,1.998000,1.920621,0.077379,0.077379
Decision Tree,0.513000,0.869319,-0.356319,0.356319
Decision Tree,3.482000,2.768576,0.713424,0.713424
Decision Tree,3.628000,3.605746,0.022254,0.022254
Decision Tree,2.403000,2.337900,0.065100,0.065100
Decision Tree,0.736000,1.271581,-0.535581,0.535581
Decision Tree,1.726000,1.642797,0.083203,0.083203
Decision Tree,2.290000,2.375496,-0.085496,0.085496
Decision Tree,1.663000,1.642797,0.020203,0.020203
Decision Tree,0.833000,1.164596,-0.331596,0.331596
Decision Tree,5.000010,4.778789,0.221221,0.221221
Decision Tree,3.329000,2.768576,0.560424,0.560424
Decision Tree,0.543000,0.869319,-0.326319,0.326319
Decision Tree,2.417000,3.199582,-0.782582,0.782582
Decision Tree,3.875000,2.682372,1.192628,1.192628
Decision Tree,1.364000,2.375496,-1.011496,1.011496
Decision Tree,0.983000,1.560000,-0.577000,0.577000
Decision Tree,1.760000,1.800527,-0.040527,0.040527
Decision Tree,0.630000,0.869319,-0.239319,0.239319
Decision Tree,2.369000,1.642797,0.726203,0.726203
Decision Tree,0.972000,1.642797,-0.670797,0.670797
Decision Tree,2.200000,1.774529,0.425471,0.425471
Decision Tree,1.058000,2.330824,-1.272824,1.272824
Decision Tree,2.709000,1.920621,0.788379,0.788379
Decision Tree,0.994000,1.642797,-0.648797,0.648797
Decision Tree,1.663000,1.168573,0.494427,0.494427
Decision Tree,1.438000,2.330824,-0.892824,0.892824
Decision Tree,1.406000,1.800527,-0.394527,0.394527
Decision Tree,3.309000,2.768576,0.540424,0.540424
Decision Tree,1.569000,3.199582,-1.630582,1.630582
Decision Tree,5.000010,3.649593,1.350417,1.350417
Decision Tree,1.625000,1.774529,-0.149529,0.149529
Decision Tree,1.248000,2.337900,-1.089900,1.089900
Decision Tree,2.161000,1.271581,0.889419,0.889419
Decision Tree,1.714000,2.330824,-0.616824,0.616824
Decision Tree,3.256000,2.624530,0.631470,0.631470
Decision Tree,1.098000,1.168573,-0.070573,0.070573
Decision Tree,2.762000,1.642797,1.119203,1.119203
Decision Tree,1.299000,1.271581,0.027419,0.027419
Decision Tree,2.923000,2.182676,0.740324,0.740324
Decision Tree,3.415000,3.311513,0.103487,0.103487
Decision Tree,0.668000,1.164596,-0.496596,0.496596
Decision Tree,2.388000,1.642797,0.745203,0.745203
Decision Tree,0.774000,1.271581,-0.497581,0.497581
Decision Tree,0.824000,1.271581,-0.447581,0.447581
Decision Tree,3.599000,3.199582,0.399418,0.399418
Decision Tree,4.657000,3.605746,1.051254,1.051254
Decision Tree,2.140000,2.337900,-0.197900,0.197900
Decision Tree,1.071000,1.642797,-0.571797,0.571797
Decision Tree,1.578000,1.920621,-0.342621,0.342621
Decision Tree,1.193000,1.642797,-0.449797,0.449797
Decision Tree,2.329000,2.337900,-0.008900,0.008900
Decision Tree,1.795000,2.204763,-0.409763,0.409763
Decision Tree,0.701000,1.168573,-0.467573,0.467573
Decision Tree,0.550000,1.774529,-1.224529,1.224529
Decision Tree,0.659000,0.869319,-0.210319,0.210319
Decision Tree,0.996000,1.271581,-0.275581,0.275581
Decision Tree,5.000010,4.860651,0.139359,0.139359
Decision Tree,1.641000,2.204763,-0.563763,0.563763
Decision Tree,0.770000,1.164596,-0.394596,0.394596
Decision Tree,1.403000,1.642797,-0.239797,0.239797
Decision Tree,1.729000,1.271581,0.457419,0.457419
Decision Tree,5.000010,3.199582,1.800428,1.800428
Decision Tree,3.143000,1.800527,1.342473,1.342473
Decision Tree,5.000010,3.199582,1.800428,1.800428
Decision Tree,5.000010,4.860651,0.139359,0.139359
Decision Tree,1.430000,1.168573,0.261427,0.261427
Decision Tree,2.806000,2.337900,0.468100,0.468100
Decision Tree,3.750000,2.375496,1.374504,1.374504
Decision Tree,1.375000,1.774529,-0.399529,0.399529
Decision Tree,3.371000,3.200321,0.170679,0.170679
Decision Tree,1.280000,2.375496,-1.095496,1.095496
Decision Tree,1.854000,1.800527,0.053473,0.053473
Decision Tree,0.630000,0.869319,-0.239319,0.239319
Decision Tree,1.095000,1.642797,-0.547797,0.547797
Decision Tree,4.000000,1.774529,2.225471,2.225471
Decision Tree,1.519000,3.605746,-2.086746,2.086746
Decision Tree,0.563000,1.168573,-0.605573,0.605573
Decision Tree,1.025000,1.271581,-0.246581,0.246581
Decision Tree,2.250000,2.375496,-0.125496,0.125496
Decision Tree,1.455000,1.271581,0.183419,0.183419
Decision Tree,3.631000,2.375496,1.255504,1.255504
Decision Tree,2.490000,0.869319,1.620681,1.620681
Decision Tree,4.153000,3.605746,0.547254,0.547254
Decision Tree,2.674000,2.204763,0.469237,0.469237
Decision Tree,0.750000,0.869319,-0.119319,0.119319
Decision Tree,2.500000,1.680068,0.819932,0.819932
Decision Tree,1.618000,1.164596,0.453404,0.453404
Decision Tree,0.975000,1.168573,-0.193573,0.193573
Decision Tree,1.115000,1.271581,-0.156581,0.156581
Decision Tree,0.873000,1.168573,-0.295573,0.295573
Decision Tree,2.729000,2.330824,0.398176,0.398176
Decision Tree,1.244000,1.642797,-0.398797,0.398797
Decision Tree,2.287000,3.311513,-1.024513,1.024513
Decision Tree,2.295000,1.920621,0.374379,0.374379
Decision Tree,1.625000,1.680068,-0.055068,0.055068
Decision Tree,0.800000,1.271581,-0.471581,0.471581
Decision Tree,1.188000,1.774529,-0.586529,0.586529
Decision Tree,2.442000,3.649593,-1.207593,1.207593
Decision Tree,1.875000,1.642797,0.232203,0.232203
Decision Tree,2.460000,2.337900,0.122100,0.122100
Decision Tree,1.026000,1.168573,-0.142573,0.142573
Decision Tree,1.167000,1.168573,-0.001573,0.001573
Decision Tree,1.375000,1.774529,-0.399529,0.399529
Decision Tree,1.719000,3.649593,-1.930593,1.930593
Decision Tree,1.031000,1.680068,-0.649068,0.649068
Decision Tree,2.391000,1.642797,0.748203,0.748203
Decision Tree,1.940000,2.337900,-0.397900,0.397900
Decision Tree,2.199000,1.642797,0.556203,0.556203
Decision Tree,3.800000,4.471430,-0.671430,0.671430
Decision Tree,1.557000,1.271581,0.285419,0.285419
Decision Tree,0.899000,0.869319,0.029681,0.029681
Decision Tree,0.893000,1.920621,-1.027621,1.027621
Decision Tree,0.550000,1.168573,-0.618573,0.618573
Decision Tree,0.498000,0.869319,-0.371319,0.371319
Decision Tree,1.464000,1.164596,0.299404,0.299404
Decision Tree,2.780000,2.768576,0.011424,0.011424
Decision Tree,2.887000,3.649593,-0.762593,0.762593
Decision Tree,1.292000,1.680068,-0.388068,0.388068
Decision Tree,2.216000,2.337900,-0.121900,0.121900
Decision Tree,0.856000,2.337900,-1.481900,1.481900
Decision Tree,1.604000,1.680068,-0.076068,0.076068
Decision Tree,0.576000,0.869319,-0.293319,0.293319
Decision Tree,3.485000,3.199582,0.285418,0.285418
Decision Tree,1.994000,2.204763,-0.210763,0.210763
Decision Tree,0.971000,1.168573,-0.197573,0.197573
Decision Tree,0.581000,0.869319,-0.288319,0.288319
Decision Tree,3.010000,3.199582,-0.189582,0.189582
Decision Tree,0.742000,1.271581,-0.529581,0.529581
Decision Tree,2.494000,3.199582,-0.705582,0.705582
Decision Tree,2.670000,2.768576,-0.098576,0.098576
Decision Tree,1.199000,1.271581,-0.072581,0.072581
Decision Tree,0.777000,1.164596,-0.387596,0.387596
Decision Tree,1.434000,1.800527,-0.366527,0.366527
Decision Tree,0.612000,0.869319,-0.257319,0.257319
Decision Tree,2.068000,1.642797,0.425203,0.425203
Decision Tree,3.282000,3.311513,-0.029513,0.029513
Decision Tree,3.606000,3.199582,0.406418,0.406418
Decision Tree,1.078000,1.774529,-0.696529,0.696529
Decision Tree,0.515000,0.869319,-0.354319,0.354319
Decision Tree,0.675000,1.774529,-1.099529,1.099529
Decision Tree,1.841000,1.800527,0.040473,0.040473
Decision Tree,2.000000,1.774529,0.225471,0.225471
Decision Tree,3.540000,1.800527,1.739473,1.739473
Decision Tree,3.938000,2.330824,1.607176,1.607176
Decision Tree,1.321000,1.642797,-0.321797,0.321797
Decision Tree,3.065000,2.768576,0.296424,0.296424
Decision Tree,1.349000,1.168573,0.180427,0.180427
Decision Tree,3.193000,3.344307,-0.151307,0.151307
Decision Tree,3.039000,2.337900,0.701100,0.701100
Decision Tree,3.500000,1.680068,1.819932,1.819932
Decision Tree,2.312000,2.337900,-0.025900,0.025900
Decision Tree,1.313000,1.642797,-0.329797,0.329797
Decision Tree,1.208000,1.642797,-0.434797,0.434797
Decision Tree,1.352000,1.271581,0.080419,0.080419
Decision Tree,0.689000,1.271581,-0.582581,0.582581
Decision Tree,4.250000,1.642797,2.607203,2.607203
Decision Tree,1.605000,1.168573,0.436427,0.436427
Decision Tree,1.510000,1.642797,-0.132797,0.132797
Decision Tree,3.495000,4.778789,-1.283789,1.283789
Decision Tree,0.602000,0.869319,-0.267319,0.267319
Decision Tree,3.964000,3.199582,0.764418,0.764418
Decision Tree,2.785000,3.199582,-0.414582,0.414582
Decision Tree,2.393000,2.375496,0.017504,0.017504
Decision Tree,2.249000,1.642797,0.606203,0.606203
Decision Tree,0.913000,1.774529,-0.861529,0.861529
Decision Tree,1.114000,2.330824,-1.216824,1.216824
Decision Tree,1.508000,0.869319,0.638681,0.638681
Decision Tree,0.647000,0.869319,-0.222319,0.222319
Decision Tree,3.588000,2.768576,0.819424,0.819424
Decision Tree,2.328000,1.920621,0.407379,0.407379
Decision Tree,0.544000,0.869319,-0.325319,0.325319
Decision Tree,0.982000,1.271581,-0.289581,0.289581
Decision Tree,2.258000,1.642797,0.615203,0.615203
Decision Tree,1.161000,1.642797,-0.481797,0.481797
Decision Tree,1.964000,0.869319,1.094681,1.094681
Decision Tree,1.232000,0.869319,0.362681,0.362681
Decision Tree,1.564000,2.337900,-0.773900,0.773900
Decision Tree,1.668000,1.642797,0.025203,0.025203
Decision Tree,2.159000,1.920621,0.238379,0.238379
Decision Tree,1.173000,1.271581,-0.098581,0.098581
Decision Tree,2.432000,1.271581,1.160419,1.160419
Decision Tree,0.729000,1.642797,-0.913797,0.913797
Decision Tree,1.917000,2.182676,-0.265676,0.265676
Decision Tree,0.600000,2.330824,-1.730824,1.730824
Decision Tree,1.954000,1.920621,0.033379,0.033379
Decision Tree,1.116000,1.271581,-0.155581,0.155581
Decision Tree,2.685000,1.642797,1.042203,1.042203
Decision Tree,2.600000,2.182676,0.417324,0.417324
Decision Tree,0.894000,1.271581,-0.377581,0.377581
Decision Tree,2.352000,3.972031,-1.620031,1.620031
Decision Tree,3.861000,3.199582,0.661418,0.661418
Decision Tree,1.875000,1.774529,0.100471,0.100471
Decision Tree,2.234000,2.375496,-0.141496,0.141496
Decision Tree,1.203000,1.642797,-0.439797,0.439797
Decision Tree,1.358000,1.800527,-0.442527,0.442527
Decision Tree,3.074000,3.199582,-0.125582,0.125582
Decision Tree,3.268000,2.337900,0.930100,0.930100
Decision Tree,0.703000,1.774529,-1.071529,1.071529
Decision Tree,0.682000,0.869319,-0.187319,0.187319
Decision Tree,1.146000,1.642797,-0.496797,0.496797
Decision Tree,1.772000,1.920621,-0.148621,0.148621
Decision Tree,0.819000,1.642797,-0.823797,0.823797
Decision Tree,0.906000,1.642797,-0.736797,0.736797
Decision Tree,0.568000,1.168573,-0.600573,0.600573
Decision Tree,3.238000,2.337900,0.900100,0.900100
Decision Tree,2.444000,1.642797,0.801203,0.801203
Decision Tree,1.443000,1.271581,0.171419,0.171419
Decision Tree,1.642000,1.680068,-0.038068,0.038068
Decision Tree,2.376000,2.768576,-0.392576,0.392576
Decision Tree,2.430000,2.337900,0.092100,0.092100
Decision Tree,0.833000,1.271581,-0.438581,0.438581
Decision Tree,0.875000,1.164596,-0.289596,0.289596
Decision Tree,1.317000,1.560000,-0.243000,0.243000
Decision Tree,0.470000,0.869319,-0.399319,0.399319
Decision Tree,1.953000,1.168573,0.784427,0.784427
Decision Tree,1.841000,1.920621,-0.079621,0.079621
Decision Tree,1.288000,1.642797,-0.354797,0.354797
Decision Tree,1.182000,0.869319,0.312681,0.312681
Decision Tree,2.128000,1.642797,0.485203,0.485203
Decision Tree,1.413000,1.271581,0.141419,0.141419
Decision Tree,2.271000,1.680068,0.590932,0.590932
Decision Tree,0.808000,1.680068,-0.872068,0.872068
Decision Tree,2.013000,2.204763,-0.191763,0.191763
Decision Tree,1.833000,2.330824,-0.497824,0.497824
Decision Tree,1.550000,1.680068,-0.130068,0.130068
Decision Tree,1.438000,1.642797,-0.204797,0.204797
Decision Tree,1.375000,2.375496,-1.000496,1.000496
Decision Tree,2.801000,2.375496,0.425504,0.425504
Decision Tree,2.459000,3.199582,-0.740582,0.740582
Decision Tree,2.436000,2.182676,0.253324,0.253324
Decision Tree,1.030000,1.642797,-0.612797,0.612797
Decision Tree,1.038000,1.271581,-0.233581,0.233581
Decision Tree,2.359000,2.330824,0.028176,0.028176
Decision Tree,1.619000,2.337900,-0.718900,0.718900
Decision Tree,3.944000,3.199582,0.744418,0.744418
Decision Tree,1.458000,0.869319,0.588681,0.588681
Decision Tree,1.848000,2.337900,-0.489900,0.489900
Decision Tree,2.423000,1.642797,0.780203,0.780203
Decision Tree,3.355000,1.642797,1.712203,1.712203
Decision Tree,1.655000,1.642797,0.012203,0.012203
Decision Tree,2.048000,4.471430,-2.423430,2.423430
Decision Tree,1.597000,1.920621,-0.323621,0.323621
Decision Tree,1.691000,3.199582,-1.508582,1.508582
Decision Tree,4.786000,1.642797,3.143203,3.143203
Decision Tree,2.589000,2.375496,0.213504,0.213504
Decision Tree,3.240000,3.199582,0.040418,0.040418
Decision Tree,1.031000,0.869319,0.161681,0.161681
Decision Tree,1.381000,3.199582,-1.818582,1.818582
Decision Tree,0.916000,1.168573,-0.252573,0.252573
Decision Tree,2.289000,3.605746,-1.316746,1.316746
Decision Tree,1.388000,1.680068,-0.292068,0.292068
Decision Tree,2.522000,2.337900,0.184100,0.184100
Decision Tree,4.203000,3.605746,0.597254,0.597254
Decision Tree,2.436000,2.337900,0.098100,0.098100
Decision Tree,1.421000,1.920621,-0.499621,0.499621
Decision Tree,0.675000,0.869319,-0.194319,0.194319
Decision Tree,0.928000,1.271581,-0.343581,0.343581
Decision Tree,1.908000,2.375496,-0.467496,0.467496
Decision Tree,2.239000,1.642797,0.596203,0.596203
Decision Tree,1.434000,1.642797,-0.208797,0.208797
Decision Tree,1.327000,0.869319,0.457681,0.457681
Decision Tree,0.990000,1.164596,-0.174596,0.174596
Decision Tree,0.677000,1.164596,-0.487596,0.487596
Decision Tree,2.274000,3.344307,-1.070307,1.070307
Decision Tree,2.286000,2.337900,-0.051900,0.051900
Decision Tree,1.358000,1.642797,-0.284797,0.284797
Decision Tree,3.621000,3.605746,0.015254,0.015254
Decision Tree,2.813000,3.199582,-0.386582,0.386582
Decision Tree,5.000010,4.860651,0.139359,0.139359
Decision Tree,0.906000,1.680068,-0.774068,0.774068
Decision Tree,0.663000,0.869319,-0.206319,0.206319
Decision Tree,1.502000,2.375496,-0.873496,0.873496
Decision Tree,1.703000,1.680068,0.022932,0.022932
Decision Tree,0.993000,0.869319,0.123681,0.123681
Decision Tree,3.229000,3.199582,0.029418,0.029418
Decision Tree,2.132000,1.642797,0.489203,0.489203
Decision Tree,2.170000,2.182676,-0.012676,0.012676
Decision Tree,2.679000,2.204763,0.474237,0.474237
Decision Tree,2.063000,1.680068,0.382932,0.382932
Decision Tree,3.768000,3.199582,0.568418,0.568418
Decision Tree,0.875000,1.168573,-0.293573,0.293573
Decision Tree,3.047000,2.269385,0.777615,0.777615
Decision Tree,4.602000,3.199582,1.402418,1.402418
Decision Tree,1.285000,0.869319,0.415681,0.415681
Decision Tree,2.846000,3.605746,-0.759746,0.759746
Decision Tree,1.196000,1.168573,0.027427,0.027427
Decision Tree,2.086000,1.642797,0.443203,0.443203
Decision Tree,1.175000,2.375496,-1.200496,1.200496
Decision Tree,0.669000,0.869319,-0.200319,0.200319
Decision Tree,2.048000,1.680068,0.367932,0.367932
Decision Tree,0.746000,2.375496,-1.629496,1.629496
Decision Tree,1.091000,1.168573,-0.077573,0.077573
Decision Tree,1.143000,1.680068,-0.537068,0.537068
Decision Tree,3.083000,2.182676,0.900324,0.900324
Decision Tree,1.130000,1.800527,-0.670527,0.670527
Decision Tree,0.917000,1.271581,-0.354581,0.354581
Decision Tree,1.342000,1.271581,0.070419,0.070419
Decision Tree,4.250000,2.330824,1.919176,1.919176
Decision Tree,0.539000,0.869319,-0.330319,0.330319
Decision Tree,3.106000,2.337900,0.768100,0.768100
Decision Tree,2.417000,3.199582,-0.782582,0.782582
Decision Tree,2.268000,1.642797,0.625203,0.625203
Decision Tree,1.008000,1.920621,-0.912621,0.912621
Decision Tree,2.380000,1.680068,0.699932,0.699932
Decision Tree,2.455000,1.642797,0.812203,0.812203
Decision Tree,1.565000,1.920621,-0.355621,0.355621
Decision Tree,1.156000,1.642797,-0.486797,0.486797
Decision Tree,0.664000,1.271581,-0.607581,0.607581
Decision Tree,0.588000,0.869319,-0.281319,0.281319
Decision Tree,2.236000,2.204763,0.031237,0.031237
Decision Tree,1.693000,1.642797,0.050203,0.050203
Decision Tree,1.667000,1.164596,0.502404,0.502404
Decision Tree,2.250000,2.337900,-0.087900,0.087900
Decision Tree,0.726000,1.164596,-0.438596,0.438596
Decision Tree,1.603000,1.920621,-0.317621,0.317621
Decision Tree,1.475000,1.168573,0.306427,0.306427
Decision Tree,0.912000,1.800527,-0.888527,0.888527
Decision Tree,2.083000,1.800527,0.282473,0.282473
Decision Tree,3.353000,3.199582,0.153418,0.153418
Decision Tree,0.580000,0.869319,-0.289319,0.289319
Decision Tree,2.265000,2.182676,0.082324,0.082324
Decision Tree,3.452000,4.471430,-1.019430,1.019430
Decision Tree,1.068000,1.642797,-0.574797,0.574797
Decision Tree,5.000010,1.164596,3.835414,3.835414
Decision Tree,2.750000,2.330824,0.419176,0.419176
Decision Tree,0.958000,0.869319,0.088681,0.088681
Decision Tree,0.972000,1.680068,-0.708068,0.708068
Decision Tree,1.550000,1.800527,-0.250527,0.250527
Decision Tree,4.000000,3.200321,0.799679,0.799679
Decision Tree,5.000010,2.330824,2.669186,2.669186
Decision Tree,3.043000,2.204763,0.838237,0.838237
Decision Tree,3.592000,4.471430,-0.879430,0.879430
Decision Tree,1.447000,1.800527,-0.353527,0.353527
Decision Tree,3.528000,3.199582,0.328418,0.328418
Decision Tree,3.556000,3.605746,-0.049746,0.049746
Decision Tree,0.991000,1.642797,-0.651797,0.651797
Decision Tree,2.504000,2.182676,0.321324,0.321324
Decision Tree,1.056000,1.642797,-0.586797,0.586797
Decision Tree,5.000010,3.972031,1.027979,1.027979
Decision Tree,1.620000,1.680068,-0.060068,0.060068
Decision Tree,2.722000,2.768576,-0.046576,0.046576
Decision Tree,2.459000,3.344307,-0.885307,0.885307
Decision Tree,1.833000,1.680068,0.152932,0.152932
Decision Tree,2.207000,2.768576,-0.561576,0.561576
Decision Tree,1.610000,1.560000,0.050000,0.050000
Decision Tree,3.039000,3.649593,-0.610593,0.610593
Decision Tree,2.662000,2.337900,0.324100,0.324100
Decision Tree,0.901000,1.164596,-0.263596,0.263596
Decision Tree,0.875000,2.337900,-1.462900,1.462900
Decision Tree,2.094000,1.560000,0.534000,0.534000
Decision Tree,1.887000,2.624530,-0.737530,0.737530
Decision Tree,1.014000,1.168573,-0.154573,0.154573
Decision Tree,3.875000,3.200321,0.674679,0.674679
Decision Tree,3.591000,2.375496,1.215504,1.215504
Decision Tree,3.273000,2.330824,0.942176,0.942176
Decision Tree,2.792000,2.330824,0.461176,0.461176
Decision Tree,2.336000,2.204763,0.131237,0.131237
Decision Tree,1.635000,2.337900,-0.702900,0.702900
Decision Tree,1.242000,2.375496,-1.133496,1.133496
Decision Tree,4.500000,3.199582,1.300418,1.300418
Decision Tree,1.119000,1.642797,-0.523797,0.523797
Decision Tree,0.908000,1.271581,-0.363581,0.363581
Decision Tree,1.206000,1.642797,-0.436797,0.436797
Decision Tree,4.838000,4.705653,0.132347,0.132347
Decision Tree,3.667000,3.199582,0.467418,0.467418
Decision Tree,2.010000,1.271581,0.738419,0.738419
Decision Tree,3.336000,2.182676,1.153324,1.153324
Decision Tree,3.625000,2.375496,1.249504,1.249504
Decision Tree,1.701000,1.642797,0.058203,0.058203
Decision Tree,2.467000,1.920621,0.546379,0.546379
Decision Tree,1.612000,2.330824,-0.718824,0.718824
Decision Tree,1.470000,1.642797,-0.172797,0.172797
Decision Tree,1.179000,1.642797,-0.463797,0.463797
Decision Tree,1.113000,1.271581,-0.158581,0.158581
Decision Tree,2.665000,2.182676,0.482324,0.482324
Decision Tree,1.135000,1.642797,-0.507797,0.507797
Decision Tree,3.291000,3.199582,0.091418,0.091418
Decision Tree,5.000010,3.199582,1.800428,1.800428
Decision Tree,2.365000,1.642797,0.722203,0.722203
Decision Tree,1.222000,1.642797,-0.420797,0.420797
Decision Tree,0.819000,1.271581,-0.452581,0.452581
Decision Tree,3.864000,3.605746,0.258254,0.258254
Decision Tree,1.848000,1.642797,0.205203,0.205203
Decision Tree,1.607000,2.337900,-0.730900,0.730900
Decision Tree,1.016000,2.330824,-1.314824,1.314824
Decision Tree,4.240000,4.705653,-0.465653,0.465653
Decision Tree,2.625000,2.182676,0.442324,0.442324
Decision Tree,3.694000,3.199582,0.494418,0.494418
Decision Tree,1.151000,1.642797,-0.491797,0.491797
Decision Tree,2.817000,1.642797,1.174203,1.174203
Decision Tree,0.981000,1.271581,-0.290581,0.290581
Decision Tree,1.311000,1.271581,0.039419,0.039419
Decision Tree,2.518000,1.642797,0.875203,0.875203
Decision Tree,2.327000,2.337900,-0.010900,0.010900
Decision Tree,1.392000,1.642797,-0.250797,0.250797
Decision Tree,0.715000,0.869319,-0.154319,0.154319
Decision Tree,3.405000,3.605746,-0.200746,0.200746
Decision Tree,2.708000,2.330824,0.377176,0.377176
Decision Tree,1.556000,1.680068,-0.124068,0.124068
Decision Tree,0.892000,1.271581,-0.379581,0.379581
Decision Tree,1.670000,1.920621,-0.250621,0.250621
Decision Tree,1.031000,1.164596,-0.133596,0.133596
Decision Tree,1.805000,1.642797,0.162203,0.162203
Decision Tree,0.512000,1.164596,-0.652596,0.652596
Decision Tree,2.046000,1.920621,0.125379,0.125379
Decision Tree,3.872000,2.375496,1.496504,1.496504
Decision Tree,1.625000,1.271581,0.353419,0.353419
Decision Tree,1.204000,1.642797,-0.438797,0.438797
Decision Tree,1.397000,1.560000,-0.163000,0.163000
Decision Tree,0.982000,0.869319,0.112681,0.112681
Decision Tree,2.694000,2.204763,0.489237,0.489237
Decision Tree,2.691000,3.199582,-0.508582,0.508582
Decision Tree,5.000010,2.682372,2.317638,2.317638
Decision Tree,0.496000,0.869319,-0.373319,0.373319
Decision Tree,0.580000,1.271581,-0.691581,0.691581
Decision Tree,0.659000,0.869319,-0.210319,0.210319
Decision Tree,1.754000,2.204763,-0.450763,0.450763
Decision Tree,3.918000,3.605746,0.312254,0.312254
Decision Tree,2.808000,1.642797,1.165203,1.165203
Decision Tree,0.907000,1.800527,-0.893527,0.893527
Decision Tree,5.000010,4.860651,0.139359,0.139359
Decision Tree,0.923000,1.168573,-0.245573,0.245573
Decision Tree,2.271000,2.204763,0.066237,0.066237
Decision Tree,1.625000,1.168573,0.456427,0.456427
Decision Tree,2.909000,3.605746,-0.696746,0.696746
Decision Tree,1.831000,1.642797,0.188203,0.188203
Decision Tree,2.832000,2.768576,0.063424,0.063424
Decision Tree,1.774000,3.311513,-1.537513,1.537513
Decision Tree,2.387000,2.768576,-0.381576,0.381576
Decision Tree,3.213000,2.182676,1.030324,1.030324
Decision Tree,2.615000,2.269385,0.345615,0.345615
Decision Tree,0.993000,1.164596,-0.171596,0.171596
Decision Tree,2.261000,2.204763,0.056237,0.056237
Decision Tree,0.517000,1.168573,-0.651573,0.651573
Decision Tree,1.569000,1.642797,-0.073797,0.073797
Decision Tree,1.609000,1.920621,-0.311621,0.311621
Decision Tree,2.224000,3.199582,-0.975582,0.975582
Decision Tree,3.052000,2.768576,0.283424,0.283424
Decision Tree,1.388000,1.642797,-0.254797,0.254797
Decision Tree,2.307000,1.920621,0.386379,0.386379
Decision Tree,0.943000,1.168573,-0.225573,0.225573
Decision Tree,0.972000,1.168573,-0.196573,0.196573
Decision Tree,3.821000,2.682372,1.138628,1.138628
Decision Tree,1.932000,3.605746,-1.673746,1.673746
Decision Tree,2.095000,2.269385,-0.174385,0.174385
Decision Tree,2.314000,1.642797,0.671203,0.671203
Decision Tree,0.893000,1.271581,-0.378581,0.378581
Decision Tree,1.961000,1.642797,0.318203,0.318203
Decision Tree,1.135000,1.164596,-0.029596,0.029596
Decision Tree,1.784000,2.375496,-0.591496,0.591496
Decision Tree,4.065000,2.330824,1.734176,1.734176
Decision Tree,2.282000,1.680068,0.601932,0.601932
Decision Tree,2.348000,1.642797,0.705203,0.705203
Decision Tree,2.313000,1.642797,0.670203,0.670203
Decision Tree,5.000010,3.649593,1.350417,1.350417
Decision Tree,1.841000,1.642797,0.198203,0.198203
Decision Tree,2.137000,2.624530,-0.487530,0.487530
Decision Tree,5.000010,4.778789,0.221221,0.221221
Decision Tree,1.692000,1.680068,0.011932,0.011932
Decision Tree,2.324000,2.204763,0.119237,0.119237
Decision Tree,3.517000,3.649593,-0.132593,0.132593
Decision Tree,2.346000,1.642797,0.703203,0.703203
Decision Tree,1.125000,1.774529,-0.649529,0.649529
Decision Tree,1.452000,1.642797,-0.190797,0.190797
Decision Tree,0.872000,0.869319,0.002681,0.002681
Decision Tree,0.535000,0.869319,-0.334319,0.334319
Decision Tree,0.438000,0.869319,-0.431319,0.431319
Decision Tree,0.942000,1.271581,-0.329581,0.329581
Decision Tree,2.188000,1.774529,0.413471,0.413471
Decision Tree,1.919000,2.204763,-0.285763,0.285763
Decision Tree,1.322000,3.199582,-1.877582,1.877582
Decision Tree,0.468000,0.869319,-0.401319,0.401319
Decision Tree,1.497000,2.182676,-0.685676,0.685676
Decision Tree,1.263000,1.642797,-0.379797,0.379797
Decision Tree,2.559000,2.337900,0.221100,0.221100
Decision Tree,0.945000,1.168573,-0.223573,0.223573
Decision Tree,2.371000,2.682372,-0.311372,0.311372
Decision Tree,5.000010,3.199582,1.800428,1.800428
Decision Tree,0.875000,1.774529,-0.899529,0.899529
Decision Tree,1.266000,1.642797,-0.376797,0.376797
Decision Tree,2.451000,2.337900,0.113100,0.113100
Decision Tree,1.574000,1.800527,-0.226527,0.226527
Decision Tree,0.784000,0.869319,-0.085319,0.085319
Decision Tree,2.181000,1.642797,0.538203,0.538203
Decision Tree,3.500000,2.330824,1.169176,1.169176
Decision Tree,1.984000,1.680068,0.303932,0.303932
Decision Tree,1.439000,1.271581,0.167419,0.167419
Decision Tree,3.379000,3.605746,-0.226746,0.226746
Decision Tree,0.763000,1.271581,-0.508581,0.508581
Decision Tree,1.601000,2.337900,-0.736900,0.736900
Decision Tree,1.306000,1.774529,-0.468529,0.468529
Decision Tree,1.125000,1.168573,-0.043573,0.043573
Decision Tree,3.292000,2.204763,1.087237,1.087237
Decision Tree,2.333000,1.271581,1.061419,1.061419
Decision Tree,0.992000,1.168573,-0.176573,0.176573
Decision Tree,1.979000,1.642797,0.336203,0.336203
Decision Tree,2.041000,2.204763,-0.163763,0.163763
Decision Tree,3.500000,3.199582,0.300418,0.300418
Decision Tree,0.621000,0.869319,-0.248319,0.248319
Decision Tree,1.404000,0.869319,0.534681,0.534681
Decision Tree,1.521000,2.337900,-0.816900,0.816900
Decision Tree,1.305000,0.869319,0.435681,0.435681
Decision Tree,1.951000,3.605746,-1.654746,1.654746
Decision Tree,1.995000,2.375496,-0.380496,0.380496
Decision Tree,1.375000,1.774529,-0.399529,0.399529
Decision Tree,2.750000,1.642797,1.107203,1.107203
Decision Tree,1.229000,1.271581,-0.042581,0.042581
Decision Tree,1.090000,2.204763,-1.114763,1.114763
Decision Tree,1.217000,1.164596,0.052404,0.052404
Decision Tree,3.020000,3.649593,-0.629593,0.629593
Decision Tree,2.417000,2.330824,0.086176,0.086176
Decision Tree,1.532000,1.920621,-0.388621,0.388621
Decision Tree,1.693000,3.605746,-1.912746,1.912746
Decision Tree,3.585000,3.972031,-0.387031,0.387031
Decision Tree,1.750000,1.560000,0.190000,0.190000
Decision Tree,1.125000,1.271581,-0.146581,0.146581
Decision Tree,3.760000,3.649593,0.110407,0.110407
Decision Tree,1.188000,1.271581,-0.083581,0.083581
Decision Tree,4.010000,3.605746,0.404254,0.404254
Decision Tree,1.079000,1.271581,-0.192581,0.192581
Decision Tree,3.397000,2.375496,1.021504,1.021504
Decision Tree,1.580000,1.642797,-0.062797,0.062797
Decision Tree,4.688000,3.199582,1.488418,1.488418
Decision Tree,0.631000,0.869319,-0.238319,0.238319
Decision Tree,1.846000,1.642797,0.203203,0.203203
Decision Tree,1.897000,2.375496,-0.478496,0.478496
Decision Tree,1.909000,2.375496,-0.466496,0.466496
Decision Tree,0.675000,1.680068,-1.005068,1.005068
Decision Tree,0.853000,0.869319,-0.016319,0.016319
Decision Tree,1.736000,1.920621,-0.184621,0.184621
Decision Tree,1.297000,1.168573,0.128427,0.128427
Decision Tree,1.810000,3.605746,-1.795746,1.795746
Decision Tree,5.000010,4.860651,0.139359,0.139359
Decision Tree,3.762000,4.471430,-0.709430,0.709430
Decision Tree,2.430000,2.768576,-0.338576,0.338576
Decision Tree,1.482000,1.642797,-0.160797,0.160797
Decision Tree,2.381000,2.204763,0.176237,0.176237
Decision Tree,4.500000,3.199582,1.300418,1.300418
Decision Tree,2.400000,2.337900,0.062100,0.062100
Decision Tree,5.000010,1.774529,3.225481,3.225481
Decision Tree,2.741000,3.199582,-0.458582,0.458582
Decision Tree,1.901000,2.337900,-0.436900,0.436900
Decision Tree,2.684000,2.337900,0.346100,0.346100
Decision Tree,3.493000,3.199582,0.293418,0.293418
Decision Tree,2.757000,1.642797,1.114203,1.114203
Decision Tree,1.828000,2.375496,-0.547496,0.547496
Decision Tree,5.000010,4.860651,0.139359,0.139359
Decision Tree,2.132000,3.199582,-1.067582,1.067582
Decision Tree,1.795000,1.920621,-0.125621,0.125621
Decision Tree,1.385000,1.168573,0.216427,0.216427
Decision Tree,1.813000,1.168573,0.644427,0.644427
Decision Tree,3.405000,3.199582,0.205418,0.205418
Decision Tree,2.250000,1.271581,0.978419,0.978419
Decision Tree,0.683000,1.800527,-1.117527,1.117527
Decision Tree,2.379000,1.920621,0.458379,0.458379
Decision Tree,1.497000,1.680068,-0.183068,0.183068
Decision Tree,1.258000,1.271581,-0.013581,0.013581
Decision Tree,0.876000,3.199582,-2.323582,2.323582
Decision Tree,1.250000,1.774529,-0.524529,0.524529
Decision Tree,1.688000,1.168573,0.519427,0.519427
Decision Tree,1.350000,1.642797,-0.292797,0.292797
Decision Tree,0.863000,1.168573,-0.305573,0.305573
Decision Tree,0.649000,0.869319,-0.220319,0.220319
Decision Tree,1.063000,1.642797,-0.579797,0.579797
Decision Tree,2.857000,2.768576,0.088424,0.088424
Decision Tree,2.724000,2.204763,0.519237,0.519237
Decision Tree,2.177000,2.204763,-0.027763,0.027763
Decision Tree,0.918000,1.271581,-0.353581,0.353581
Decision Tree,1.630000,1.642797,-0.012797,0.012797
Decision Tree,1.951000,2.204763,-0.253763,0.253763
Decision Tree,0.325000,1.168573,-0.843573,0.843573
Decision Tree,2.753000,1.680068,1.072932,1.072932
Decision Tree,1.369000,1.920621,-0.551621,0.551621
Decision Tree,1.941000,1.642797,0.298203,0.298203
Decision Tree,2.302000,3.199582,-0.897582,0.897582
Decision Tree,1.436000,1.642797,-0.206797,0.206797
Decision Tree,0.396000,1.774529,-1.378529,1.378529
Decision Tree,0.598000,0.869319,-0.271319,0.271319
Decision Tree,2.107000,1.920621,0.186379,0.186379
Decision Tree,1.563000,0.869319,0.693681,0.693681
Decision Tree,2.156000,1.642797,0.513203,0.513203
Decision Tree,1.775000,2.330824,-0.555824,0.555824
Decision Tree,2.189000,3.199582,-1.010582,1.010582
Decision Tree,1.284000,1.642797,-0.358797,0.358797
Decision Tree,1.906000,2.330824,-0.424824,0.424824
Decision Tree,3.983000,3.199582,0.783418,0.783418
Decision Tree,3.671000,2.375496,1.295504,1.295504
Decision Tree,1.225000,2.682372,-1.457372,1.457372
Decision Tree,3.761000,1.168573,2.592427,2.592427
Decision Tree,1.576000,1.271581,0.304419,0.304419
Decision Tree,1.781000,1.560000,0.221000,0.221000
Decision Tree,0.724000,1.164596,-0.440596,0.440596
Decision Tree,2.876000,2.337900,0.538100,0.538100
Decision Tree,1.750000,1.800527,-0.050527,0.050527
Decision Tree,2.808000,2.375496,0.432504,0.432504
Decision Tree,1.605000,1.920621,-0.315621,0.315621
Decision Tree,1.586000,1.642797,-0.056797,0.056797
Decision Tree,1.443000,2.337900,-0.894900,0.894900
Decision Tree,1.363000,1.271581,0.091419,0.091419
Decision Tree,2.182000,2.337900,-0.155900,0.155900
Decision Tree,4.664000,4.471430,0.192570,0.192570
Decision Tree,3.861000,4.860651,-0.999651,0.999651
Decision Tree,2.512000,3.199582,-0.687582,0.687582
Decision Tree,1.904000,1.271581,0.632419,0.632419
Decision Tree,2.231000,2.337900,-0.106900,0.106900
Decision Tree,3.610000,2.337900,1.272100,1.272100
Decision Tree,2.750000,1.168573,1.581427,1.581427
Decision Tree,0.708000,1.642797,-0.934797,0.934797
Decision Tree,4.600000,3.199582,1.400418,1.400418
Decision Tree,0.675000,1.774529,-1.099529,1.099529
Decision Tree,2.250000,1.800527,0.449473,0.449473
Decision Tree,1.761000,2.269385,-0.508385,0.508385
Decision Tree,0.524000,0.869319,-0.345319,0.345319
Decision Tree,1.676000,1.642797,0.033203,0.033203
Decision Tree,0.997000,1.642797,-0.645797,0.645797
Decision Tree,0.889000,1.168573,-0.279573,0.279573
Decision Tree,2.237000,2.182676,0.054324,0.054324
Decision Tree,1.805000,1.642797,0.162203,0.162203
Decision Tree,0.932000,1.168573,-0.236573,0.236573
Decision Tree,1.738000,1.271581,0.466419,0.466419
Decision Tree,4.908000,4.778789,0.129211,0.129211
Decision Tree,1.042000,1.168573,-0.126573,0.126573
Decision Tree,2.761000,1.642797,1.118203,1.118203
Decision Tree,2.547000,2.182676,0.364324,0.364324
Decision Tree,2.123000,2.204763,-0.081763,0.081763
Decision Tree,0.875000,1.680068,-0.805068,0.805068
Decision Tree,0.942000,1.642797,-0.700797,0.700797
Decision Tree,1.635000,1.920621,-0.285621,0.285621
Decision Tree,5.000010,1.271581,3.728429,3.728429
Decision Tree,1.250000,2.330824,-1.080824,1.080824
Decision Tree,1.823000,2.330824,-0.507824,0.507824
Decision Tree,1.117000,1.168573,-0.051573,0.051573
Decision Tree,1.460000,1.680068,-0.220068,0.220068
Decision Tree,5.000010,3.972031,1.027979,1.027979
Decision Tree,3.205000,2.204763,1.000237,1.000237
Decision Tree,0.480000,1.168573,-0.688573,0.688573
Decision Tree,1.688000,2.204763,-0.516763,0.516763
Decision Tree,0.675000,1.168573,-0.493573,0.493573
Decision Tree,1.731000,1.680068,0.050932,0.050932
Decision Tree,1.500000,1.271581,0.228419,0.228419
Decision Tree,3.292000,2.337900,0.954100,0.954100
Decision Tree,1.410000,0.869319,0.540681,0.540681
Decision Tree,3.780000,3.344307,0.435693,0.435693
Decision Tree,0.802000,0.869319,-0.067319,0.067319
Decision Tree,2.033000,2.330824,-0.297824,0.297824
Decision Tree,3.949000,3.972031,-0.023031,0.023031
Decision Tree,0.845000,1.642797,-0.797797,0.797797
Decision Tree,3.273000,2.330824,0.942176,0.942176
Decision Tree,2.012000,2.375496,-0.363496,0.363496
Decision Tree,1.625000,2.182676,-0.557676,0.557676
Decision Tree,2.660000,2.768576,-0.108576,0.108576
Decision Tree,2.212000,2.182676,0.029324,0.029324
Decision Tree,1.765000,1.642797,0.122203,0.122203
Decision Tree,2.063000,2.182676,-0.119676,0.119676
Decision Tree,5.000010,2.682372,2.317638,2.317638
Decision Tree,1.867000,1.642797,0.224203,0.224203
Decision Tree,1.125000,2.375496,-1.250496,1.250496
Decision Tree,0.905000,1.164596,-0.259596,0.259596
Decision Tree,1.908000,1.642797,0.265203,0.265203
Decision Tree,1.988000,1.642797,0.345203,0.345203
Decision Tree,1.656000,2.337900,-0.681900,0.681900
Decision Tree,5.000010,3.972031,1.027979,1.027979
Decision Tree,1.457000,1.642797,-0.185797,0.185797
Decision Tree,0.913000,1.271581,-0.358581,0.358581
Decision Tree,1.404000,1.271581,0.132419,0.132419
Decision Tree,1.917000,2.204763,-0.287763,0.287763
Decision Tree,0.611000,1.168573,-0.557573,0.557573
Decision Tree,1.530000,1.680068,-0.150068,0.150068
Decision Tree,0.855000,1.271581,-0.416581,0.416581
Decision Tree,1.645000,1.642797,0.002203,0.002203
Decision Tree,3.862000,3.972031,-0.110031,0.110031
Decision Tree,3.413000,3.605746,-0.192746,0.192746
Decision Tree,2.464000,1.642797,0.821203,0.821203
Decision Tree,1.218000,1.642797,-0.424797,0.424797
Decision Tree,1.325000,2.375496,-1.050496,1.050496
Decision Tree,0.980000,1.164596,-0.184596,0.184596
Decision Tree,2.414000,1.920621,0.493379,0.493379
Decision Tree,1.713000,2.182676,-0.469676,0.469676
Decision Tree,1.201000,1.800527,-0.599527,0.599527
Decision Tree,5.000010,4.860651,0.139359,0.139359
Decision Tree,1.927000,2.330824,-0.403824,0.403824
Decision Tree,2.328000,1.680068,0.647932,0.647932
Decision Tree,1.918000,1.920621,-0.002621,0.002621
Decision Tree,1.963000,1.642797,0.320203,0.320203
Decision Tree,2.939000,2.204763,0.734237,0.734237
Decision Tree,0.846000,0.869319,-0.023319,0.023319
Decision Tree,5.000010,4.471430,0.528580,0.528580
Decision Tree,5.000010,4.471430,0.528580,0.528580
Decision Tree,1.073000,1.271581,-0.198581,0.198581
Decision Tree,1.500000,1.920621,-0.420621,0.420621
Decision Tree,2.042000,1.680068,0.361932,0.361932
Decision Tree,2.683000,2.204763,0.478237,0.478237
Decision Tree,1.035000,1.168573,-0.133573,0.133573
Decision Tree,1.615000,1.680068,-0.065068,0.065068
Decision Tree,2.224000,2.204763,0.019237,0.019237
Decision Tree,1.669000,1.271581,0.397419,0.397419
Decision Tree,2.292000,2.337900,-0.045900,0.045900
Decision Tree,2.059000,1.642797,0.416203,0.416203
Decision Tree,0.955000,0.869319,0.085681,0.085681
Decision Tree,1.625000,1.920621,-0.295621,0.295621
Decision Tree,2.407000,2.337900,0.069100,0.069100
Decision Tree,0.828000,1.271581,-0.443581,0.443581
Decision Tree,2.302000,2.375496,-0.073496,0.073496
Decision Tree,1.859000,1.774529,0.084471,0.084471
Decision Tree,1.058000,1.164596,-0.106596,0.106596
Decision Tree,1.188000,1.168573,0.019427,0.019427
Decision Tree,1.944000,2.337900,-0.393900,0.393900
Decision Tree,1.833000,1.642797,0.190203,0.190203
Decision Tree,2.925000,1.642797,1.282203,1.282203
Decision Tree,1.442000,1.680068,-0.238068,0.238068
Decision Tree,5.000010,3.199582,1.800428,1.800428
Decision Tree,1.342000,2.182676,-0.840676,0.840676
Decision Tree,0.528000,1.168573,-0.640573,0.640573
Decision Tree,1.887000,1.642797,0.244203,0.244203
Decision Tree,2.040000,2.375496,-0.335496,0.335496
Decision Tree,1.795000,1.642797,0.152203,0.152203
Decision Tree,0.989000,1.680068,-0.691068,0.691068
Decision Tree,2.799000,1.642797,1.156203,1.156203
Decision Tree,3.277000,3.199582,0.077418,0.077418
Decision Tree,2.080000,1.680068,0.399932,0.399932
Decision Tree,2.083000,1.560000,0.523000,0.523000
Decision Tree,1.125000,2.269385,-1.144385,1.144385
Decision Tree,2.347000,2.768576,-0.421576,0.421576
Decision Tree,2.145000,1.920621,0.224379,0.224379
Decision Tree,3.385000,3.605746,-0.220746,0.220746
Decision Tree,5.000010,4.860651,0.139359,0.139359
Decision Tree,2.841000,2.337900,0.503100,0.503100
Decision Tree,5.000010,3.639715,1.360295,1.360295
Decision Tree,1.813000,1.680068,0.132932,0.132932
Decision Tree,1.250000,0.869319,0.380681,0.380681
Decision Tree,4.125000,2.330824,1.794176,1.794176
Decision Tree,1.125000,2.330824,-1.205824,1.205824
Decision Tree,0.903000,0.869319,0.033681,0.033681
Decision Tree,0.960000,1.642797,-0.682797,0.682797
Decision Tree,1.425000,1.168573,0.256427,0.256427
Decision Tree,2.663000,2.768576,-0.105576,0.105576
Decision Tree,1.650000,1.680068,-0.030068,0.030068
Decision Tree,1.180000,1.642797,-0.462797,0.462797
Decision Tree,1.564000,1.642797,-0.078797,0.078797
Decision Tree,4.268000,4.778789,-0.510789,0.510789
Decision Tree,3.086000,3.199582,-0.113582,0.113582
Decision Tree,2.392000,1.642797,0.749203,0.749203
Decision Tree,1.094000,1.920621,-0.826621,0.826621
Decision Tree,0.666000,1.164596,-0.498596,0.498596
Decision Tree,3.685000,3.311513,0.373487,0.373487
Decision Tree,3.305000,3.344307,-0.039307,0.039307
Decision Tree,2.736000,2.182676,0.553324,0.553324
Decision Tree,5.000010,4.860651,0.139359,0.139359
Decision Tree,3.211000,3.311513,-0.100513,0.100513
Decision Tree,2.426000,1.800527,0.625473,0.625473
Decision Tree,2.319000,3.199582,-0.880582,0.880582
Decision Tree,1.514000,1.642797,-0.128797,0.128797
Decision Tree,2.278000,2.624530,-0.346530,0.346530
Decision Tree,3.800000,3.344307,0.455693,0.455693
Decision Tree,0.952000,2.375496,-1.423496,1.423496
Decision Tree,1.939000,1.642797,0.296203,0.296203
Decision Tree,2.607000,1.642797,0.964203,0.964203
Decision Tree,1.910000,1.271581,0.638419,0.638419
Decision Tree,0.649000,1.164596,-0.515596,0.515596
Decision Tree,1.283000,1.271581,0.011419,0.011419
Decision Tree,1.898000,2.375496,-0.477496,0.477496
Decision Tree,1.833000,1.271581,0.561419,0.561419
Decision Tree,1.518000,0.869319,0.648681,0.648681
Decision Tree,2.573000,1.920621,0.652379,0.652379
Decision Tree,1.375000,0.869319,0.505681,0.505681
Decision Tree,1.250000,1.168573,0.081427,0.081427
Decision Tree,2.181000,1.642797,0.538203,0.538203
Decision Tree,1.681000,1.642797,0.038203,0.038203
Decision Tree,2.318000,2.375496,-0.057496,0.057496
Decision Tree,1.490000,1.920621,-0.430621,0.430621
Decision Tree,1.703000,2.337900,-0.634900,0.634900
Decision Tree,3.913000,2.337900,1.575100,1.575100
Decision Tree,2.823000,3.199582,-0.376582,0.376582
Decision Tree,5.000010,4.471430,0.528580,0.528580
Decision Tree,1.354000,1.168573,0.185427,0.185427
Decision Tree,3.284000,1.642797,1.641203,1.641203
Decision Tree,3.500000,1.680068,1.819932,1.819932
Decision Tree,1.823000,1.642797,0.180203,0.180203
Decision Tree,5.000010,4.860651,0.139359,0.139359
Decision Tree,1.920000,1.680068,0.239932,0.239932
Decision Tree,2.408000,2.624530,-0.216530,0.216530
Decision Tree,1.750000,1.680068,0.069932,0.069932
Decision Tree,1.264000,1.168573,0.095427,0.095427
Decision Tree,1.259000,2.330824,-1.071824,1.071824
Decision Tree,1.947000,2.337900,-0.390900,0.390900
Decision Tree,3.418000,3.639715,-0.221715,0.221715
Decision Tree,2.119000,1.642797,0.476203,0.476203
Decision Tree,1.375000,1.164596,0.210404,0.210404
Decision Tree,2.706000,3.199582,-0.493582,0.493582
Decision Tree,1.723000,1.642797,0.080203,0.080203
Decision Tree,2.621000,2.330824,0.290176,0.290176
Decision Tree,1.491000,1.680068,-0.189068,0.189068
Decision Tree,3.391000,1.642797,1.748203,1.748203
Decision Tree,2.486000,1.642797,0.843203,0.843203
Decision Tree,1.287000,1.920621,-0.633621,0.633621
Decision Tree,3.439000,2.337900,1.101100,1.101100
Decision Tree,1.750000,1.774529,-0.024529,0.024529
Decision Tree,2.875000,2.330824,0.544176,0.544176
Decision Tree,1.436000,1.271581,0.164419,0.164419
Decision Tree,3.462000,2.337900,1.124100,1.124100
Decision Tree,2.322000,2.624530,-0.302530,0.302530
Decision Tree,2.000000,2.182676,-0.182676,0.182676
Decision Tree,2.415000,2.375496,0.039504,0.039504
Decision Tree,0.675000,1.168573,-0.493573,0.493573
Decision Tree,1.917000,1.642797,0.274203,0.274203
Decision Tree,1.783000,2.269385,-0.486385,0.486385
Decision Tree,1.782000,1.920621,-0.138621,0.138621
Decision Tree,1.332000,1.642797,-0.310797,0.310797
Decision Tree,2.738000,2.768576,-0.030576,0.030576
Decision Tree,1.522000,2.337900,-0.815900,0.815900
Decision Tree,1.871000,2.204763,-0.333763,0.333763
Decision Tree,1.375000,1.774529,-0.399529,0.399529
Decision Tree,1.104000,1.271581,-0.167581,0.167581
Decision Tree,2.406000,1.774529,0.631471,0.631471
Decision Tree,1.625000,1.774529,-0.149529,0.149529
Decision Tree,0.838000,0.869319,-0.031319,0.031319
Decision Tree,2.656000,2.204763,0.451237,0.451237
Decision Tree,2.115000,1.920621,0.194379,0.194379
Decision Tree,1.734000,2.768576,-1.034576,1.034576
Decision Tree,3.100000,1.774529,1.325471,1.325471
Decision Tree,0.995000,1.642797,-0.647797,0.647797
Decision Tree,1.914000,1.920621,-0.006621,0.006621
Decision Tree,2.201000,1.642797,0.558203,0.558203
Decision Tree,1.673000,1.642797,0.030203,0.030203
Decision Tree,0.650000,1.271581,-0.621581,0.621581
Decision Tree,1.418000,1.920621,-0.502621,0.502621
Decision Tree,2.906000,3.199582,-0.293582,0.293582
Decision Tree,3.192000,3.199582,-0.007582,0.007582
Decision Tree,1.188000,1.271581,-0.083581,0.083581
Decision Tree,2.000000,2.330824,-0.330824,0.330824
Decision Tree,2.195000,1.680068,0.514932,0.514932
Decision Tree,2.894000,2.682372,0.211628,0.211628
Decision Tree,1.164000,1.164596,-0.000596,0.000596
Decision Tree,1.623000,1.642797,-0.019797,0.019797
Decision Tree,1.141000,1.560000,-0.419000,0.419000
Decision Tree,0.713000,1.642797,-0.929797,0.929797
Decision Tree,1.905000,1.642797,0.262203,0.262203
Decision Tree,1.973000,1.642797,0.330203,0.330203
Decision Tree,0.722000,0.869319,-0.147319,0.147319
Decision Tree,1.033000,2.182676,-1.149676,1.149676
Decision Tree,1.430000,1.642797,-0.212797,0.212797
Decision Tree,2.449000,2.337900,0.111100,0.111100
Decision Tree,5.000010,3.605746,1.394264,1.394264
Decision Tree,1.833000,1.680068,0.152932,0.152932
Decision Tree,0.861000,1.271581,-0.410581,0.410581
Decision Tree,2.184000,3.199582,-1.015582,1.015582
Decision Tree,1.108000,1.168573,-0.060573,0.060573
Decision Tree,2.113000,1.642797,0.470203,0.470203
Decision Tree,3.388000,3.200321,0.187679,0.187679
Decision Tree,1.231000,1.642797,-0.411797,0.411797
Decision Tree,2.695000,1.642797,1.052203,1.052203
Decision Tree,3.214000,1.680068,1.533932,1.533932
Decision Tree,0.819000,1.642797,-0.823797,0.823797
Decision Tree,5.000010,4.860651,0.139359,0.139359
Decision Tree,3.046000,3.199582,-0.153582,0.153582
Decision Tree,0.729000,0.869319,-0.140319,0.140319
Decision Tree,1.580000,1.680068,-0.100068,0.100068
Decision Tree,0.622000,0.869319,-0.247319,0.247319
Decision Tree,1.163000,0.869319,0.293681,0.293681
Decision Tree,3.141000,1.642797,1.498203,1.498203
Decision Tree,3.625000,2.768576,0.856424,0.856424
Decision Tree,5.000010,4.778789,0.221221,0.221221
Decision Tree,0.741000,1.168573,-0.427573,0.427573
Decision Tree,1.500000,1.680068,-0.180068,0.180068
Decision Tree,2.700000,1.920621,0.779379,0.779379
Decision Tree,1.208000,1.168573,0.039427,0.039427
Decision Tree,2.500000,2.768576,-0.268576,0.268576
Decision Tree,0.722000,1.271581,-0.549581,0.549581
Decision Tree,3.750000,3.199582,0.550418,0.550418
Decision Tree,2.396000,2.337900,0.058100,0.058100
Decision Tree,1.833000,2.375496,-0.542496,0.542496
Decision Tree,1.612000,1.920621,-0.308621,0.308621
Decision Tree,2.510000,1.642797,0.867203,0.867203
Decision Tree,0.455000,1.168573,-0.713573,0.713573
Decision Tree,1.781000,1.168573,0.612427,0.612427
Decision Tree,2.589000,2.768576,-0.179576,0.179576
Decision Tree,1.458000,1.642797,-0.184797,0.184797
Decision Tree,0.847000,0.869319,-0.022319,0.022319
Decision Tree,2.167000,1.680068,0.486932,0.486932
Decision Tree,1.304000,1.800527,-0.496527,0.496527
Decision Tree,1.585000,1.642797,-0.057797,0.057797
Decision Tree,1.178000,1.271581,-0.093581,0.093581
Decision Tree,2.150000,1.920621,0.229379,0.229379
Decision Tree,2.686000,2.337900,0.348100,0.348100
Decision Tree,1.000000,1.680068,-0.680068,0.680068
Decision Tree,3.327000,3.972031,-0.645031,0.645031
Decision Tree,1.867000,1.642797,0.224203,0.224203
Decision Tree,0.530000,0.869319,-0.339319,0.339319
Decision Tree,1.497000,1.642797,-0.145797,0.145797
Decision Tree,3.458000,1.642797,1.815203,1.815203
Decision Tree,1.245000,1.642797,-0.397797,0.397797
Decision Tree,4.758000,4.860651,-0.102651,0.102651
Decision Tree,5.000010,3.344307,1.655703,1.655703
Decision Tree,5.000010,4.860651,0.139359,0.139359
Decision Tree,1.759000,1.920621,-0.161621,0.161621
Decision Tree,1.833000,3.199582,-1.366582,1.366582
Decision Tree,2.531000,3.605746,-1.074746,1.074746
Decision Tree,1.178000,1.642797,-0.464797,0.464797
Decision Tree,1.435000,1.920621,-0.485621,0.485621
Decision Tree,5.000010,3.199582,1.800428,1.800428
Decision Tree,1.423000,1.800527,-0.377527,0.377527
Decision Tree,1.210000,1.680068,-0.470068,0.470068
Decision Tree,2.688000,2.269385,0.418615,0.418615
Decision Tree,3.302000,3.605746,-0.303746,0.303746
Decision Tree,1.218000,1.680068,-0.462068,0.462068
Decision Tree,4.169000,3.344307,0.824693,0.824693
Decision Tree,2.667000,2.768576,-0.101576,0.101576
Decision Tree,1.894000,1.680068,0.213932,0.213932
Decision Tree,4.436000,2.624530,1.811470,1.811470
Decision Tree,1.630000,1.680068,-0.050068,0.050068
Decision Tree,3.825000,2.768576,1.056424,1.056424
Decision Tree,1.063000,2.330824,-1.267824,1.267824
Decision Tree,0.578000,0.869319,-0.291319,0.291319
Decision Tree,0.575000,1.271581,-0.696581,0.696581
Decision Tree,2.380000,2.375496,0.004504,0.004504
Decision Tree,2.189000,2.337900,-0.148900,0.148900
Decision Tree,1.186000,1.168573,0.017427,0.017427
Decision Tree,3.091000,3.605746,-0.514746,0.514746
Decision Tree,2.132000,1.642797,0.489203,0.489203
Decision Tree,1.802000,1.642797,0.159203,0.159203
Decision Tree,4.708000,3.199582,1.508418,1.508418
Decision Tree,3.372000,1.642797,1.729203,1.729203
Decision Tree,0.953000,1.271581,-0.318581,0.318581
Decision Tree,1.039000,1.271581,-0.232581,0.232581
Decision Tree,5.000010,1.920621,3.079389,3.079389
Decision Tree,2.150000,2.330824,-0.180824,0.180824
Decision Tree,1.894000,2.337900,-0.443900,0.443900
Decision Tree,1.714000,1.271581,0.442419,0.442419
Decision Tree,3.570000,2.182676,1.387324,1.387324
Decision Tree,1.962000,1.642797,0.319203,0.319203
Decision Tree,0.985000,1.168573,-0.183573,0.183573
Decision Tree,1.788000,1.680068,0.107932,0.107932
Decision Tree,2.266000,2.337900,-0.071900,0.071900
Decision Tree,1.714000,1.642797,0.071203,0.071203
Decision Tree,2.714000,1.774529,0.939471,0.939471
Decision Tree,2.168000,2.768576,-0.600576,0.600576
Decision Tree,0.679000,0.869319,-0.190319,0.190319
Decision Tree,1.713000,1.920621,-0.207621,0.207621
Decision Tree,1.109000,1.164596,-0.055596,0.055596
Decision Tree,3.325000,2.624530,0.700470,0.700470
Decision Tree,1.500000,1.168573,0.331427,0.331427
Decision Tree,1.734000,2.768576,-1.034576,1.034576
Decision Tree,2.375000,2.337900,0.037100,0.037100
Decision Tree,0.658000,1.271581,-0.613581,0.613581
Decision Tree,1.731000,1.920621,-0.189621,0.189621
Decision Tree,3.212000,2.182676,1.029324,1.029324
Decision Tree,2.650000,3.199582,-0.549582,0.549582
Decision Tree,0.875000,0.869319,0.005681,0.005681
Decision Tree,2.103000,2.204763,-0.101763,0.101763
Decision Tree,2.478000,3.199582,-0.721582,0.721582
Decision Tree,3.757000,3.344307,0.412693,0.412693
Decision Tree,1.137000,1.271581,-0.134581,0.134581
Decision Tree,5.000010,3.649593,1.350417,1.350417
Decision Tree,0.456000,0.869319,-0.413319,0.413319
Decision Tree,1.306000,0.869319,0.436681,0.436681
Decision Tree,1.986000,2.375496,-0.389496,0.389496
Decision Tree,4.367000,3.199582,1.167418,1.167418
Decision Tree,0.926000,1.642797,-0.716797,0.716797
Decision Tree,1.500000,1.168573,0.331427,0.331427
Decision Tree,3.599000,2.624530,0.974470,0.974470
Decision Tree,5.000010,4.860651,0.139359,0.139359
Decision Tree,0.938000,1.642797,-0.704797,0.704797
Decision Tree,3.833000,4.778789,-0.945789,0.945789
Decision Tree,1.917000,1.920621,-0.003621,0.003621
Decision Tree,2.672000,2.204763,0.467237,0.467237
Decision Tree,2.802000,1.642797,1.159203,1.159203
Decision Tree,0.521000,1.168573,-0.647573,0.647573
Decision Tree,1.102000,1.642797,-0.540797,0.540797
Decision Tree,1.646000,1.642797,0.003203,0.003203
Decision Tree,3.248000,3.344307,-0.096307,0.096307
Decision Tree,1.227000,1.920621,-0.693621,0.693621
Decision Tree,2.167000,2.330824,-0.163824,0.163824
Decision Tree,0.736000,1.642797,-0.906797,0.906797
Decision Tree,2.541000,1.642797,0.898203,0.898203
Decision Tree,1.875000,1.680068,0.194932,0.194932
Decision Tree,1.660000,2.768576,-1.108576,1.108576
Decision Tree,1.579000,2.204763,-0.625763,0.625763
Decision Tree,1.938000,1.642797,0.295203,0.295203
Decision Tree,1.408000,1.642797,-0.234797,0.234797
Decision Tree,0.953000,1.271581,-0.318581,0.318581
Decision Tree,2.270000,2.768576,-0.498576,0.498576
Decision Tree,2.656000,1.642797,1.013203,1.013203
Decision Tree,0.902000,1.774529,-0.872529,0.872529
Decision Tree,1.832000,1.271581,0.560419,0.560419
Decision Tree,1.846000,1.642797,0.203203,0.203203
Decision Tree,1.625000,1.774529,-0.149529,0.149529
Decision Tree,1.250000,2.330824,-1.080824,1.080824
Decision Tree,0.972000,0.869319,0.102681,0.102681
Decision Tree,3.553000,2.330824,1.222176,1.222176
Decision Tree,1.362000,1.680068,-0.318068,0.318068
Decision Tree,1.250000,1.774529,-0.524529,0.524529
Decision Tree,3.056000,2.768576,0.287424,0.287424
Decision Tree,1.766000,1.168573,0.597427,0.597427
Decision Tree,3.486000,2.682372,0.803628,0.803628
Decision Tree,2.992000,2.682372,0.309628,0.309628
Decision Tree,0.721000,2.375496,-1.654496,1.654496
Decision Tree,1.095000,1.642797,-0.547797,0.547797
Decision Tree,2.811000,3.199582,-0.388582,0.388582
Decision Tree,1.563000,2.330824,-0.767824,0.767824
Decision Tree,2.342000,2.337900,0.004100,0.004100
Decision Tree,0.597000,1.271581,-0.674581,0.674581
Decision Tree,2.500000,2.768576,-0.268576,0.268576
Decision Tree,2.033000,1.774529,0.258471,0.258471
Decision Tree,1.731000,2.375496,-0.644496,0.644496
Decision Tree,3.003000,2.768576,0.234424,0.234424
Decision Tree,2.380000,1.642797,0.737203,0.737203
Decision Tree,1.790000,1.642797,0.147203,0.147203
Decision Tree,1.660000,1.920621,-0.260621,0.260621
Decision Tree,1.607000,1.642797,-0.035797,0.035797
Decision Tree,1.475000,1.680068,-0.205068,0.205068
Decision Tree,1.921000,1.271581,0.649419,0.649419
Decision Tree,0.564000,1.168573,-0.604573,0.604573
Decision Tree,3.048000,3.199582,-0.151582,0.151582
Decision Tree,4.398000,3.344307,1.053693,1.053693
Decision Tree,1.375000,1.642797,-0.267797,0.267797
Decision Tree,1.375000,1.774529,-0.399529,0.399529
Decision Tree,1.346000,1.164596,0.181404,0.181404
Decision Tree,2.625000,2.182676,0.442324,0.442324
Decision Tree,0.834000,1.642797,-0.808797,0.808797
Decision Tree,1.135000,1.642797,-0.507797,0.507797
Decision Tree,0.714000,1.642797,-0.928797,0.928797
Decision Tree,2.045000,1.920621,0.124379,0.124379
Decision Tree,2.824000,3.344307,-0.520307,0.520307
Decision Tree,1.457000,1.642797,-0.185797,0.185797
Decision Tree,2.647000,2.624530,0.022470,0.022470
Decision Tree,2.750000,0.869319,1.880681,1.880681
Decision Tree,1.716000,1.642797,0.073203,0.073203
Decision Tree,2.167000,2.337900,-0.170900,0.170900
Decision Tree,1.807000,2.375496,-0.568496,0.568496
Decision Tree,2.125000,0.869319,1.255681,1.255681
Decision Tree,1.677000,2.624530,-0.947530,0.947530
Decision Tree,0.425000,0.869319,-0.444319,0.444319
Decision Tree,2.384000,3.199582,-0.815582,0.815582
Decision Tree,1.440000,0.869319,0.570681,0.570681
Decision Tree,0.436000,0.869319,-0.433319,0.433319
Decision Tree,3.635000,2.624530,1.010470,1.010470
Decision Tree,1.862000,3.199582,-1.337582,1.337582
Decision Tree,0.675000,1.164596,-0.489596,0.489596
Decision Tree,1.596000,2.624530,-1.028530,1.028530
Decision Tree,1.956000,1.774529,0.181471,0.181471
Decision Tree,1.548000,3.199582,-1.651582,1.651582
Decision Tree,4.507000,3.972031,0.534969,0.534969
Decision Tree,0.699000,0.869319,-0.170319,0.170319
Decision Tree,1.322000,1.642797,-0.320797,0.320797
Decision Tree,3.280000,3.972031,-0.692031,0.692031
Decision Tree,2.728000,1.642797,1.085203,1.085203
Decision Tree,0.663000,1.271581,-0.608581,0.608581
Decision Tree,1.293000,1.642797,-0.349797,0.349797
Decision Tree,0.771000,0.869319,-0.098319,0.098319
Decision Tree,1.555000,1.168573,0.386427,0.386427
Decision Tree,1.260000,1.680068,-0.420068,0.420068
Decision Tree,2.403000,1.680068,0.722932,0.722932
Decision Tree,1.330000,1.164596,0.165404,0.165404
Decision Tree,0.949000,1.642797,-0.693797,0.693797
Decision Tree,2.039000,3.199582,-1.160582,1.160582
Decision Tree,0.610000,1.168573,-0.558573,0.558573
Decision Tree,1.392000,1.271581,0.120419,0.120419
Decision Tree,2.292000,1.168573,1.123427,1.123427
Decision Tree,2.606000,3.311513,-0.705513,0.705513
Decision Tree,2.511000,1.680068,0.830932,0.830932
Decision Tree,3.276000,1.920621,1.355379,1.355379
Decision Tree,1.679000,1.642797,0.036203,0.036203
Decision Tree,2.120000,3.199582,-1.079582,1.079582
Decision Tree,2.333000,1.920621,0.412379,0.412379
Decision Tree,2.554000,2.269385,0.284615,0.284615
Decision Tree,0.675000,0.869319,-0.194319,0.194319
Decision Tree,1.620000,3.199582,-1.579582,1.579582
Decision Tree,1.172000,1.168573,0.003427,0.003427
Decision Tree,1.097000,1.642797,-0.545797,0.545797
Decision Tree,2.750000,1.271581,1.478419,1.478419
Decision Tree,1.118000,1.800527,-0.682527,0.682527
Decision Tree,1.660000,1.642797,0.017203,0.017203
Decision Tree,0.927000,1.271581,-0.344581,0.344581
Decision Tree,1.860000,1.642797,0.217203,0.217203
Decision Tree,0.973000,1.271581,-0.298581,0.298581
Decision Tree,2.413000,3.605746,-1.192746,1.192746
Decision Tree,2.585000,2.337900,0.247100,0.247100
Decision Tree,1.382000,1.560000,-0.178000,0.178000
Decision Tree,1.961000,2.337900,-0.376900,0.376900
Decision Tree,4.192000,3.972031,0.219969,0.219969
Decision Tree,1.388000,1.271581,0.116419,0.116419
Decision Tree,3.766000,4.705653,-0.939653,0.939653
Decision Tree,1.651000,1.642797,0.008203,0.008203
Decision Tree,1.818000,1.800527,0.017473,0.017473
Decision Tree,2.118000,1.642797,0.475203,0.475203
Decision Tree,1.125000,2.182676,-1.057676,1.057676
Decision Tree,1.443000,1.642797,-0.199797,0.199797
Decision Tree,2.220000,2.204763,0.015237,0.015237
Decision Tree,0.536000,1.168573,-0.632573,0.632573
Decision Tree,1.308000,2.182676,-0.874676,0.874676
Decision Tree,2.276000,2.337900,-0.061900,0.061900
Decision Tree,2.750000,2.375496,0.374504,0.374504
Decision Tree,1.919000,1.680068,0.238932,0.238932
Decision Tree,0.641000,1.164596,-0.523596,0.523596
Decision Tree,0.681000,1.271581,-0.590581,0.590581
Decision Tree,2.552000,1.642797,0.909203,0.909203
Decision Tree,2.441000,2.768576,-0.327576,0.327576
Decision Tree,3.370000,3.199582,0.170418,0.170418
Decision Tree,2.083000,1.168573,0.914427,0.914427
Decision Tree,5.000010,4.778789,0.221221,0.221221
Decision Tree,1.721000,2.624530,-0.903530,0.903530
Decision Tree,1.289000,1.271581,0.017419,0.017419
Decision Tree,1.449000,0.869319,0.579681,0.579681
Decision Tree,0.720000,1.168573,-0.448573,0.448573
Decision Tree,1.429000,1.560000,-0.131000,0.131000
Decision Tree,4.361000,3.199582,1.161418,1.161418
Decision Tree,2.042000,1.642797,0.399203,0.399203
Decision Tree,1.957000,2.204763,-0.247763,0.247763
Decision Tree,0.905000,1.271581,-0.366581,0.366581
Decision Tree,2.361000,1.680068,0.680932,0.680932
Decision Tree,1.869000,1.642797,0.226203,0.226203
Decision Tree,1.625000,2.330824,-0.705824,0.705824
Decision Tree,1.125000,1.642797,-0.517797,0.517797
Decision Tree,0.580000,0.869319,-0.289319,0.289319
Decision Tree,3.074000,3.344307,-0.270307,0.270307
Decision Tree,3.538000,3.199582,0.338418,0.338418
Decision Tree,2.909000,2.624530,0.284470,0.284470
Decision Tree,3.586000,2.337900,1.248100,1.248100
Decision Tree,2.462000,3.199582,-0.737582,0.737582
Decision Tree,0.721000,1.920621,-1.199621,1.199621
Decision Tree,1.075000,1.642797,-0.567797,0.567797
Decision Tree,0.786000,1.164596,-0.378596,0.378596
Decision Tree,1.876000,1.642797,0.233203,0.233203
Decision Tree,0.979000,1.800527,-0.821527,0.821527
Decision Tree,1.866000,3.199582,-1.333582,1.333582
Decision Tree,1.969000,2.375496,-0.406496,0.406496
Decision Tree,1.115000,1.642797,-0.527797,0.527797
Decision Tree,1.563000,1.920621,-0.357621,0.357621
Decision Tree,2.182000,2.337900,-0.155900,0.155900
Decision Tree,2.935000,4.860651,-1.925651,1.925651
Decision Tree,0.590000,1.271581,-0.681581,0.681581
Decision Tree,1.628000,1.271581,0.356419,0.356419
Decision Tree,1.029000,1.168573,-0.139573,0.139573
Decision Tree,0.543000,1.164596,-0.621596,0.621596
Decision Tree,1.663000,1.642797,0.020203,0.020203
Decision Tree,1.525000,1.774529,-0.249529,0.249529
Decision Tree,1.426000,1.271581,0.154419,0.154419
Decision Tree,1.500000,1.774529,-0.274529,0.274529
Decision Tree,0.844000,0.869319,-0.025319,0.025319
Decision Tree,2.100000,1.774529,0.325471,0.325471
Decision Tree,1.375000,1.642797,-0.267797,0.267797
Decision Tree,3.500000,3.199582,0.300418,0.300418
Decision Tree,1.719000,1.800527,-0.081527,0.081527
Decision Tree,1.431000,1.271581,0.159419,0.159419
Decision Tree,4.523000,3.605746,0.917254,0.917254
Decision Tree,1.760000,1.920621,-0.160621,0.160621
Decision Tree,1.127000,1.642797,-0.515797,0.515797
Decision Tree,0.684000,1.271581,-0.587581,0.587581
Decision Tree,1.907000,1.642797,0.264203,0.264203
Decision Tree,3.318000,3.972031,-0.654031,0.654031
Decision Tree,1.840000,2.337900,-0.497900,0.497900
Decision Tree,1.625000,1.271581,0.353419,0.353419
Decision Tree,1.294000,1.642797,-0.348797,0.348797
Decision Tree,1.728000,1.271581,0.456419,0.456419
Decision Tree,1.911000,1.920621,-0.009621,0.009621
Decision Tree,2.949000,2.768576,0.180424,0.180424
Decision Tree,1.886000,1.642797,0.243203,0.243203
Decision Tree,0.638000,1.774529,-1.136529,1.136529
Decision Tree,4.661000,4.778789,-0.117789,0.117789
Decision Tree,1.868000,1.271581,0.596419,0.596419
Decision Tree,1.393000,1.642797,-0.249797,0.249797
Decision Tree,3.303000,2.182676,1.120324,1.120324
Decision Tree,2.848000,3.199582,-0.351582,0.351582
Decision Tree,1.988000,1.642797,0.345203,0.345203
Decision Tree,0.693000,1.271581,-0.578581,0.578581
Decision Tree,1.455000,1.168573,0.286427,0.286427
Decision Tree,1.662000,1.642797,0.019203,0.019203
Decision Tree,2.738000,2.337900,0.400100,0.400100
Decision Tree,1.490000,1.642797,-0.152797,0.152797
Decision Tree,2.154000,1.920621,0.233379,0.233379
Decision Tree,2.878000,3.605746,-0.727746,0.727746
Decision Tree,4.063000,2.337900,1.725100,1.725100
Decision Tree,1.603000,1.168573,0.434427,0.434427
Decision Tree,2.400000,3.311513,-0.911513,0.911513
Decision Tree,0.609000,1.271581,-0.662581,0.662581
Decision Tree,1.423000,1.271581,0.151419,0.151419
Decision Tree,0.848000,1.642797,-0.794797,0.794797
Decision Tree,2.054000,1.920621,0.133379,0.133379
Decision Tree,3.968000,3.199582,0.768418,0.768418
Decision Tree,1.354000,1.168573,0.185427,0.185427
Decision Tree,1.154000,1.920621,-0.766621,0.766621
Decision Tree,1.625000,2.182676,-0.557676,0.557676
Decision Tree,4.250000,2.330824,1.919176,1.919176
Decision Tree,1.143000,1.168573,-0.025573,0.025573
Decision Tree,5.000010,4.860651,0.139359,0.139359
Decision Tree,5.000010,4.778789,0.221221,0.221221
Decision Tree,0.487000,0.869319,-0.382319,0.382319
Decision Tree,2.947000,3.199582,-0.252582,0.252582
Decision Tree,3.005000,1.642797,1.362203,1.362203
Decision Tree,3.432000,1.642797,1.789203,1.789203
Decision Tree,0.920000,1.164596,-0.244596,0.244596
Decision Tree,2.781000,3.605746,-0.824746,0.824746
Decision Tree,3.809000,4.471430,-0.662430,0.662430
Decision Tree,3.398000,3.199582,0.198418,0.198418
Decision Tree,0.968000,1.642797,-0.674797,0.674797
Decision Tree,2.700000,1.774529,0.925471,0.925471
Decision Tree,1.900000,2.337900,-0.437900,0.437900
Decision Tree,1.813000,1.164596,0.648404,0.648404
Decision Tree,1.006000,1.642797,-0.636797,0.636797
Decision Tree,1.708000,0.869319,0.838681,0.838681
Decision Tree,1.527000,0.869319,0.657681,0.657681
Decision Tree,3.536000,1.642797,1.893203,1.893203
Decision Tree,2.000000,1.774529,0.225471,0.225471
Decision Tree,2.134000,2.337900,-0.203900,0.203900
Decision Tree,1.531000,1.271581,0.259419,0.259419
Decision Tree,3.797000,1.642797,2.154203,2.154203
Decision Tree,2.750000,3.199582,-0.449582,0.449582
Decision Tree,0.786000,2.337900,-1.551900,1.551900
Decision Tree,1.883000,2.204763,-0.321763,0.321763
Decision Tree,1.380000,1.920621,-0.540621,0.540621
Decision Tree,5.000010,4.778789,0.221221,0.221221
Decision Tree,1.974000,1.642797,0.331203,0.331203
Decision Tree,2.446000,2.337900,0.108100,0.108100
Decision Tree,1.653000,1.642797,0.010203,0.010203
Decision Tree,3.004000,2.768576,0.235424,0.235424
Decision Tree,0.882000,1.642797,-0.760797,0.760797
Decision Tree,5.000010,4.860651,0.139359,0.139359
Decision Tree,1.631000,1.271581,0.359419,0.359419
Decision Tree,1.919000,1.920621,-0.001621,0.001621
Decision Tree,3.553000,2.768576,0.784424,0.784424
Decision Tree,4.303000,2.682372,1.620628,1.620628
Decision Tree,0.427000,0.869319,-0.442319,0.442319
Decision Tree,3.781000,3.605746,0.175254,0.175254
Decision Tree,2.640000,2.337900,0.302100,0.302100
Decision Tree,1.119000,1.642797,-0.523797,0.523797
Decision Tree,2.245000,1.271581,0.973419,0.973419
Decision Tree,1.250000,1.642797,-0.392797,0.392797
Decision Tree,0.641000,1.271581,-0.630581,0.630581
Decision Tree,0.884000,1.164596,-0.280596,0.280596
Decision Tree,3.892000,3.199582,0.692418,0.692418
Decision Tree,1.938000,0.869319,1.068681,1.068681
Decision Tree,5.000010,3.199582,1.800428,1.800428
Decision Tree,1.875000,3.649593,-1.774593,1.774593
Decision Tree,2.103000,2.337900,-0.234900,0.234900
Decision Tree,2.128000,2.204763,-0.076763,0.076763
Decision Tree,1.775000,1.774529,0.000471,0.000471
Decision Tree,1.813000,1.271581,0.541419,0.541419
Decision Tree,1.595000,1.920621,-0.325621,0.325621
Decision Tree,1.775000,1.680068,0.094932,0.094932
Decision Tree,1.161000,1.680068,-0.519068,0.519068
Decision Tree,5.000010,3.199582,1.800428,1.800428
Decision Tree,1.625000,1.680068,-0.055068,0.055068
Decision Tree,1.355000,1.271581,0.083419,0.083419
Decision Tree,0.996000,1.271581,-0.275581,0.275581
Decision Tree,1.185000,1.642797,-0.457797,0.457797
Decision Tree,1.569000,1.560000,0.009000,0.009000
Decision Tree,1.472000,1.680068,-0.208068,0.208068
Decision Tree,0.858000,0.869319,-0.011319,0.011319
Decision Tree,5.000010,2.330824,2.669186,2.669186
Decision Tree,1.709000,2.204763,-0.495763,0.495763
Decision Tree,2.579000,3.344307,-0.765307,0.765307
Decision Tree,1.643000,1.642797,0.000203,0.000203
Decision Tree,4.389000,3.199582,1.189418,1.189418
Decision Tree,0.980000,1.642797,-0.662797,0.662797
Decision Tree,2.887000,2.768576,0.118424,0.118424
Decision Tree,2.032000,2.375496,-0.343496,0.343496
Decision Tree,2.836000,2.337900,0.498100,0.498100
Decision Tree,1.625000,2.330824,-0.705824,0.705824
Decision Tree,0.953000,0.869319,0.083681,0.083681
Decision Tree,1.617000,1.560000,0.057000,0.057000
Decision Tree,1.875000,1.680068,0.194932,0.194932
Decision Tree,1.580000,1.642797,-0.062797,0.062797
Decision Tree,4.561000,2.337900,2.223100,2.223100
Decision Tree,1.029000,2.337900,-1.308900,1.308900
Decision Tree,1.654000,1.642797,0.011203,0.011203
Decision Tree,0.544000,1.168573,-0.624573,0.624573
Decision Tree,1.472000,1.774529,-0.302529,0.302529
Decision Tree,0.950000,1.164596,-0.214596,0.214596
Decision Tree,1.430000,3.605746,-2.175746,2.175746
Decision Tree,0.972000,1.642797,-0.670797,0.670797
Decision Tree,1.129000,1.642797,-0.513797,0.513797
Decision Tree,1.733000,2.375496,-0.642496,0.642496
Decision Tree,3.931000,2.768576,1.162424,1.162424
Decision Tree,0.630000,1.164596,-0.534596,0.534596
Decision Tree,2.973000,2.768576,0.204424,0.204424
Decision Tree,2.421000,1.271581,1.149419,1.149419
Decision Tree,2.939000,3.649593,-0.710593,0.710593
Decision Tree,1.131000,1.271581,-0.140581,0.140581
Decision Tree,1.372000,1.168573,0.203427,0.203427
Decision Tree,2.971000,1.271581,1.699419,1.699419
Decision Tree,2.435000,1.920621,0.514379,0.514379
Decision Tree,0.988000,0.869319,0.118681,0.118681
Decision Tree,2.448000,2.337900,0.110100,0.110100
Decision Tree,3.278000,3.200321,0.077679,0.077679
Decision Tree,4.375000,3.199582,1.175418,1.175418
Decision Tree,1.635000,0.869319,0.765681,0.765681
Decision Tree,1.024000,1.271581,-0.247581,0.247581
Decision Tree,1.122000,1.642797,-0.520797,0.520797
Decision Tree,1.659000,2.768576,-1.109576,1.109576
Decision Tree,2.500000,3.199582,-0.699582,0.699582
Decision Tree,1.581000,1.642797,-0.061797,0.061797
Decision Tree,0.875000,1.642797,-0.767797,0.767797
Decision Tree,1.350000,1.168573,0.181427,0.181427
Decision Tree,0.795000,1.800527,-1.005527,1.005527
Decision Tree,1.621000,1.271581,0.349419,0.349419
Decision Tree,2.284000,1.271581,1.012419,1.012419
Decision Tree,1.406000,1.642797,-0.236797,0.236797
Decision Tree,0.713000,0.869319,-0.156319,0.156319
Decision Tree,2.663000,2.768576,-0.105576,0.105576
Decision Tree,0.813000,0.869319,-0.056319,0.056319
Decision Tree,1.850000,2.204763,-0.354763,0.354763
Decision Tree,3.293000,3.200321,0.092679,0.092679
Decision Tree,1.688000,1.774529,-0.086529,0.086529
Decision Tree,1.104000,1.642797,-0.538797,0.538797
Decision Tree,5.000010,3.199582,1.800428,1.800428
Decision Tree,0.857000,2.375496,-1.518496,1.518496
Decision Tree,0.633000,0.869319,-0.236319,0.236319
Decision Tree,5.000010,4.860651,0.139359,0.139359
Decision Tree,1.838000,2.330824,-0.492824,0.492824
Decision Tree,1.507000,1.680068,-0.173068,0.173068
Decision Tree,2.429000,2.337900,0.091100,0.091100
Decision Tree,3.267000,2.624530,0.642470,0.642470
Decision Tree,2.204000,2.182676,0.021324,0.021324
Decision Tree,2.407000,2.204763,0.202237,0.202237
Decision Tree,5.000010,4.860651,0.139359,0.139359
Decision Tree,0.984000,0.869319,0.114681,0.114681
Decision Tree,1.669000,1.642797,0.026203,0.026203
Decision Tree,2.054000,2.204763,-0.150763,0.150763
Decision Tree,0.901000,1.168573,-0.267573,0.267573
Decision Tree,1.898000,1.920621,-0.022621,0.022621
Decision Tree,1.625000,1.164596,0.460404,0.460404
Decision Tree,3.337000,2.375496,0.961504,0.961504
Decision Tree,0.851000,1.800527,-0.949527,0.949527
Decision Tree,1.344000,1.164596,0.179404,0.179404
Decision Tree,1.446000,1.680068,-0.234068,0.234068
Decision Tree,2.150000,1.271581,0.878419,0.878419
Decision Tree,0.975000,1.168573,-0.193573,0.193573
Decision Tree,2.100000,3.199582,-1.099582,1.099582
Decision Tree,3.120000,2.768576,0.351424,0.351424
Decision Tree,3.000000,1.168573,1.831427,1.831427
Decision Tree,2.024000,1.920621,0.103379,0.103379
Decision Tree,2.541000,3.605746,-1.064746,1.064746
Decision Tree,1.160000,3.199582,-2.039582,2.039582
Decision Tree,1.670000,1.642797,0.027203,0.027203
Decision Tree,3.969000,3.605746,0.363254,0.363254
Decision Tree,2.270000,1.642797,0.627203,0.627203
Decision Tree,5.000010,3.199582,1.800428,1.800428
Decision Tree,5.000010,4.860651,0.139359,0.139359
Decision Tree,1.990000,1.271581,0.718419,0.718419
Decision Tree,3.691000,4.705653,-1.014653,1.014653
Decision Tree,0.225000,1.774529,-1.549529,1.549529
Decision Tree,0.957000,1.168573,-0.211573,0.211573
Decision Tree,3.659000,4.778789,-1.119789,1.119789
Decision Tree,2.158000,1.642797,0.515203,0.515203
Decision Tree,2.055000,1.642797,0.412203,0.412203
Decision Tree,5.000010,3.605746,1.394264,1.394264
Decision Tree,2.508000,1.920621,0.587379,0.587379
Decision Tree,3.636000,3.344307,0.291693,0.291693
Decision Tree,2.942000,2.768576,0.173424,0.173424
Decision Tree,1.714000,1.642797,0.071203,0.071203
Decision Tree,2.613000,1.920621,0.692379,0.692379
Decision Tree,1.149000,1.164596,-0.015596,0.015596
Decision Tree,2.584000,1.642797,0.941203,0.941203
Decision Tree,1.063000,0.869319,0.193681,0.193681
Decision Tree,0.989000,1.168573,-0.179573,0.179573
Decision Tree,2.420000,1.920621,0.499379,0.499379
Decision Tree,1.461000,1.680068,-0.219068,0.219068
Decision Tree,1.546000,1.560000,-0.014000,0.014000
Decision Tree,1.975000,2.182676,-0.207676,0.207676
Decision Tree,2.896000,2.269385,0.626615,0.626615
Decision Tree,3.257000,2.624530,0.632470,0.632470
Decision Tree,0.533000,0.869319,-0.336319,0.336319
Decision Tree,0.878000,1.271581,-0.393581,0.393581
Decision Tree,1.783000,1.680068,0.102932,0.102932
Decision Tree,1.971000,2.337900,-0.366900,0.366900
Decision Tree,1.234000,1.680068,-0.446068,0.446068
Decision Tree,2.929000,2.624530,0.304470,0.304470
Decision Tree,1.098000,1.271581,-0.173581,0.173581
Decision Tree,1.242000,2.182676,-0.940676,0.940676
Decision Tree,0.573000,1.168573,-0.595573,0.595573
Decision Tree,4.047000,3.605746,0.441254,0.441254
Decision Tree,1.875000,2.330824,-0.455824,0.455824
Decision Tree,0.637000,0.869319,-0.232319,0.232319
Decision Tree,1.012000,1.920621,-0.908621,0.908621
Decision Tree,5.000000,3.199582,1.800418,1.800418
Decision Tree,0.455000,0.869319,-0.414319,0.414319
Decision Tree,4.635000,3.311513,1.323487,1.323487
Decision Tree,1.813000,2.768576,-0.955576,0.955576
Decision Tree,3.074000,1.642797,1.431203,1.431203
Decision Tree,3.718000,3.972031,-0.254031,0.254031
Decision Tree,0.560000,1.271581,-0.711581,0.711581
Decision Tree,2.893000,1.920621,0.972379,0.972379
Decision Tree,1.282000,1.642797,-0.360797,0.360797
Decision Tree,2.714000,1.920621,0.793379,0.793379
Decision Tree,1.821000,1.920621,-0.099621,0.099621
Decision Tree,2.194000,2.204763,-0.010763,0.010763
Decision Tree,0.784000,0.869319,-0.085319,0.085319
Decision Tree,0.961000,1.164596,-0.203596,0.203596
Decision Tree,3.947000,3.605746,0.341254,0.341254
Decision Tree,2.225000,2.337900,-0.112900,0.112900
Decision Tree,0.875000,2.375496,-1.500496,1.500496
Decision Tree,1.375000,1.642797,-0.267797,0.267797
Decision Tree,2.461000,1.642797,0.818203,0.818203
Decision Tree,1.757000,1.642797,0.114203,0.114203
Decision Tree,1.641000,1.642797,-0.001797,0.001797
Decision Tree,1.328000,1.642797,-0.314797,0.314797
Decision Tree,1.292000,1.271581,0.020419,0.020419
Decision Tree,2.241000,1.642797,0.598203,0.598203
Decision Tree,1.039000,0.869319,0.169681,0.169681
Decision Tree,1.128000,1.642797,-0.514797,0.514797
Decision Tree,2.438000,1.774529,0.663471,0.663471
Decision Tree,0.886000,1.164596,-0.278596,0.278596
Decision Tree,1.861000,3.344307,-1.483307,1.483307
Decision Tree,1.861000,1.642797,0.218203,0.218203
Decision Tree,1.609000,1.642797,-0.033797,0.033797
Decision Tree,1.492000,1.164596,0.327404,0.327404
Decision Tree,0.764000,0.869319,-0.105319,0.105319
Decision Tree,5.000010,3.605746,1.394264,1.394264
Decision Tree,0.956000,1.800527,-0.844527,0.844527
Decision Tree,2.375000,2.375496,-0.000496,0.000496
Decision Tree,4.183000,3.311513,0.871487,0.871487
Decision Tree,1.975000,3.199582,-1.224582,1.224582
Decision Tree,0.664000,1.168573,-0.504573,0.504573
Decision Tree,2.690000,3.344307,-0.654307,0.654307
Decision Tree,2.190000,3.199582,-1.009582,1.009582
Decision Tree,1.569000,1.920621,-0.351621,0.351621
Decision Tree,1.342000,1.642797,-0.300797,0.300797
Decision Tree,2.042000,2.330824,-0.288824,0.288824
Decision Tree,2.188000,3.199582,-1.011582,1.011582
Decision Tree,1.818000,2.682372,-0.864372,0.864372
Decision Tree,1.685000,1.642797,0.042203,0.042203
Decision Tree,2.992000,3.199582,-0.207582,0.207582
Decision Tree,1.660000,1.774529,-0.114529,0.114529
Decision Tree,1.935000,1.642797,0.292203,0.292203
Decision Tree,2.125000,1.774529,0.350471,0.350471
Decision Tree,3.862000,2.204763,1.657237,1.657237
Decision Tree,2.684000,1.642797,1.041203,1.041203
Decision Tree,1.281000,1.642797,-0.361797,0.361797
Decision Tree,2.712000,2.337900,0.374100,0.374100
Decision Tree,0.884000,1.642797,-0.758797,0.758797
Decision Tree,1.015000,1.168573,-0.153573,0.153573
Decision Tree,4.955000,3.605746,1.349254,1.349254
Decision Tree,1.673000,1.164596,0.508404,0.508404
Decision Tree,1.413000,1.642797,-0.229797,0.229797
Decision Tree,5.000010,4.860651,0.139359,0.139359
Decision Tree,3.213000,3.649593,-0.436593,0.436593
Decision Tree,0.821000,1.168573,-0.347573,0.347573
Decision Tree,0.929000,1.774529,-0.845529,0.845529
Decision Tree,1.680000,2.182676,-0.502676,0.502676
Decision Tree,1.350000,1.642797,-0.292797,0.292797
Decision Tree,2.431000,1.642797,0.788203,0.788203
Decision Tree,1.571000,3.199582,-1.628582,1.628582
Decision Tree,0.979000,0.869319,0.109681,0.109681
Decision Tree,1.777000,1.642797,0.134203,0.134203
Decision Tree,1.318000,1.642797,-0.324797,0.324797
Decision Tree,2.688000,2.375496,0.312504,0.312504
Decision Tree,3.143000,1.164596,1.978404,1.978404
Decision Tree,1.836000,1.920621,-0.084621,0.084621
Decision Tree,1.000000,1.168573,-0.168573,0.168573
Decision Tree,2.322000,1.920621,0.401379,0.401379
Decision Tree,1.381000,1.920621,-0.539621,0.539621
Decision Tree,1.625000,1.774529,-0.149529,0.149529
Decision Tree,4.573000,2.624530,1.948470,1.948470
Decision Tree,1.392000,1.920621,-0.528621,0.528621
Decision Tree,2.445000,2.182676,0.262324,0.262324
Decision Tree,0.616000,0.869319,-0.253319,0.253319
Decision Tree,2.370000,1.680068,0.689932,0.689932
Decision Tree,1.125000,0.869319,0.255681,0.255681
Decision Tree,1.223000,1.800527,-0.577527,0.577527
Decision Tree,5.000010,2.204763,2.795247,2.795247
Decision Tree,1.101000,1.800527,-0.699527,0.699527
Decision Tree,3.009000,2.624530,0.384470,0.384470
Decision Tree,1.675000,1.642797,0.032203,0.032203
Decision Tree,2.464000,3.199582,-0.735582,0.735582
Decision Tree,2.793000,3.200321,-0.407321,0.407321
Decision Tree,4.140000,2.682372,1.457628,1.457628
Decision Tree,0.587000,0.869319,-0.282319,0.282319
Decision Tree,2.949000,3.649593,-0.700593,0.700593
Decision Tree,3.652000,3.199582,0.452418,0.452418
Decision Tree,3.683000,2.768576,0.914424,0.914424
Decision Tree,2.392000,1.271581,1.120419,1.120419
Decision Tree,1.214000,1.642797,-0.428797,0.428797
Decision Tree,2.150000,2.624530,-0.474530,0.474530
Decision Tree,1.139000,1.920621,-0.781621,0.781621
Decision Tree,2.364000,1.642797,0.721203,0.721203
Decision Tree,1.717000,2.330824,-0.613824,0.613824
Decision Tree,2.485000,3.199582,-0.714582,0.714582
Decision Tree,0.582000,0.869319,-0.287319,0.287319
Decision Tree,0.678000,1.168573,-0.490573,0.490573
Decision Tree,0.757000,0.869319,-0.112319,0.112319
Decision Tree,1.780000,1.642797,0.137203,0.137203
Decision Tree,0.604000,1.164596,-0.560596,0.560596
Decision Tree,2.261000,2.682372,-0.421372,0.421372
Decision Tree,1.795000,1.642797,0.152203,0.152203
Decision Tree,1.582000,1.920621,-0.338621,0.338621
Decision Tree,2.786000,2.682372,0.103628,0.103628
Decision Tree,4.808000,3.311513,1.496487,1.496487
Decision Tree,1.923000,1.680068,0.242932,0.242932
Decision Tree,1.417000,1.271581,0.145419,0.145419
Decision Tree,3.308000,3.605746,-0.297746,0.297746
Decision Tree,1.000000,1.774529,-0.774529,0.774529
Decision Tree,1.032000,1.168573,-0.136573,0.136573
Decision Tree,0.535000,0.869319,-0.334319,0.334319
Decision Tree,1.857000,1.774529,0.082471,0.082471
Decision Tree,1.929000,1.680068,0.248932,0.248932
Decision Tree,2.560000,3.605746,-1.045746,1.045746
Decision Tree,1.385000,1.680068,-0.295068,0.295068
Decision Tree,0.696000,1.271581,-0.575581,0.575581
Decision Tree,2.468000,3.199582,-0.731582,0.731582
Decision Tree,2.659000,2.768576,-0.109576,0.109576
Decision Tree,1.625000,1.168573,0.456427,0.456427
Decision Tree,3.227000,3.199582,0.027418,0.027418
Decision Tree,1.489000,1.642797,-0.153797,0.153797
Decision Tree,4.290000,4.471430,-0.181430,0.181430
Decision Tree,5.000010,4.778789,0.221221,0.221221
Decision Tree,2.541000,2.768576,-0.227576,0.227576
Decision Tree,3.281000,3.199582,0.081418,0.081418
Decision Tree,1.691000,1.680068,0.010932,0.010932
Decision Tree,2.554000,2.337900,0.216100,0.216100
Decision Tree,0.764000,0.869319,-0.105319,0.105319
Decision Tree,1.514000,2.204763,-0.690763,0.690763
Decision Tree,3.111000,2.768576,0.342424,0.342424
Decision Tree,1.875000,1.680068,0.194932,0.194932
Decision Tree,2.132000,1.642797,0.489203,0.489203
Decision Tree,2.083000,1.680068,0.402932,0.402932
Decision Tree,2.028000,2.204763,-0.176763,0.176763
Decision Tree,0.901000,2.375496,-1.474496,1.474496
Decision Tree,0.924000,1.774529,-0.850529,0.850529
Decision Tree,1.365000,1.168573,0.196427,0.196427
Decision Tree,0.922000,0.869319,0.052681,0.052681
Decision Tree,0.794000,0.869319,-0.075319,0.075319
Decision Tree,0.955000,1.168573,-0.213573,0.213573
Decision Tree,2.492000,1.920621,0.571379,0.571379
Decision Tree,1.117000,1.642797,-0.525797,0.525797
Decision Tree,1.906000,1.168573,0.737427,0.737427
Decision Tree,1.918000,1.642797,0.275203,0.275203
Decision Tree,5.000010,3.199582,1.800428,1.800428
Decision Tree,0.508000,1.271581,-0.763581,0.763581
Decision Tree,1.635000,1.271581,0.363419,0.363419
Decision Tree,3.689000,3.199582,0.489418,0.489418
Decision Tree,0.570000,0.869319,-0.299319,0.299319
Decision Tree,0.750000,1.680068,-0.930068,0.930068
Decision Tree,2.290000,2.337900,-0.047900,0.047900
Decision Tree,3.409000,3.649593,-0.240593,0.240593
Decision Tree,2.766000,3.199582,-0.433582,0.433582
Decision Tree,1.884000,2.624530,-0.740530,0.740530
Decision Tree,0.739000,0.869319,-0.130319,0.130319
Decision Tree,1.500000,3.199582,-1.699582,1.699582
Decision Tree,1.471000,1.800527,-0.329527,0.329527
Decision Tree,1.863000,1.271581,0.591419,0.591419
Decision Tree,2.349000,1.920621,0.428379,0.428379
Decision Tree,1.225000,1.774529,-0.549529,0.549529
Decision Tree,3.989000,2.269385,1.719615,1.719615
Decision Tree,2.500000,3.344307,-0.844307,0.844307
Decision Tree,1.136000,1.642797,-0.506797,0.506797
Decision Tree,2.448000,2.337900,0.110100,0.110100
Decision Tree,2.250000,1.164596,1.085404,1.085404
Decision Tree,1.869000,2.624530,-0.755530,0.755530
Decision Tree,3.097000,3.344307,-0.247307,0.247307
Decision Tree,1.306000,1.920621,-0.614621,0.614621
Decision Tree,3.423000,2.337900,1.085100,1.085100
Decision Tree,0.650000,1.168573,-0.518573,0.518573
Decision Tree,2.789000,1.642797,1.146203,1.146203
Decision Tree,1.688000,1.774529,-0.086529,0.086529
Decision Tree,4.184000,3.605746,0.578254,0.578254
Decision Tree,1.090000,1.920621,-0.830621,0.830621
Decision Tree,1.601000,1.680068,-0.079068,0.079068
Decision Tree,3.450000,3.199582,0.250418,0.250418
Decision Tree,4.188000,3.605746,0.582254,0.582254
Decision Tree,2.091000,1.642797,0.448203,0.448203
Decision Tree,0.975000,1.800527,-0.825527,0.825527
Decision Tree,5.000010,4.860651,0.139359,0.139359
Decision Tree,1.086000,0.869319,0.216681,0.216681
Decision Tree,1.333000,1.680068,-0.347068,0.347068
Decision Tree,0.509000,0.869319,-0.360319,0.360319
Decision Tree,3.116000,2.337900,0.778100,0.778100
Decision Tree,3.655000,3.311513,0.343487,0.343487
Decision Tree,1.750000,1.774529,-0.024529,0.024529
Decision Tree,1.703000,1.168573,0.534427,0.534427
Decision Tree,2.795000,2.682372,0.112628,0.112628
Decision Tree,1.259000,1.642797,-0.383797,0.383797
Decision Tree,1.557000,1.920621,-0.363621,0.363621
Decision Tree,0.833000,1.164596,-0.331596,0.331596
Decision Tree,1.563000,2.337900,-0.774900,0.774900
Decision Tree,2.148000,2.768576,-0.620576,0.620576
Decision Tree,1.103000,1.271581,-0.168581,0.168581
Decision Tree,1.650000,1.271581,0.378419,0.378419
Decision Tree,3.495000,3.199582,0.295418,0.295418
Decision Tree,5.000010,4.860651,0.139359,0.139359
Decision Tree,1.257000,0.869319,0.387681,0.387681
Decision Tree,1.931000,2.204763,-0.273763,0.273763
Decision Tree,5.000010,4.860651,0.139359,0.139359
Decision Tree,1.996000,2.337900,-0.341900,0.341900
Decision Tree,5.000010,3.199582,1.800428,1.800428
Decision Tree,1.634000,1.560000,0.074000,0.074000
Decision Tree,1.375000,1.168573,0.206427,0.206427
Decision Tree,1.215000,1.642797,-0.427797,0.427797
Decision Tree,3.812000,3.199582,0.612418,0.612418
Decision Tree,1.119000,1.642797,-0.523797,0.523797
Decision Tree,0.580000,0.869319,-0.289319,0.289319
Decision Tree,0.638000,1.271581,-0.633581,0.633581
Decision Tree,3.632000,3.199582,0.432418,0.432418
Decision Tree,2.064000,1.271581,0.792419,0.792419
Decision Tree,3.708000,2.375496,1.332504,1.332504
Decision Tree,0.818000,0.869319,-0.051319,0.051319
Decision Tree,2.715000,1.642797,1.072203,1.072203
Decision Tree,1.970000,1.920621,0.049379,0.049379
Decision Tree,0.734000,0.869319,-0.135319,0.135319
Decision Tree,3.017000,3.199582,-0.182582,0.182582
Decision Tree,1.196000,1.920621,-0.724621,0.724621
Decision Tree,2.581000,2.204763,0.376237,0.376237
Decision Tree,0.175000,2.330824,-2.155824,2.155824
Decision Tree,1.457000,1.642797,-0.185797,0.185797
Decision Tree,1.020000,0.869319,0.150681,0.150681
Decision Tree,4.000000,3.199582,0.800418,0.800418
Decision Tree,0.992000,1.642797,-0.650797,0.650797
Decision Tree,4.854000,3.972031,0.881969,0.881969
Decision Tree,4.771000,4.860651,-0.089651,0.089651
Decision Tree,0.669000,0.869319,-0.200319,0.200319
Decision Tree,3.754000,4.860651,-1.106651,1.106651
Decision Tree,1.696000,2.337900,-0.641900,0.641900
Decision Tree,2.476000,2.204763,0.271237,0.271237
Decision Tree,1.647000,1.680068,-0.033068,0.033068
Decision Tree,3.094000,3.199582,-0.105582,0.105582
Decision Tree,1.853000,2.204763,-0.351763,0.351763
Decision Tree,2.302000,2.624530,-0.322530,0.322530
Decision Tree,1.561000,1.680068,-0.119068,0.119068
Decision Tree,3.025000,2.768576,0.256424,0.256424
Decision Tree,0.978000,1.642797,-0.664797,0.664797
Decision Tree,2.513000,3.199582,-0.686582,0.686582
Decision Tree,2.813000,2.182676,0.630324,0.630324
Decision Tree,1.531000,1.168573,0.362427,0.362427
Decision Tree,3.556000,3.199582,0.356418,0.356418
Decision Tree,1.013000,1.271581,-0.258581,0.258581
Decision Tree,2.660000,2.337900,0.322100,0.322100
Decision Tree,1.607000,1.642797,-0.035797,0.035797
Decision Tree,3.058000,2.330824,0.727176,0.727176
Decision Tree,1.475000,1.642797,-0.167797,0.167797
Decision Tree,1.863000,1.642797,0.220203,0.220203
Decision Tree,1.626000,1.271581,0.354419,0.354419
Decision Tree,4.847000,4.471430,0.375570,0.375570
Decision Tree,1.750000,2.375496,-0.625496,0.625496
Decision Tree,1.272000,1.642797,-0.370797,0.370797
Decision Tree,3.651000,3.605746,0.045254,0.045254
Decision Tree,2.365000,2.337900,0.027100,0.027100
Decision Tree,2.140000,2.375496,-0.235496,0.235496
Decision Tree,2.258000,2.337900,-0.079900,0.079900
Decision Tree,1.289000,1.642797,-0.353797,0.353797
Decision Tree,0.735000,2.375496,-1.640496,1.640496
Decision Tree,1.147000,1.642797,-0.495797,0.495797
Decision Tree,1.750000,1.680068,0.069932,0.069932
Decision Tree,3.181000,1.642797,1.538203,1.538203
Decision Tree,3.312000,2.182676,1.129324,1.129324
Decision Tree,1.925000,2.330824,-0.405824,0.405824
Decision Tree,1.595000,1.164596,0.430404,0.430404
Decision Tree,1.627000,1.642797,-0.015797,0.015797
Decision Tree,0.673000,1.642797,-0.969797,0.969797
Decision Tree,2.129000,2.337900,-0.208900,0.208900
Decision Tree,1.406000,1.642797,-0.236797,0.236797
Decision Tree,1.865000,1.642797,0.222203,0.222203
Decision Tree,3.932000,3.605746,0.326254,0.326254
Decision Tree,0.553000,0.869319,-0.316319,0.316319
Decision Tree,4.098000,3.199582,0.898418,0.898418
Decision Tree,1.918000,1.642797,0.275203,0.275203
Decision Tree,0.995000,1.642797,-0.647797,0.647797
Decision Tree,1.750000,1.774529,-0.024529,0.024529
Decision Tree,1.580000,1.642797,-0.062797,0.062797
Decision Tree,1.069000,1.168573,-0.099573,0.099573
Decision Tree,2.772000,1.642797,1.129203,1.129203
Decision Tree,3.267000,1.920621,1.346379,1.346379
Decision Tree,0.960000,0.869319,0.090681,0.090681
Decision Tree,4.318000,4.860651,-0.542651,0.542651
Decision Tree,1.722000,1.642797,0.079203,0.079203
Decision Tree,1.125000,1.560000,-0.435000,0.435000
Decision Tree,2.250000,1.164596,1.085404,1.085404
Decision Tree,2.595000,2.204763,0.390237,0.390237
Decision Tree,2.915000,2.337900,0.577100,0.577100
Decision Tree,0.504000,0.869319,-0.365319,0.365319
Decision Tree,1.500000,2.375496,-0.875496,0.875496
Decision Tree,2.246000,2.337900,-0.091900,0.091900
Decision Tree,1.306000,1.642797,-0.336797,0.336797
Decision Tree,0.697000,1.642797,-0.945797,0.945797
Decision Tree,3.530000,2.624530,0.905470,0.905470
Decision Tree,2.312000,2.682372,-0.370372,0.370372
Decision Tree,2.051000,1.920621,0.130379,0.130379
Decision Tree,3.981000,3.605746,0.375254,0.375254
Decision Tree,1.413000,1.642797,-0.229797,0.229797
Decision Tree,1.733000,1.560000,0.173000,0.173000
Decision Tree,1.279000,1.271581,0.007419,0.007419
Decision Tree,2.895000,1.800527,1.094473,1.094473
Decision Tree,0.959000,1.642797,-0.683797,0.683797
Decision Tree,1.334000,1.920621,-0.586621,0.586621
Decision Tree,1.468000,1.642797,-0.174797,0.174797
Decision Tree,1.813000,2.375496,-0.562496,0.562496
Decision Tree,0.546000,1.164596,-0.618596,0.618596
Decision Tree,0.555000,0.869319,-0.314319,0.314319
Decision Tree,1.500000,1.642797,-0.142797,0.142797
Decision Tree,1.028000,0.869319,0.158681,0.158681
Decision Tree,0.933000,1.168573,-0.235573,0.235573
Decision Tree,1.231000,1.920621,-0.689621,0.689621
Decision Tree,2.318000,1.271581,1.046419,1.046419
Decision Tree,1.595000,1.642797,-0.047797,0.047797
Decision Tree,1.083000,0.869319,0.213681,0.213681
Decision Tree,0.431000,0.869319,-0.438319,0.438319
Decision Tree,1.056000,1.642797,-0.586797,0.586797
Decision Tree,1.683000,1.642797,0.040203,0.040203
Decision Tree,0.283000,1.271581,-0.988581,0.988581
Decision Tree,2.829000,2.768576,0.060424,0.060424
Decision Tree,2.343000,1.920621,0.422379,0.422379
Decision Tree,2.125000,1.271581,0.853419,0.853419
Decision Tree,2.056000,1.774529,0.281471,0.281471
Decision Tree,1.500000,2.337900,-0.837900,0.837900
Decision Tree,1.930000,1.642797,0.287203,0.287203
Decision Tree,0.149990,2.337900,-2.187910,2.187910
Decision Tree,1.700000,1.271581,0.428419,0.428419
Decision Tree,1.683000,1.920621,-0.237621,0.237621
Decision Tree,0.935000,1.642797,-0.707797,0.707797
Decision Tree,1.918000,2.375496,-0.457496,0.457496
Decision Tree,1.815000,1.920621,-0.105621,0.105621
Decision Tree,1.954000,1.920621,0.033379,0.033379
Decision Tree,1.219000,2.375496,-1.156496,1.156496
Decision Tree,1.426000,1.642797,-0.216797,0.216797
Decision Tree,1.583000,1.774529,-0.191529,0.191529
Decision Tree,1.653000,1.168573,0.484427,0.484427
Decision Tree,1.550000,1.774529,-0.224529,0.224529
Decision Tree,0.921000,1.271581,-0.350581,0.350581
Decision Tree,0.681000,1.164596,-0.483596,0.483596
Decision Tree,2.763000,2.337900,0.425100,0.425100
Decision Tree,3.352000,3.972031,-0.620031,0.620031
Decision Tree,1.211000,1.168573,0.042427,0.042427
Decision Tree,1.771000,1.642797,0.128203,0.128203
Decision Tree,1.875000,1.774529,0.100471,0.100471
Decision Tree,1.920000,1.560000,0.360000,0.360000
Decision Tree,3.012000,2.624530,0.387470,0.387470
Decision Tree,1.591000,1.920621,-0.329621,0.329621
Decision Tree,5.000010,4.860651,0.139359,0.139359
Decision Tree,2.737000,1.642797,1.094203,1.094203
Decision Tree,2.339000,2.204763,0.134237,0.134237
Decision Tree,5.000010,1.680068,3.319942,3.319942
Decision Tree,2.228000,2.337900,-0.109900,0.109900
Decision Tree,1.402000,1.642797,-0.240797,0.240797
Decision Tree,1.598000,1.680068,-0.082068,0.082068
Decision Tree,1.188000,1.168573,0.019427,0.019427
Decision Tree,5.000010,3.199582,1.800428,1.800428
Decision Tree,1.055000,1.560000,-0.505000,0.505000
Decision Tree,2.178000,1.680068,0.497932,0.497932
Decision Tree,1.875000,1.774529,0.100471,0.100471
Decision Tree,2.873000,3.649593,-0.776593,0.776593
Decision Tree,1.310000,2.375496,-1.065496,1.065496
Decision Tree,0.558000,0.869319,-0.311319,0.311319
Decision Tree,1.619000,1.920621,-0.301621,0.301621
Decision Tree,2.536000,1.774529,0.761471,0.761471
Decision Tree,1.550000,1.642797,-0.092797,0.092797
Decision Tree,3.115000,2.768576,0.346424,0.346424
Decision Tree,0.878000,0.869319,0.008681,0.008681
Decision Tree,1.058000,1.271581,-0.213581,0.213581
Decision Tree,1.370000,1.642797,-0.272797,0.272797
Decision Tree,1.563000,1.680068,-0.117068,0.117068
Decision Tree,1.547000,1.642797,-0.095797,0.095797
Decision Tree,1.674000,1.642797,0.031203,0.031203
Decision Tree,4.578000,3.199582,1.378418,1.378418
Decision Tree,5.000010,3.605746,1.394264,1.394264
Decision Tree,1.883000,3.649593,-1.766593,1.766593
Decision Tree,4.429000,3.199582,1.229418,1.229418
Decision Tree,5.000010,4.860651,0.139359,0.139359
Decision Tree,5.000010,3.605746,1.394264,1.394264
Decision Tree,1.875000,1.168573,0.706427,0.706427
Decision Tree,0.574000,0.869319,-0.295319,0.295319
Decision Tree,3.875000,1.642797,2.232203,2.232203
Decision Tree,2.720000,2.768576,-0.048576,0.048576
Decision Tree,1.676000,1.271581,0.404419,0.404419
Decision Tree,4.037000,2.768576,1.268424,1.268424
Decision Tree,1.917000,1.168573,0.748427,0.748427
Decision Tree,5.000010,2.375496,2.624514,2.624514
Decision Tree,1.871000,1.920621,-0.049621,0.049621
Decision Tree,0.964000,1.642797,-0.678797,0.678797
Decision Tree,0.924000,1.271581,-0.347581,0.347581
Decision Tree,2.139000,2.182676,-0.043676,0.043676
Decision Tree,1.550000,2.768576,-1.218576,1.218576
Decision Tree,1.330000,1.642797,-0.312797,0.312797
Decision Tree,2.750000,1.774529,0.975471,0.975471
Decision Tree,2.385000,1.642797,0.742203,0.742203
Decision Tree,1.583000,1.642797,-0.059797,0.059797
Decision Tree,0.705000,0.869319,-0.164319,0.164319
Decision Tree,2.223000,1.920621,0.302379,0.302379
Decision Tree,4.119000,3.605746,0.513254,0.513254
Decision Tree,1.851000,1.680068,0.170932,0.170932
Decision Tree,5.000010,3.199582,1.800428,1.800428
Decision Tree,1.398000,1.168573,0.229427,0.229427
Decision Tree,1.781000,1.271581,0.509419,0.509419
Decision Tree,1.593000,2.330824,-0.737824,0.737824
Decision Tree,1.250000,1.168573,0.081427,0.081427
Decision Tree,1.971000,2.624530,-0.653530,0.653530
Decision Tree,0.640000,1.168573,-0.528573,0.528573
Decision Tree,1.946000,1.642797,0.303203,0.303203
Decision Tree,1.625000,1.642797,-0.017797,0.017797
Decision Tree,0.844000,0.869319,-0.025319,0.025319
Decision Tree,0.613000,0.869319,-0.256319,0.256319
Decision Tree,3.682000,3.199582,0.482418,0.482418
Decision Tree,1.221000,1.642797,-0.421797,0.421797
Decision Tree,0.861000,1.168573,-0.307573,0.307573
Decision Tree,2.099000,3.199582,-1.100582,1.100582
Decision Tree,1.708000,1.642797,0.065203,0.065203
Decision Tree,1.750000,1.642797,0.107203,0.107203
Decision Tree,1.266000,1.774529,-0.508529,0.508529
Decision Tree,2.822000,3.199582,-0.377582,0.377582
Decision Tree,2.077000,1.920621,0.156379,0.156379
Decision Tree,1.042000,2.330824,-1.288824,1.288824
Decision Tree,2.143000,3.199582,-1.056582,1.056582
Decision Tree,0.803000,1.271581,-0.468581,0.468581
Decision Tree,2.731000,1.920621,0.810379,0.810379
Decision Tree,2.375000,1.920621,0.454379,0.454379
Decision Tree,0.738000,1.774529,-1.036529,1.036529
Decision Tree,1.844000,1.271581,0.572419,0.572419
Decision Tree,3.420000,2.182676,1.237324,1.237324
Decision Tree,1.297000,1.271581,0.025419,0.025419
Decision Tree,2.240000,2.768576,-0.528576,0.528576
Decision Tree,1.569000,1.642797,-0.073797,0.073797
Decision Tree,3.949000,2.624530,1.324470,1.324470
Decision Tree,1.577000,2.204763,-0.627763,0.627763
Decision Tree,1.199000,1.642797,-0.443797,0.443797
Decision Tree,3.169000,3.199582,-0.030582,0.030582
Decision Tree,2.125000,2.337900,-0.212900,0.212900
Decision Tree,0.683000,0.869319,-0.186319,0.186319
Decision Tree,1.651000,1.642797,0.008203,0.008203
Decision Tree,0.936000,1.168573,-0.232573,0.232573
Decision Tree,0.888000,1.271581,-0.383581,0.383581
Decision Tree,1.847000,1.642797,0.204203,0.204203
Decision Tree,3.271000,3.605746,-0.334746,0.334746
Decision Tree,1.343000,1.680068,-0.337068,0.337068
Decision Tree,5.000010,1.642797,3.357213,3.357213
Decision Tree,1.621000,2.204763,-0.583763,0.583763
Decision Tree,5.000010,4.860651,0.139359,0.139359
Decision Tree,2.292000,1.800527,0.491473,0.491473
Decision Tree,1.125000,1.680068,-0.555068,0.555068
Decision Tree,3.542000,1.920621,1.621379,1.621379
Decision Tree,3.621000,2.337900,1.283100,1.283100
Decision Tree,1.625000,0.869319,0.755681,0.755681
Decision Tree,1.005000,1.774529,-0.769529,0.769529
Decision Tree,0.677000,1.164596,-0.487596,0.487596
Decision Tree,0.571000,0.869319,-0.298319,0.298319
Decision Tree,1.648000,2.204763,-0.556763,0.556763
Decision Tree,2.042000,1.642797,0.399203,0.399203
Decision Tree,3.424000,3.199582,0.224418,0.224418
Decision Tree,1.815000,1.168573,0.646427,0.646427
Decision Tree,3.045000,2.330824,0.714176,0.714176
Decision Tree,2.353000,2.204763,0.148237,0.148237
Decision Tree,1.053000,2.768576,-1.715576,1.715576
Decision Tree,2.914000,3.199582,-0.285582,0.285582
Decision Tree,1.596000,1.642797,-0.046797,0.046797
Decision Tree,1.118000,1.164596,-0.046596,0.046596
Decision Tree,1.196000,1.560000,-0.364000,0.364000
Decision Tree,3.297000,2.337900,0.959100,0.959100
Decision Tree,1.367000,1.642797,-0.275797,0.275797
Decision Tree,1.014000,0.869319,0.144681,0.144681
Decision Tree,1.186000,0.869319,0.316681,0.316681
Decision Tree,1.333000,1.774529,-0.441529,0.441529
Decision Tree,0.525000,1.168573,-0.643573,0.643573
Decision Tree,2.346000,2.204763,0.141237,0.141237
Decision Tree,0.750000,0.869319,-0.119319,0.119319
Decision Tree,1.763000,1.920621,-0.157621,0.157621
Decision Tree,3.468000,2.337900,1.130100,1.130100
Decision Tree,2.518000,2.768576,-0.250576,0.250576
Decision Tree,0.542000,0.869319,-0.327319,0.327319
Decision Tree,0.675000,1.920621,-1.245621,1.245621
Decision Tree,1.425000,2.337900,-0.912900,0.912900
Decision Tree,1.016000,1.680068,-0.664068,0.664068
Decision Tree,2.273000,3.344307,-1.071307,1.071307
Decision Tree,3.372000,3.199582,0.172418,0.172418
Decision Tree,1.188000,1.271581,-0.083581,0.083581
Decision Tree,0.675000,0.869319,-0.194319,0.194319
Decision Tree,2.020000,2.337900,-0.317900,0.317900
Decision Tree,0.942000,1.168573,-0.226573,0.226573
Decision Tree,0.962000,1.271581,-0.309581,0.309581
Decision Tree,2.250000,2.182676,0.067324,0.067324
Decision Tree,2.587000,1.642797,0.944203,0.944203
Decision Tree,1.031000,1.271581,-0.240581,0.240581
Decision Tree,1.172000,1.168573,0.003427,0.003427
Decision Tree,1.648000,2.375496,-0.727496,0.727496
Decision Tree,1.440000,1.642797,-0.202797,0.202797
Decision Tree,5.000010,4.471430,0.528580,0.528580
Decision Tree,1.554000,1.642797,-0.088797,0.088797
Decision Tree,1.147000,1.271581,-0.124581,0.124581
Decision Tree,1.231000,1.642797,-0.411797,0.411797
Decision Tree,2.268000,2.375496,-0.107496,0.107496
Decision Tree,1.804000,1.642797,0.161203,0.161203
Decision Tree,3.109000,3.344307,-0.235307,0.235307
Decision Tree,1.488000,1.642797,-0.154797,0.154797
Decision Tree,0.847000,3.199582,-2.352582,2.352582
Decision Tree,0.637000,1.168573,-0.531573,0.531573
Decision Tree,2.620000,2.337900,0.282100,0.282100
Decision Tree,4.381000,4.471430,-0.090430,0.090430
Decision Tree,2.265000,1.642797,0.622203,0.622203
Decision Tree,0.876000,1.164596,-0.288596,0.288596
Decision Tree,3.455000,3.605746,-0.150746,0.150746
Decision Tree,1.401000,1.271581,0.129419,0.129419
Decision Tree,3.667000,2.375496,1.291504,1.291504
Decision Tree,2.708000,3.199582,-0.491582,0.491582
Decision Tree,1.688000,1.920621,-0.232621,0.232621
Decision Tree,2.938000,3.199582,-0.261582,0.261582
Decision Tree,2.518000,2.768576,-0.250576,0.250576
Decision Tree,0.851000,0.869319,-0.018319,0.018319
Decision Tree,2.675000,2.768576,-0.093576,0.093576
Decision Tree,1.409000,1.642797,-0.233797,0.233797
Decision Tree,2.855000,1.642797,1.212203,1.212203
Decision Tree,1.513000,1.271581,0.241419,0.241419
Decision Tree,2.250000,1.774529,0.475471,0.475471
Decision Tree,0.446000,0.869319,-0.423319,0.423319
Decision Tree,4.500000,1.774529,2.725471,2.725471
Decision Tree,2.293000,3.200321,-0.907321,0.907321
Decision Tree,2.250000,0.869319,1.380681,1.380681
Decision Tree,1.380000,1.680068,-0.300068,0.300068
Decision Tree,0.969000,1.271581,-0.302581,0.302581
Decision Tree,1.612000,1.271581,0.340419,0.340419
Decision Tree,1.443000,1.642797,-0.199797,0.199797
Decision Tree,4.500000,1.774529,2.725471,2.725471
Decision Tree,1.225000,0.869319,0.355681,0.355681
Decision Tree,2.487000,2.204763,0.282237,0.282237
Decision Tree,1.342000,1.642797,-0.300797,0.300797
Decision Tree,3.481000,3.972031,-0.491031,0.491031
Decision Tree,0.783000,1.642797,-0.859797,0.859797
Decision Tree,1.078000,1.164596,-0.086596,0.086596
Decision Tree,1.469000,1.680068,-0.211068,0.211068
Decision Tree,1.883000,1.800527,0.082473,0.082473
Decision Tree,1.625000,1.774529,-0.149529,0.149529
Decision Tree,0.586000,1.164596,-0.578596,0.578596
Decision Tree,1.837000,1.680068,0.156932,0.156932
Decision Tree,1.804000,1.271581,0.532419,0.532419
Decision Tree,1.750000,1.800527,-0.050527,0.050527
Decision Tree,1.372000,2.682372,-1.310372,1.310372
Decision Tree,1.100000,2.768576,-1.668576,1.668576
Decision Tree,2.334000,2.204763,0.129237,0.129237
Decision Tree,1.283000,1.271581,0.011419,0.011419
Decision Tree,3.500000,1.774529,1.725471,1.725471
Decision Tree,1.552000,1.680068,-0.128068,0.128068
Decision Tree,2.567000,3.311513,-0.744513,0.744513
Decision Tree,0.859000,1.168573,-0.309573,0.309573
Decision Tree,0.732000,1.164596,-0.432596,0.432596
Decision Tree,2.583000,2.330824,0.252176,0.252176
Decision Tree,0.628000,1.164596,-0.536596,0.536596
Decision Tree,4.850000,2.375496,2.474504,2.474504
Decision Tree,1.240000,1.168573,0.071427,0.071427
Decision Tree,1.585000,1.920621,-0.335621,0.335621
Decision Tree,0.973000,1.168573,-0.195573,0.195573
Decision Tree,1.867000,1.920621,-0.053621,0.053621
Decision Tree,3.441000,3.344307,0.096693,0.096693
Decision Tree,1.667000,1.642797,0.024203,0.024203
Decision Tree,1.089000,0.869319,0.219681,0.219681
Decision Tree,4.829000,3.199582,1.629418,1.629418
Decision Tree,2.044000,2.768576,-0.724576,0.724576
Decision Tree,2.307000,1.642797,0.664203,0.664203
Decision Tree,0.530000,1.168573,-0.638573,0.638573
Decision Tree,1.785000,1.680068,0.104932,0.104932
Decision Tree,5.000010,3.649593,1.350417,1.350417
Decision Tree,5.000010,4.860651,0.139359,0.139359
Decision Tree,0.849000,1.271581,-0.422581,0.422581
Decision Tree,5.000010,3.199582,1.800428,1.800428
Decision Tree,2.468000,2.768576,-0.300576,0.300576
Decision Tree,1.563000,1.680068,-0.117068,0.117068
Decision Tree,2.346000,1.680068,0.665932,0.665932
Decision Tree,0.488000,1.168573,-0.680573,0.680573
Decision Tree,1.458000,1.642797,-0.184797,0.184797
Decision Tree,2.715000,1.920621,0.794379,0.794379
Decision Tree,5.000010,3.199582,1.800428,1.800428
Decision Tree,0.875000,1.642797,-0.767797,0.767797
Decision Tree,0.691000,0.869319,-0.178319,0.178319
Decision Tree,1.393000,1.642797,-0.249797,0.249797
Decision Tree,2.734000,3.199582,-0.465582,0.465582
Decision Tree,2.297000,2.624530,-0.327530,0.327530
Decision Tree,0.682000,0.869319,-0.187319,0.187319
Decision Tree,1.143000,1.271581,-0.128581,0.128581
Decision Tree,1.599000,2.768576,-1.169576,1.169576
Decision Tree,1.166000,1.642797,-0.476797,0.476797
Decision Tree,2.099000,1.920621,0.178379,0.178379
Decision Tree,0.689000,0.869319,-0.180319,0.180319
Decision Tree,1.014000,1.642797,-0.628797,0.628797
Decision Tree,2.140000,2.337900,-0.197900,0.197900
Decision Tree,3.553000,3.649593,-0.096593,0.096593
Decision Tree,0.903000,1.642797,-0.739797,0.739797
Decision Tree,1.593000,1.642797,-0.049797,0.049797
Decision Tree,0.639000,1.168573,-0.529573,0.529573
Decision Tree,2.182000,3.199582,-1.017582,1.017582
Decision Tree,2.536000,3.605746,-1.069746,1.069746
Decision Tree,0.813000,1.168573,-0.355573,0.355573
Decision Tree,1.886000,2.337900,-0.451900,0.451900
Decision Tree,1.654000,1.920621,-0.266621,0.266621
Decision Tree,1.063000,2.330824,-1.267824,1.267824
Decision Tree,2.101000,2.337900,-0.236900,0.236900
Decision Tree,1.476000,1.642797,-0.166797,0.166797
Decision Tree,1.125000,2.375496,-1.250496,1.250496
Decision Tree,1.750000,1.642797,0.107203,0.107203
Decision Tree,1.566000,1.642797,-0.076797,0.076797
Decision Tree,1.173000,1.680068,-0.507068,0.507068
Decision Tree,2.292000,1.774529,0.517471,0.517471
Decision Tree,3.500000,1.680068,1.819932,1.819932
Decision Tree,1.719000,1.774529,-0.055529,0.055529
Decision Tree,1.993000,1.271581,0.721419,0.721419
Decision Tree,2.516000,3.605746,-1.089746,1.089746
Decision Tree,3.000000,2.330824,0.669176,0.669176
Decision Tree,1.589000,1.774529,-0.185529,0.185529
Decision Tree,2.168000,2.624530,-0.456530,0.456530
Decision Tree,1.980000,2.624530,-0.644530,0.644530
Decision Tree,3.561000,3.199582,0.361418,0.361418
Decision Tree,1.923000,2.337900,-0.414900,0.414900
Decision Tree,3.145000,2.182676,0.962324,0.962324
Decision Tree,0.500000,1.164596,-0.664596,0.664596
Decision Tree,1.625000,1.642797,-0.017797,0.017797
Decision Tree,1.671000,1.642797,0.028203,0.028203
Decision Tree,1.388000,1.642797,-0.254797,0.254797
Decision Tree,1.476000,1.642797,-0.166797,0.166797
Decision Tree,2.385000,1.920621,0.464379,0.464379
Decision Tree,1.107000,2.182676,-1.075676,1.075676
Decision Tree,3.338000,3.200321,0.137679,0.137679
Decision Tree,1.921000,1.800527,0.120473,0.120473
Decision Tree,2.940000,1.920621,1.019379,1.019379
Decision Tree,1.545000,1.680068,-0.135068,0.135068
Decision Tree,1.519000,1.642797,-0.123797,0.123797
Decision Tree,5.000010,4.860651,0.139359,0.139359
Decision Tree,3.229000,2.204763,1.024237,1.024237
Decision Tree,1.656000,1.800527,-0.144527,0.144527
Decision Tree,2.212000,1.642797,0.569203,0.569203
Decision Tree,1.704000,1.642797,0.061203,0.061203
Decision Tree,1.987000,2.768576,-0.781576,0.781576
Decision Tree,1.625000,1.168573,0.456427,0.456427
Decision Tree,4.112000,3.344307,0.767693,0.767693
Decision Tree,3.355000,2.768576,0.586424,0.586424
Decision Tree,1.491000,1.642797,-0.151797,0.151797
Decision Tree,3.815000,3.199582,0.615418,0.615418
Decision Tree,1.839000,1.774529,0.064471,0.064471
Decision Tree,0.912000,1.560000,-0.648000,0.648000
Decision Tree,4.115000,3.639715,0.475285,0.475285
Decision Tree,2.203000,2.337900,-0.134900,0.134900
Decision Tree,1.581000,1.642797,-0.061797,0.061797
Decision Tree,0.696000,0.869319,-0.173319,0.173319
Decision Tree,2.705000,2.768576,-0.063576,0.063576
Decision Tree,2.616000,3.199582,-0.583582,0.583582
Decision Tree,3.895000,3.605746,0.289254,0.289254
Decision Tree,0.750000,0.869319,-0.119319,0.119319
Decision Tree,1.776000,1.920621,-0.144621,0.144621
Decision Tree,1.704000,1.271581,0.432419,0.432419
Decision Tree,1.542000,1.642797,-0.100797,0.100797
Decision Tree,1.319000,1.680068,-0.361068,0.361068
Decision Tree,0.444000,0.869319,-0.425319,0.425319
Decision Tree,1.450000,1.680068,-0.230068,0.230068
Decision Tree,2.241000,2.682372,-0.441372,0.441372
Decision Tree,1.875000,2.337900,-0.462900,0.462900
Decision Tree,1.929000,2.330824,-0.401824,0.401824
Decision Tree,0.886000,1.168573,-0.282573,0.282573
Decision Tree,1.839000,1.642797,0.196203,0.196203
Decision Tree,2.250000,2.768576,-0.518576,0.518576
Decision Tree,1.828000,2.375496,-0.547496,0.547496
Decision Tree,1.376000,1.920621,-0.544621,0.544621
Decision Tree,2.653000,2.182676,0.470324,0.470324
Decision Tree,0.366000,1.168573,-0.802573,0.802573
Decision Tree,1.255000,2.337900,-1.082900,1.082900
Decision Tree,1.386000,3.199582,-1.813582,1.813582
Decision Tree,4.871000,3.199582,1.671418,1.671418
Decision Tree,1.786000,1.680068,0.105932,0.105932
Decision Tree,1.345000,2.337900,-0.992900,0.992900
Decision Tree,3.067000,3.200321,-0.133321,0.133321
Decision Tree,1.158000,1.642797,-0.484797,0.484797
Decision Tree,0.914000,1.774529,-0.860529,0.860529
Decision Tree,2.109000,1.920621,0.188379,0.188379
Decision Tree,2.592000,2.768576,-0.176576,0.176576
Decision Tree,3.473000,3.972031,-0.499031,0.499031
Decision Tree,1.684000,2.337900,-0.653900,0.653900
Decision Tree,1.509000,1.642797,-0.133797,0.133797
Decision Tree,1.135000,1.642797,-0.507797,0.507797
Decision Tree,3.026000,2.768576,0.257424,0.257424
Decision Tree,4.233000,2.375496,1.857504,1.857504
Decision Tree,4.922000,4.471430,0.450570,0.450570
Decision Tree,1.906000,1.680068,0.225932,0.225932
Decision Tree,2.450000,1.642797,0.807203,0.807203
Decision Tree,0.557000,0.869319,-0.312319,0.312319
Decision Tree,0.840000,2.337900,-1.497900,1.497900
Decision Tree,2.750000,2.768576,-0.018576,0.018576
Decision Tree,1.896000,1.920621,-0.024621,0.024621
Decision Tree,2.759000,2.330824,0.428176,0.428176
Decision Tree,3.198000,3.200321,-0.002321,0.002321
Decision Tree,2.917000,2.337900,0.579100,0.579100
Decision Tree,0.679000,1.164596,-0.485596,0.485596
Decision Tree,1.890000,1.920621,-0.030621,0.030621
Decision Tree,0.900000,1.271581,-0.371581,0.371581
Decision Tree,3.350000,3.199582,0.150418,0.150418
Decision Tree,1.767000,1.680068,0.086932,0.086932
Decision Tree,0.985000,1.920621,-0.935621,0.935621
Decision Tree,2.006000,1.642797,0.363203,0.363203
Decision Tree,0.602000,1.168573,-0.566573,0.566573
Decision Tree,1.919000,1.560000,0.359000,0.359000
Decision Tree,1.911000,1.642797,0.268203,0.268203
Decision Tree,3.373000,2.768576,0.604424,0.604424
Decision Tree,2.250000,3.199582,-0.949582,0.949582
Decision Tree,2.906000,2.330824,0.575176,0.575176
Decision Tree,1.215000,1.271581,-0.056581,0.056581
Decision Tree,2.932000,2.337900,0.594100,0.594100
Decision Tree,1.070000,1.680068,-0.610068,0.610068
Decision Tree,2.664000,1.642797,1.021203,1.021203
Decision Tree,0.769000,1.271581,-0.502581,0.502581
Decision Tree,2.203000,1.920621,0.282379,0.282379
Decision Tree,1.011000,1.168573,-0.157573,0.157573
Decision Tree,4.746000,3.199582,1.546418,1.546418
Decision Tree,0.653000,1.164596,-0.511596,0.511596
Decision Tree,1.137000,1.168573,-0.031573,0.031573
Decision Tree,2.142000,3.199582,-1.057582,1.057582
Decision Tree,2.167000,2.204763,-0.037763,0.037763
Decision Tree,1.984000,1.920621,0.063379,0.063379
Decision Tree,2.122000,2.330824,-0.208824,0.208824
Decision Tree,2.227000,3.199582,-0.972582,0.972582
Decision Tree,2.659000,1.920621,0.738379,0.738379
Decision Tree,0.375000,0.869319,-0.494319,0.494319
Decision Tree,2.650000,2.182676,0.467324,0.467324
Decision Tree,1.087000,2.182676,-1.095676,1.095676
Decision Tree,0.467000,0.869319,-0.402319,0.402319
Decision Tree,1.875000,2.375496,-0.500496,0.500496
Decision Tree,0.616000,0.869319,-0.253319,0.253319
Decision Tree,3.430000,3.344307,0.085693,0.085693
Decision Tree,1.660000,1.642797,0.017203,0.017203
Decision Tree,5.000010,1.642797,3.357213,3.357213
Decision Tree,1.375000,1.642797,-0.267797,0.267797
Decision Tree,0.906000,1.168573,-0.262573,0.262573
Decision Tree,0.770000,1.271581,-0.501581,0.501581
Decision Tree,1.481000,1.642797,-0.161797,0.161797
Decision Tree,0.916000,1.560000,-0.644000,0.644000
Decision Tree,1.509000,1.642797,-0.133797,0.133797
Decision Tree,1.551000,1.271581,0.279419,0.279419
Decision Tree,0.892000,1.271581,-0.379581,0.379581
Decision Tree,2.154000,1.680068,0.473932,0.473932
Decision Tree,0.551000,0.869319,-0.318319,0.318319
Decision Tree,1.974000,1.642797,0.331203,0.331203
Decision Tree,1.544000,2.330824,-0.786824,0.786824
Decision Tree,1.417000,2.330824,-0.913824,0.913824
Decision Tree,0.984000,1.271581,-0.287581,0.287581
Decision Tree,1.526000,2.337900,-0.811900,0.811900
Decision Tree,1.096000,1.164596,-0.068596,0.068596
Decision Tree,1.713000,1.271581,0.441419,0.441419
Decision Tree,1.041000,1.271581,-0.230581,0.230581
Decision Tree,1.539000,1.642797,-0.103797,0.103797
Decision Tree,2.700000,3.199582,-0.499582,0.499582
Decision Tree,2.865000,2.768576,0.096424,0.096424
Decision Tree,3.350000,2.337900,1.012100,1.012100
Decision Tree,1.377000,1.164596,0.212404,0.212404
Decision Tree,2.320000,1.642797,0.677203,0.677203
Decision Tree,3.938000,2.337900,1.600100,1.600100
Decision Tree,0.703000,1.168573,-0.465573,0.465573
Decision Tree,1.417000,1.774529,-0.357529,0.357529
Decision Tree,1.563000,1.680068,-0.117068,0.117068
Decision Tree,4.500000,1.800527,2.699473,2.699473
Decision Tree,1.998000,2.375496,-0.377496,0.377496
Decision Tree,0.953000,1.271581,-0.318581,0.318581
Decision Tree,0.869000,1.642797,-0.773797,0.773797
Decision Tree,1.875000,1.680068,0.194932,0.194932
Decision Tree,2.218000,1.920621,0.297379,0.297379
Decision Tree,0.588000,1.774529,-1.186529,1.186529
Decision Tree,1.344000,1.168573,0.175427,0.175427
Decision Tree,2.386000,2.624530,-0.238530,0.238530
Decision Tree,1.609000,1.642797,-0.033797,0.033797
Decision Tree,1.364000,3.605746,-2.241746,2.241746
Decision Tree,1.440000,1.642797,-0.202797,0.202797
Decision Tree,1.593000,2.337900,-0.744900,0.744900
Decision Tree,1.553000,1.271581,0.281419,0.281419
Decision Tree,1.426000,1.560000,-0.134000,0.134000
Decision Tree,1.207000,1.642797,-0.435797,0.435797
Decision Tree,1.262000,1.642797,-0.380797,0.380797
Decision Tree,2.134000,1.920621,0.213379,0.213379
Decision Tree,1.169000,2.337900,-1.168900,1.168900
Decision Tree,1.858000,1.642797,0.215203,0.215203
Decision Tree,3.560000,3.972031,-0.412031,0.412031
Decision Tree,1.500000,1.800527,-0.300527,0.300527
Decision Tree,0.889000,1.271581,-0.382581,0.382581
Decision Tree,2.591000,1.168573,1.422427,1.422427
Decision Tree,5.000010,3.972031,1.027979,1.027979
Decision Tree,1.276000,1.642797,-0.366797,0.366797
Decision Tree,0.699000,0.869319,-0.170319,0.170319
Decision Tree,1.370000,1.642797,-0.272797,0.272797
Decision Tree,2.737000,1.642797,1.094203,1.094203
Decision Tree,0.920000,1.271581,-0.351581,0.351581
Decision Tree,1.183000,1.680068,-0.497068,0.497068
Decision Tree,4.108000,4.860651,-0.752651,0.752651
Decision Tree,1.005000,1.642797,-0.637797,0.637797
Decision Tree,4.929000,3.199582,1.729418,1.729418
Decision Tree,1.185000,1.642797,-0.457797,0.457797
Decision Tree,1.135000,1.642797,-0.507797,0.507797
Decision Tree,0.899000,3.199582,-2.300582,2.300582
Decision Tree,5.000010,4.471430,0.528580,0.528580
Decision Tree,5.000010,4.860651,0.139359,0.139359
Decision Tree,1.463000,3.199582,-1.736582,1.736582
Decision Tree,1.135000,1.164596,-0.029596,0.029596
Decision Tree,2.750000,2.182676,0.567324,0.567324
Decision Tree,1.025000,1.164596,-0.139596,0.139596
Decision Tree,1.471000,1.920621,-0.449621,0.449621
Decision Tree,2.250000,2.375496,-0.125496,0.125496
Decision Tree,1.394000,1.920621,-0.526621,0.526621
Decision Tree,1.758000,1.642797,0.115203,0.115203
Decision Tree,0.570000,1.271581,-0.701581,0.701581
Decision Tree,2.696000,1.642797,1.053203,1.053203
Decision Tree,2.729000,2.768576,-0.039576,0.039576
Decision Tree,0.762000,1.642797,-0.880797,0.880797
Decision Tree,4.841000,4.860651,-0.019651,0.019651
Decision Tree,1.806000,1.680068,0.125932,0.125932
Decision Tree,2.380000,2.337900,0.042100,0.042100
Decision Tree,1.375000,1.168573,0.206427,0.206427
Decision Tree,1.863000,2.337900,-0.474900,0.474900
Decision Tree,1.929000,2.337900,-0.408900,0.408900
Decision Tree,0.845000,0.869319,-0.024319,0.024319
Decision Tree,1.076000,1.642797,-0.566797,0.566797
Decision Tree,0.555000,1.168573,-0.613573,0.613573
Decision Tree,2.653000,1.642797,1.010203,1.010203
Decision Tree,3.883000,3.605746,0.277254,0.277254
Decision Tree,4.827000,3.605746,1.221254,1.221254
Decision Tree,1.981000,2.204763,-0.223763,0.223763
Decision Tree,0.927000,0.869319,0.057681,0.057681
Decision Tree,3.462000,3.605746,-0.143746,0.143746
Decision Tree,0.388000,0.869319,-0.481319,0.481319
Decision Tree,0.567000,0.869319,-0.302319,0.302319
Decision Tree,1.237000,1.920621,-0.683621,0.683621
Decision Tree,0.938000,1.168573,-0.230573,0.230573
Decision Tree,0.932000,1.774529,-0.842529,0.842529
Decision Tree,0.440000,1.164596,-0.724596,0.724596
Decision Tree,0.692000,1.642797,-0.950797,0.950797
Decision Tree,3.018000,2.204763,0.813237,0.813237
Decision Tree,2.542000,1.680068,0.861932,0.861932
Decision Tree,2.098000,3.605746,-1.507746,1.507746
Decision Tree,1.845000,1.920621,-0.075621,0.075621
Decision Tree,0.734000,0.869319,-0.135319,0.135319
Decision Tree,3.390000,3.344307,0.045693,0.045693
Decision Tree,0.931000,1.642797,-0.711797,0.711797
Decision Tree,2.023000,2.204763,-0.181763,0.181763
Decision Tree,1.333000,1.642797,-0.309797,0.309797
Decision Tree,2.707000,2.768576,-0.061576,0.061576
Decision Tree,2.402000,2.768576,-0.366576,0.366576
Decision Tree,1.393000,2.330824,-0.937824,0.937824
Decision Tree,0.570000,0.869319,-0.299319,0.299319
Decision Tree,1.707000,1.642797,0.064203,0.064203
Decision Tree,1.192000,1.168573,0.023427,0.023427
Decision Tree,1.773000,1.642797,0.130203,0.130203
Decision Tree,2.896000,2.337900,0.558100,0.558100
Decision Tree,2.976000,3.605746,-0.629746,0.629746
Decision Tree,1.099000,1.642797,-0.543797,0.543797
Decision Tree,1.475000,2.375496,-0.900496,0.900496
Decision Tree,0.787000,0.869319,-0.082319,0.082319
Decision Tree,1.603000,1.642797,-0.039797,0.039797
Decision Tree,0.777000,1.271581,-0.494581,0.494581
Decision Tree,4.735000,4.778789,-0.043789,0.043789
Decision Tree,5.000010,4.860651,0.139359,0.139359
Decision Tree,1.331000,1.642797,-0.311797,0.311797
Decision Tree,0.935000,1.271581,-0.336581,0.336581
Decision Tree,2.801000,2.375496,0.425504,0.425504
Decision Tree,2.567000,2.337900,0.229100,0.229100
Decision Tree,2.880000,2.768576,0.111424,0.111424
Decision Tree,1.611000,2.375496,-0.764496,0.764496
Decision Tree,1.370000,2.337900,-0.967900,0.967900
Decision Tree,0.620000,0.869319,-0.249319,0.249319
Decision Tree,4.438000,4.471430,-0.033430,0.033430
Decision Tree,0.683000,1.164596,-0.481596,0.481596
Decision Tree,2.621000,2.768576,-0.147576,0.147576
Decision Tree,1.094000,0.869319,0.224681,0.224681
Decision Tree,4.093000,3.311513,0.781487,0.781487
Decision Tree,1.752000,1.642797,0.109203,0.109203
Decision Tree,1.477000,1.680068,-0.203068,0.203068
Decision Tree,2.875000,1.164596,1.710404,1.710404
Decision Tree,0.932000,1.680068,-0.748068,0.748068
Decision Tree,0.938000,1.642797,-0.704797,0.704797
Decision Tree,1.724000,1.271581,0.452419,0.452419
Decision Tree,3.186000,2.337900,0.848100,0.848100
Decision Tree,1.852000,1.800527,0.051473,0.051473
Decision Tree,0.652000,0.869319,-0.217319,0.217319
Decision Tree,1.797000,1.642797,0.154203,0.154203
Decision Tree,1.592000,1.680068,-0.088068,0.088068
Decision Tree,1.519000,1.680068,-0.161068,0.161068
Decision Tree,0.717000,1.560000,-0.843000,0.843000
Decision Tree,2.452000,1.642797,0.809203,0.809203
Decision Tree,2.283000,2.375496,-0.092496,0.092496
Decision Tree,1.964000,1.168573,0.795427,0.795427
Decision Tree,1.924000,1.642797,0.281203,0.281203
Decision Tree,0.659000,0.869319,-0.210319,0.210319
Decision Tree,2.823000,2.330824,0.492176,0.492176
Decision Tree,1.853000,1.642797,0.210203,0.210203
Decision Tree,0.886000,1.164596,-0.278596,0.278596
Decision Tree,0.675000,0.869319,-0.194319,0.194319
Decision Tree,1.434000,0.869319,0.564681,0.564681
Decision Tree,1.194000,0.869319,0.324681,0.324681
Decision Tree,2.158000,3.605746,-1.447746,1.447746
Decision Tree,2.574000,2.768576,-0.194576,0.194576
Decision Tree,3.734000,2.337900,1.396100,1.396100
Decision Tree,1.523000,1.680068,-0.157068,0.157068
Decision Tree,2.457000,2.204763,0.252237,0.252237
Decision Tree,0.800000,1.271581,-0.471581,0.471581
Decision Tree,1.372000,1.168573,0.203427,0.203427
Decision Tree,2.669000,2.768576,-0.099576,0.099576
Decision Tree,3.953000,3.605746,0.347254,0.347254
Decision Tree,2.221000,2.204763,0.016237,0.016237
Decision Tree,5.000010,2.375496,2.624514,2.624514
Decision Tree,5.000010,3.605746,1.394264,1.394264
Decision Tree,2.329000,1.920621,0.408379,0.408379
Decision Tree,2.597000,2.337900,0.259100,0.259100
Decision Tree,2.157000,1.271581,0.885419,0.885419
Decision Tree,2.432000,2.204763,0.227237,0.227237
Decision Tree,2.214000,1.920621,0.293379,0.293379
Decision Tree,1.125000,1.800527,-0.675527,0.675527
Decision Tree,3.885000,2.375496,1.509504,1.509504
Decision Tree,4.100000,3.199582,0.900418,0.900418
Decision Tree,1.630000,1.920621,-0.290621,0.290621
Decision Tree,5.000000,3.199582,1.800418,1.800418
Decision Tree,2.313000,1.271581,1.041419,1.041419
Decision Tree,0.761000,2.182676,-1.421676,1.421676
Decision Tree,4.586000,1.642797,2.943203,2.943203
Decision Tree,3.663000,3.649593,0.013407,0.013407
Decision Tree,2.968000,2.182676,0.785324,0.785324
Decision Tree,0.586000,1.168573,-0.582573,0.582573
Decision Tree,0.848000,1.164596,-0.316596,0.316596
Decision Tree,1.173000,1.642797,-0.469797,0.469797
Decision Tree,1.266000,1.642797,-0.376797,0.376797
Decision Tree,1.708000,1.642797,0.065203,0.065203
Decision Tree,1.493000,3.199582,-1.706582,1.706582
Decision Tree,1.190000,1.271581,-0.081581,0.081581
Decision Tree,3.750000,2.182676,1.567324,1.567324
Decision Tree,2.849000,2.768576,0.080424,0.080424
Decision Tree,1.701000,1.920621,-0.219621,0.219621
Decision Tree,5.000010,3.199582,1.800428,1.800428
Decision Tree,0.987000,1.800527,-0.813527,0.813527
Decision Tree,0.608000,1.164596,-0.556596,0.556596
Decision Tree,1.428000,1.168573,0.259427,0.259427
Decision Tree,2.239000,1.642797,0.596203,0.596203
Decision Tree,1.375000,1.774529,-0.399529,0.399529
Decision Tree,2.978000,2.337900,0.640100,0.640100
Decision Tree,1.127000,1.642797,-0.515797,0.515797
Decision Tree,1.133000,0.869319,0.263681,0.263681
Decision Tree,1.214000,1.920621,-0.706621,0.706621
Decision Tree,2.484000,2.768576,-0.284576,0.284576
Decision Tree,4.078000,3.344307,0.733693,0.733693
Decision Tree,3.566000,2.768576,0.797424,0.797424
Decision Tree,1.063000,1.680068,-0.617068,0.617068
Decision Tree,1.214000,1.642797,-0.428797,0.428797
Decision Tree,2.409000,2.269385,0.139615,0.139615
Decision Tree,2.471000,1.642797,0.828203,0.828203
Decision Tree,1.379000,1.642797,-0.263797,0.263797
Decision Tree,0.863000,0.869319,-0.006319,0.006319
Decision Tree,5.000010,3.605746,1.394264,1.394264
Decision Tree,2.163000,1.920621,0.242379,0.242379
Decision Tree,3.056000,3.311513,-0.255513,0.255513
Decision Tree,1.583000,1.642797,-0.059797,0.059797
Decision Tree,4.521000,3.199582,1.321418,1.321418
Decision Tree,0.950000,1.774529,-0.824529,0.824529
Decision Tree,1.057000,0.869319,0.187681,0.187681
Decision Tree,0.846000,1.271581,-0.425581,0.425581
Decision Tree,2.401000,1.920621,0.480379,0.480379
Decision Tree,1.625000,1.642797,-0.017797,0.017797
Decision Tree,0.966000,1.680068,-0.714068,0.714068
Decision Tree,0.922000,1.164596,-0.242596,0.242596
Decision Tree,2.282000,1.920621,0.361379,0.361379
Decision Tree,1.137000,1.642797,-0.505797,0.505797
Decision Tree,0.690000,0.869319,-0.179319,0.179319
Decision Tree,5.000010,3.605746,1.394264,1.394264
Decision Tree,2.250000,1.680068,0.569932,0.569932
Decision Tree,1.740000,1.642797,0.097203,0.097203
Decision Tree,5.000010,4.705653,0.294357,0.294357
Decision Tree,2.530000,3.605746,-1.075746,1.075746
Decision Tree,2.776000,3.972031,-1.196031,1.196031
Decision Tree,2.852000,2.768576,0.083424,0.083424
Decision Tree,0.903000,0.869319,0.033681,0.033681
Decision Tree,1.899000,1.800527,0.098473,0.098473
Decision Tree,3.166000,2.682372,0.483628,0.483628
Decision Tree,3.019000,2.768576,0.250424,0.250424
Decision Tree,0.931000,1.271581,-0.340581,0.340581
Decision Tree,0.942000,1.168573,-0.226573,0.226573
Decision Tree,2.138000,2.337900,-0.199900,0.199900
Decision Tree,1.875000,1.642797,0.232203,0.232203
Decision Tree,5.000010,3.199582,1.800428,1.800428
Decision Tree,3.257000,3.199582,0.057418,0.057418
Decision Tree,3.000000,3.199582,-0.199582,0.199582
Decision Tree,1.439000,1.560000,-0.121000,0.121000
Decision Tree,5.000010,4.778789,0.221221,0.221221
Decision Tree,2.641000,2.768576,-0.127576,0.127576
Decision Tree,0.623000,1.642797,-1.019797,1.019797
Decision Tree,1.388000,1.800527,-0.412527,0.412527
Decision Tree,1.054000,1.271581,-0.217581,0.217581
Decision Tree,0.635000,1.168573,-0.533573,0.533573
Decision Tree,5.000010,1.920621,3.079389,3.079389
Decision Tree,0.978000,0.869319,0.108681,0.108681
Decision Tree,1.274000,1.920621,-0.646621,0.646621
Decision Tree,1.353000,1.271581,0.081419,0.081419
Decision Tree,1.561000,1.680068,-0.119068,0.119068
Decision Tree,4.468000,4.471430,-0.003430,0.003430
Decision Tree,0.650000,0.869319,-0.219319,0.219319
Decision Tree,1.518000,1.680068,-0.162068,0.162068
Decision Tree,1.922000,3.199582,-1.277582,1.277582
Decision Tree,1.531000,1.680068,-0.149068,0.149068
Decision Tree,1.658000,3.199582,-1.541582,1.541582
Decision Tree,2.542000,3.199582,-0.657582,0.657582
Decision Tree,2.342000,2.375496,-0.033496,0.033496
Decision Tree,1.125000,1.168573,-0.043573,0.043573
Decision Tree,1.187000,1.800527,-0.613527,0.613527
Decision Tree,2.409000,2.330824,0.078176,0.078176
Decision Tree,2.833000,3.605746,-0.772746,0.772746
Decision Tree,4.500000,0.869319,3.630681,3.630681
Decision Tree,0.521000,0.869319,-0.348319,0.348319
Decision Tree,0.559000,0.869319,-0.310319,0.310319
Decision Tree,0.881000,0.869319,0.011681,0.011681
Decision Tree,2.489000,1.920621,0.568379,0.568379
Decision Tree,0.686000,2.182676,-1.496676,1.496676
Decision Tree,1.563000,1.680068,-0.117068,0.117068
Decision Tree,2.727000,3.199582,-0.472582,0.472582
Decision Tree,3.404000,3.199582,0.204418,0.204418
Decision Tree,2.188000,1.800527,0.387473,0.387473
Decision Tree,0.701000,1.271581,-0.570581,0.570581
Decision Tree,5.000010,3.605746,1.394264,1.394264
Decision Tree,1.625000,1.560000,0.065000,0.065000
Decision Tree,1.118000,1.642797,-0.524797,0.524797
Decision Tree,1.102000,1.800527,-0.698527,0.698527
Decision Tree,0.742000,0.869319,-0.127319,0.127319
Decision Tree,1.032000,1.164596,-0.132596,0.132596
Decision Tree,1.721000,1.642797,0.078203,0.078203
Decision Tree,1.320000,1.642797,-0.322797,0.322797
Decision Tree,1.663000,1.642797,0.020203,0.020203
Decision Tree,1.073000,1.642797,-0.569797,0.569797
Decision Tree,1.079000,1.164596,-0.085596,0.085596
Decision Tree,0.946000,1.774529,-0.828529,0.828529
Decision Tree,0.661000,1.271581,-0.610581,0.610581
Decision Tree,1.582000,1.642797,-0.060797,0.060797
Decision Tree,0.958000,0.869319,0.088681,0.088681
Decision Tree,1.170000,1.642797,-0.472797,0.472797
Decision Tree,1.709000,1.642797,0.066203,0.066203
Decision Tree,0.929000,1.680068,-0.751068,0.751068
Decision Tree,1.625000,1.680068,-0.055068,0.055068
Decision Tree,1.938000,1.271581,0.666419,0.666419
Decision Tree,1.346000,1.164596,0.181404,0.181404
Decision Tree,1.231000,1.168573,0.062427,0.062427
Decision Tree,1.157000,1.642797,-0.485797,0.485797
Decision Tree,0.835000,1.271581,-0.436581,0.436581
Decision Tree,0.622000,0.869319,-0.247319,0.247319
Decision Tree,0.744000,1.271581,-0.527581,0.527581
Decision Tree,1.801000,1.642797,0.158203,0.158203
Decision Tree,1.958000,2.624530,-0.666530,0.666530
Decision Tree,5.000010,4.860651,0.139359,0.139359
Decision Tree,1.443000,1.642797,-0.199797,0.199797
Decision Tree,1.254000,1.271581,-0.017581,0.017581
Decision Tree,0.808000,1.642797,-0.834797,0.834797
Decision Tree,0.659000,1.271581,-0.612581,0.612581
Decision Tree,1.579000,2.182676,-0.603676,0.603676
Decision Tree,5.000010,3.199582,1.800428,1.800428
Decision Tree,1.808000,2.330824,-0.522824,0.522824
Decision Tree,2.362000,2.337900,0.024100,0.024100
Decision Tree,1.030000,1.164596,-0.134596,0.134596
Decision Tree,2.169000,1.642797,0.526203,0.526203
Decision Tree,3.833000,2.330824,1.502176,1.502176
Decision Tree,5.000010,2.330824,2.669186,2.669186
Decision Tree,0.835000,1.271581,-0.436581,0.436581
Decision Tree,2.144000,1.642797,0.501203,0.501203
Decision Tree,1.000000,1.642797,-0.642797,0.642797
Decision Tree,0.788000,0.869319,-0.081319,0.081319
Decision Tree,0.976000,1.642797,-0.666797,0.666797
Decision Tree,1.784000,1.642797,0.141203,0.141203
Decision Tree,2.871000,2.768576,0.102424,0.102424
Decision Tree,2.701000,3.649593,-0.948593,0.948593
Decision Tree,1.855000,2.204763,-0.349763,0.349763
Decision Tree,0.906000,2.337900,-1.431900,1.431900
Decision Tree,2.136000,1.774529,0.361471,0.361471
Decision Tree,1.243000,1.271581,-0.028581,0.028581
Decision Tree,2.050000,1.168573,0.881427,0.881427
Decision Tree,2.567000,3.199582,-0.632582,0.632582
Decision Tree,3.927000,4.471430,-0.544430,0.544430
Decision Tree,1.333000,1.164596,0.168404,0.168404
Decision Tree,1.871000,2.337900,-0.466900,0.466900
Decision Tree,2.554000,3.344307,-0.790307,0.790307
Decision Tree,3.474000,2.337900,1.136100,1.136100
Decision Tree,1.717000,2.337900,-0.620900,0.620900
Decision Tree,1.125000,1.774529,-0.649529,0.649529
Decision Tree,0.826000,1.271581,-0.445581,0.445581
Decision Tree,0.486000,1.168573,-0.682573,0.682573
Decision Tree,1.341000,2.375496,-1.034496,1.034496
Decision Tree,2.258000,1.642797,0.615203,0.615203
Decision Tree,5.000010,4.778789,0.221221,0.221221
Decision Tree,4.700000,3.199582,1.500418,1.500418
Decision Tree,2.258000,1.920621,0.337379,0.337379
Decision Tree,1.580000,1.168573,0.411427,0.411427
Decision Tree,1.171000,1.800527,-0.629527,0.629527
Decision Tree,4.163000,3.972031,0.190969,0.190969
Decision Tree,1.208000,1.271581,-0.063581,0.063581
Decision Tree,2.263000,2.337900,-0.074900,0.074900
Decision Tree,1.222000,1.642797,-0.420797,0.420797
Decision Tree,1.000000,1.168573,-0.168573,0.168573
Decision Tree,2.295000,1.680068,0.614932,0.614932
Decision Tree,1.958000,0.869319,1.088681,1.088681
Decision Tree,0.850000,0.869319,-0.019319,0.019319
Decision Tree,2.647000,1.800527,0.846473,0.846473
Decision Tree,4.555000,3.972031,0.582969,0.582969
Decision Tree,1.760000,1.680068,0.079932,0.079932
Decision Tree,0.811000,0.869319,-0.058319,0.058319
Decision Tree,1.664000,1.560000,0.104000,0.104000
Decision Tree,0.826000,1.642797,-0.816797,0.816797
Decision Tree,2.722000,2.330824,0.391176,0.391176
Decision Tree,2.711000,3.199582,-0.488582,0.488582
Decision Tree,2.394000,2.375496,0.018504,0.018504
Decision Tree,1.718000,1.920621,-0.202621,0.202621
Decision Tree,1.218000,0.869319,0.348681,0.348681
Decision Tree,1.736000,1.800527,-0.064527,0.064527
Decision Tree,2.393000,3.199582,-0.806582,0.806582
Decision Tree,0.588000,1.271581,-0.683581,0.683581
Decision Tree,2.875000,3.199582,-0.324582,0.324582
Decision Tree,0.707000,1.271581,-0.564581,0.564581
Decision Tree,1.817000,1.680068,0.136932,0.136932
Decision Tree,1.137000,1.271581,-0.134581,0.134581
Decision Tree,2.241000,2.337900,-0.096900,0.096900
Decision Tree,3.513000,3.972031,-0.459031,0.459031
Decision Tree,3.013000,2.624530,0.388470,0.388470
Decision Tree,0.807000,2.182676,-1.375676,1.375676
Decision Tree,1.526000,1.920621,-0.394621,0.394621
Decision Tree,2.374000,2.204763,0.169237,0.169237
Decision Tree,1.794000,1.920621,-0.126621,0.126621
Decision Tree,5.000010,4.860651,0.139359,0.139359
Decision Tree,1.702000,1.920621,-0.218621,0.218621
Decision Tree,1.653000,1.642797,0.010203,0.010203
Decision Tree,2.259000,2.375496,-0.116496,0.116496
Decision Tree,1.597000,1.168573,0.428427,0.428427
Decision Tree,3.635000,3.605746,0.029254,0.029254
Decision Tree,1.321000,1.642797,-0.321797,0.321797
Decision Tree,3.768000,3.199582,0.568418,0.568418
Decision Tree,0.969000,0.869319,0.099681,0.099681
Decision Tree,3.162000,3.199582,-0.037582,0.037582
Decision Tree,3.238000,2.182676,1.055324,1.055324
Decision Tree,3.875000,2.375496,1.499504,1.499504
Decision Tree,1.491000,1.271581,0.219419,0.219419
Decision Tree,5.000010,4.860651,0.139359,0.139359
Decision Tree,2.250000,1.774529,0.475471,0.475471
Decision Tree,1.788000,1.642797,0.145203,0.145203
Decision Tree,0.875000,0.869319,0.005681,0.005681
Decision Tree,1.301000,1.920621,-0.619621,0.619621
Decision Tree,5.000010,4.471430,0.528580,0.528580
Decision Tree,3.490000,2.768576,0.721424,0.721424
Decision Tree,0.730000,1.271581,-0.541581,0.541581
Decision Tree,2.447000,1.642797,0.804203,0.804203
Decision Tree,2.754000,2.337900,0.416100,0.416100
Decision Tree,2.462000,2.182676,0.279324,0.279324
Decision Tree,2.362000,1.642797,0.719203,0.719203
Decision Tree,2.322000,3.199582,-0.877582,0.877582
Decision Tree,0.533000,1.271581,-0.738581,0.738581
Decision Tree,1.631000,1.168573,0.462427,0.462427
Decision Tree,0.724000,1.164596,-0.440596,0.440596
Decision Tree,2.345000,1.642797,0.702203,0.702203
Decision Tree,1.500000,1.642797,-0.142797,0.142797
Decision Tree,1.161000,1.168573,-0.007573,0.007573
Decision Tree,1.813000,2.330824,-0.517824,0.517824
Decision Tree,1.210000,1.680068,-0.470068,0.470068
Decision Tree,0.887000,0.869319,0.017681,0.017681
Decision Tree,1.825000,1.920621,-0.095621,0.095621
Decision Tree,1.974000,2.337900,-0.363900,0.363900
Decision Tree,1.281000,1.680068,-0.399068,0.399068
Decision Tree,0.765000,1.271581,-0.506581,0.506581
Decision Tree,3.000000,2.768576,0.231424,0.231424
Decision Tree,5.000010,4.860651,0.139359,0.139359
Decision Tree,1.603000,1.642797,-0.039797,0.039797
Decision Tree,3.356000,3.649593,-0.293593,0.293593
Decision Tree,1.576000,1.164596,0.411404,0.411404
Decision Tree,1.906000,2.269385,-0.363385,0.363385
Decision Tree,1.808000,2.375496,-0.567496,0.567496
Decision Tree,1.042000,0.869319,0.172681,0.172681
Decision Tree,1.118000,1.642797,-0.524797,0.524797
Decision Tree,1.941000,1.642797,0.298203,0.298203
Decision Tree,2.538000,3.199582,-0.661582,0.661582
Decision Tree,1.295000,2.624530,-1.329530,1.329530
Decision Tree,1.176000,1.800527,-0.624527,0.624527
Decision Tree,3.398000,3.605746,-0.207746,0.207746
Decision Tree,3.429000,3.199582,0.229418,0.229418
Decision Tree,1.955000,1.642797,0.312203,0.312203
Decision Tree,0.838000,1.168573,-0.330573,0.330573
Decision Tree,0.942000,1.271581,-0.329581,0.329581
Decision Tree,1.406000,1.271581,0.134419,0.134419
Decision Tree,1.609000,2.375496,-0.766496,0.766496
Decision Tree,1.693000,1.680068,0.012932,0.012932
Decision Tree,2.759000,2.624530,0.134470,0.134470
Decision Tree,1.462000,1.774529,-0.312529,0.312529
Decision Tree,2.023000,1.774529,0.248471,0.248471
Decision Tree,1.540000,1.271581,0.268419,0.268419
Decision Tree,1.355000,1.920621,-0.565621,0.565621
Decision Tree,2.359000,1.642797,0.716203,0.716203
Decision Tree,1.288000,1.271581,0.016419,0.016419
Decision Tree,2.496000,1.642797,0.853203,0.853203
Decision Tree,3.000000,2.375496,0.624504,0.624504
Decision Tree,1.341000,2.624530,-1.283530,1.283530
Decision Tree,3.086000,3.199582,-0.113582,0.113582
Decision Tree,3.500000,2.337900,1.162100,1.162100
Decision Tree,1.108000,1.642797,-0.534797,0.534797
Decision Tree,1.908000,2.330824,-0.422824,0.422824
Decision Tree,1.088000,1.164596,-0.076596,0.076596
Decision Tree,1.444000,2.337900,-0.893900,0.893900
Decision Tree,1.629000,1.271581,0.357419,0.357419
Decision Tree,1.639000,1.920621,-0.281621,0.281621
Decision Tree,0.980000,1.164596,-0.184596,0.184596
Decision Tree,1.327000,1.680068,-0.353068,0.353068
Decision Tree,2.831000,1.920621,0.910379,0.910379
Decision Tree,4.072000,2.337900,1.734100,1.734100
Decision Tree,2.482000,2.768576,-0.286576,0.286576
Decision Tree,0.645000,1.271581,-0.626581,0.626581
Decision Tree,5.000010,3.199582,1.800428,1.800428
Decision Tree,1.944000,2.375496,-0.431496,0.431496
Decision Tree,1.375000,1.168573,0.206427,0.206427
Decision Tree,1.273000,1.271581,0.001419,0.001419
Decision Tree,0.853000,1.271581,-0.418581,0.418581
Decision Tree,1.949000,1.680068,0.268932,0.268932
Decision Tree,2.211000,1.800527,0.410473,0.410473
Decision Tree,1.922000,1.920621,0.001379,0.001379
Decision Tree,4.045000,3.199582,0.845418,0.845418
Decision Tree,0.735000,0.869319,-0.134319,0.134319
Decision Tree,2.337000,1.642797,0.694203,0.694203
Decision Tree,1.188000,1.164596,0.023404,0.023404
Decision Tree,0.700000,1.168573,-0.468573,0.468573
Decision Tree,1.828000,1.920621,-0.092621,0.092621
Decision Tree,5.000010,4.860651,0.139359,0.139359
Decision Tree,1.577000,3.199582,-1.622582,1.622582
Decision Tree,2.479000,3.344307,-0.865307,0.865307
Decision Tree,5.000010,3.972031,1.027979,1.027979
Decision Tree,3.579000,2.337900,1.241100,1.241100
Decision Tree,0.569000,1.168573,-0.599573,0.599573
Decision Tree,3.024000,3.649593,-0.625593,0.625593
Decision Tree,1.254000,1.920621,-0.666621,0.666621
Decision Tree,3.864000,2.337900,1.526100,1.526100
Decision Tree,1.756000,1.920621,-0.164621,0.164621
Decision Tree,1.105000,1.642797,-0.537797,0.537797
Decision Tree,3.867000,4.471430,-0.604430,0.604430
Decision Tree,1.375000,2.337900,-0.962900,0.962900
Decision Tree,2.287000,2.204763,0.082237,0.082237
Decision Tree,1.494000,1.680068,-0.186068,0.186068
Decision Tree,0.737000,1.271581,-0.534581,0.534581
Decision Tree,5.000010,3.199582,1.800428,1.800428
Decision Tree,1.321000,1.800527,-0.479527,0.479527
Decision Tree,0.865000,1.642797,-0.777797,0.777797
Decision Tree,4.179000,3.199582,0.979418,0.979418
Decision Tree,1.726000,1.642797,0.083203,0.083203
Decision Tree,0.997000,0.869319,0.127681,0.127681
Decision Tree,0.725000,1.800527,-1.075527,1.075527
Decision Tree,1.808000,2.204763,-0.396763,0.396763
Decision Tree,3.084000,2.337900,0.746100,0.746100
Decision Tree,2.883000,2.375496,0.507504,0.507504
Decision Tree,3.022000,3.199582,-0.177582,0.177582
Decision Tree,2.888000,4.471430,-1.583430,1.583430
Decision Tree,1.000000,0.869319,0.130681,0.130681
Decision Tree,2.330000,1.680068,0.649932,0.649932
Decision Tree,1.369000,1.920621,-0.551621,0.551621
Decision Tree,2.094000,2.375496,-0.281496,0.281496
Decision Tree,2.466000,2.337900,0.128100,0.128100
Decision Tree,0.652000,0.869319,-0.217319,0.217319
Decision Tree,4.912000,2.375496,2.536504,2.536504
Decision Tree,3.567000,2.768576,0.798424,0.798424
Decision Tree,1.643000,1.642797,0.000203,0.000203
Decision Tree,0.882000,1.271581,-0.389581,0.389581
Decision Tree,1.559000,1.642797,-0.083797,0.083797
Decision Tree,1.917000,1.920621,-0.003621,0.003621
Decision Tree,0.844000,1.642797,-0.798797,0.798797
Decision Tree,1.901000,1.920621,-0.019621,0.019621
Decision Tree,1.125000,1.271581,-0.146581,0.146581
Decision Tree,1.152000,1.642797,-0.490797,0.490797
Decision Tree,1.746000,1.920621,-0.174621,0.174621
Decision Tree,1.135000,1.271581,-0.136581,0.136581
Decision Tree,1.524000,1.642797,-0.118797,0.118797
Decision Tree,2.503000,2.768576,-0.265576,0.265576
Decision Tree,1.837000,1.642797,0.194203,0.194203
Decision Tree,5.000010,1.642797,3.357213,3.357213
Decision Tree,3.109000,2.624530,0.484470,0.484470
Decision Tree,2.306000,3.199582,-0.893582,0.893582
Decision Tree,0.685000,1.168573,-0.483573,0.483573
Decision Tree,2.674000,3.199582,-0.525582,0.525582
Decision Tree,1.453000,1.642797,-0.189797,0.189797
Decision Tree,2.820000,2.204763,0.615237,0.615237
Decision Tree,2.821000,2.182676,0.638324,0.638324
Decision Tree,1.898000,1.920621,-0.022621,0.022621
Decision Tree,2.544000,2.204763,0.339237,0.339237
Decision Tree,1.617000,1.271581,0.345419,0.345419
Decision Tree,1.888000,0.869319,1.018681,1.018681
Decision Tree,5.000010,3.605746,1.394264,1.394264
Decision Tree,0.944000,0.869319,0.074681,0.074681
Decision Tree,3.428000,1.920621,1.507379,1.507379
Decision Tree,1.915000,2.375496,-0.460496,0.460496
Decision Tree,2.096000,1.168573,0.927427,0.927427
Decision Tree,2.350000,1.920621,0.429379,0.429379
Decision Tree,2.314000,3.605746,-1.291746,1.291746
Decision Tree,1.302000,1.560000,-0.258000,0.258000
Decision Tree,2.082000,1.642797,0.439203,0.439203
Decision Tree,5.000010,4.860651,0.139359,0.139359
Decision Tree,1.686000,1.680068,0.005932,0.005932
Decision Tree,2.281000,1.800527,0.480473,0.480473
Decision Tree,1.269000,1.920621,-0.651621,0.651621
Decision Tree,1.355000,1.920621,-0.565621,0.565621
Decision Tree,1.567000,1.920621,-0.353621,0.353621
Decision Tree,2.086000,2.204763,-0.118763,0.118763
Decision Tree,4.367000,2.204763,2.162237,2.162237
Decision Tree,0.710000,1.168573,-0.458573,0.458573
Decision Tree,0.888000,0.869319,0.018681,0.018681
Decision Tree,3.416000,3.649593,-0.233593,0.233593
Decision Tree,1.202000,1.164596,0.037404,0.037404
Decision Tree,1.482000,1.774529,-0.292529,0.292529
Decision Tree,5.000010,3.344307,1.655703,1.655703
Decision Tree,3.750000,1.774529,1.975471,1.975471
Decision Tree,1.375000,1.168573,0.206427,0.206427
Decision Tree,0.648000,1.164596,-0.516596,0.516596
Decision Tree,2.318000,2.624530,-0.306530,0.306530
Decision Tree,1.607000,1.680068,-0.073068,0.073068
Decision Tree,2.510000,2.375496,0.134504,0.134504
Decision Tree,1.425000,1.920621,-0.495621,0.495621
Decision Tree,1.765000,2.624530,-0.859530,0.859530
Decision Tree,1.771000,2.375496,-0.604496,0.604496
Decision Tree,3.118000,3.605746,-0.487746,0.487746
Decision Tree,0.846000,1.642797,-0.796797,0.796797
Decision Tree,1.226000,1.271581,-0.045581,0.045581
Decision Tree,1.982000,1.920621,0.061379,0.061379
Decision Tree,5.000000,4.705653,0.294347,0.294347
Decision Tree,2.798000,3.344307,-0.546307,0.546307
Decision Tree,1.950000,1.920621,0.029379,0.029379
Decision Tree,2.028000,2.337900,-0.309900,0.309900
Decision Tree,3.541000,3.199582,0.341418,0.341418
Decision Tree,2.595000,2.768576,-0.173576,0.173576
Decision Tree,5.000010,2.337900,2.662110,2.662110
Decision Tree,2.724000,2.768576,-0.044576,0.044576
Decision Tree,1.839000,1.642797,0.196203,0.196203
Decision Tree,2.858000,1.642797,1.215203,1.215203
Decision Tree,2.250000,2.330824,-0.080824,0.080824
Decision Tree,2.926000,2.337900,0.588100,0.588100
Decision Tree,0.552000,0.869319,-0.317319,0.317319
Decision Tree,2.620000,1.642797,0.977203,0.977203
Decision Tree,1.589000,2.204763,-0.615763,0.615763
Decision Tree,1.721000,1.920621,-0.199621,0.199621
Decision Tree,1.917000,1.920621,-0.003621,0.003621
Decision Tree,2.250000,2.330824,-0.080824,0.080824
Decision Tree,1.083000,1.642797,-0.559797,0.559797
Decision Tree,1.136000,0.869319,0.266681,0.266681
Decision Tree,1.000000,1.271581,-0.271581,0.271581
Decision Tree,1.917000,1.164596,0.752404,0.752404
Decision Tree,1.172000,1.271581,-0.099581,0.099581
Decision Tree,1.106000,1.168573,-0.062573,0.062573
Decision Tree,0.802000,1.642797,-0.840797,0.840797
Decision Tree,0.981000,1.271581,-0.290581,0.290581
Decision Tree,2.538000,1.642797,0.895203,0.895203
Decision Tree,0.481000,0.869319,-0.388319,0.388319
Decision Tree,1.928000,2.337900,-0.409900,0.409900
Decision Tree,1.328000,1.164596,0.163404,0.163404
Decision Tree,1.963000,1.680068,0.282932,0.282932
Decision Tree,3.208000,2.375496,0.832504,0.832504
Decision Tree,3.194000,2.375496,0.818504,0.818504
Decision Tree,2.037000,2.337900,-0.300900,0.300900
Decision Tree,2.071000,1.920621,0.150379,0.150379
Decision Tree,0.799000,0.869319,-0.070319,0.070319
Decision Tree,5.000010,3.199582,1.800428,1.800428
Decision Tree,3.300000,1.642797,1.657203,1.657203
Decision Tree,1.390000,1.680068,-0.290068,0.290068
Decision Tree,1.875000,1.642797,0.232203,0.232203
Decision Tree,4.483000,3.344307,1.138693,1.138693
Decision Tree,1.763000,1.642797,0.120203,0.120203
Decision Tree,1.759000,1.164596,0.594404,0.594404
Decision Tree,1.042000,1.271581,-0.229581,0.229581
Decision Tree,1.622000,1.642797,-0.020797,0.020797
Decision Tree,1.668000,1.642797,0.025203,0.025203
Decision Tree,1.612000,1.680068,-0.068068,0.068068
Decision Tree,1.531000,1.680068,-0.149068,0.149068
Decision Tree,1.569000,1.164596,0.404404,0.404404
Decision Tree,1.581000,1.271581,0.309419,0.309419
Decision Tree,0.769000,0.869319,-0.100319,0.100319
Decision Tree,1.654000,1.680068,-0.026068,0.026068
Decision Tree,0.735000,2.182676,-1.447676,1.447676
Decision Tree,1.184000,2.375496,-1.191496,1.191496
Decision Tree,1.424000,1.642797,-0.218797,0.218797
Decision Tree,2.803000,2.768576,0.034424,0.034424
Decision Tree,1.072000,1.642797,-0.570797,0.570797
Decision Tree,1.833000,1.774529,0.058471,0.058471
Decision Tree,0.988000,0.869319,0.118681,0.118681
Decision Tree,2.345000,1.168573,1.176427,1.176427
Decision Tree,1.435000,1.642797,-0.207797,0.207797
Decision Tree,1.080000,1.680068,-0.600068,0.600068
Decision Tree,0.978000,0.869319,0.108681,0.108681
Decision Tree,0.705000,1.164596,-0.459596,0.459596
Decision Tree,2.259000,1.642797,0.616203,0.616203
Decision Tree,2.398000,1.642797,0.755203,0.755203
Decision Tree,1.364000,1.920621,-0.556621,0.556621
Decision Tree,1.806000,2.182676,-0.376676,0.376676
Decision Tree,2.396000,1.920621,0.475379,0.475379
Decision Tree,2.657000,2.204763,0.452237,0.452237
Decision Tree,2.042000,2.204763,-0.162763,0.162763
Decision Tree,1.225000,1.680068,-0.455068,0.455068
Decision Tree,2.040000,3.605746,-1.565746,1.565746
Decision Tree,1.953000,1.642797,0.310203,0.310203
Decision Tree,2.158000,1.642797,0.515203,0.515203
Decision Tree,5.000010,4.705653,0.294357,0.294357
Decision Tree,0.758000,0.869319,-0.111319,0.111319
Decision Tree,2.654000,2.682372,-0.028372,0.028372
Decision Tree,2.737000,3.605746,-0.868746,0.868746
Decision Tree,1.164000,1.164596,-0.000596,0.000596
Decision Tree,0.594000,0.869319,-0.275319,0.275319
Decision Tree,1.370000,0.869319,0.500681,0.500681
Decision Tree,1.192000,0.869319,0.322681,0.322681
Decision Tree,2.442000,2.624530,-0.182530,0.182530
Decision Tree,1.700000,1.680068,0.019932,0.019932
Decision Tree,2.803000,3.972031,-1.169031,1.169031
Decision Tree,2.850000,3.344307,-0.494307,0.494307
Decision Tree,1.026000,1.920621,-0.894621,0.894621
Decision Tree,1.205000,1.271581,-0.066581,0.066581
Decision Tree,3.616000,3.199582,0.416418,0.416418
Decision Tree,4.553000,4.778789,-0.225789,0.225789
Decision Tree,2.134000,2.337900,-0.203900,0.203900
Decision Tree,1.580000,1.920621,-0.340621,0.340621
Decision Tree,2.170000,1.642797,0.527203,0.527203
Decision Tree,0.637000,1.164596,-0.527596,0.527596
Decision Tree,2.443000,2.768576,-0.325576,0.325576
Decision Tree,1.511000,1.168573,0.342427,0.342427
Decision Tree,1.108000,1.271581,-0.163581,0.163581
Decision Tree,4.338000,4.778789,-0.440789,0.440789
Decision Tree,0.729000,0.869319,-0.140319,0.140319
Decision Tree,1.085000,1.642797,-0.557797,0.557797
Decision Tree,4.526000,4.778789,-0.252789,0.252789
Decision Tree,4.676000,4.860651,-0.184651,0.184651
Decision Tree,2.633000,1.920621,0.712379,0.712379
Decision Tree,2.668000,1.271581,1.396419,1.396419
Decision Tree,5.000010,4.860651,0.139359,0.139359
Decision Tree,0.723000,1.271581,-0.548581,0.548581
Decision Tree,1.515000,1.642797,-0.127797,0.127797
